pitch_mean,pitch_std,pitch_range,energy_mean,energy_std,speaking_rate,mfcc_1,mfcc_2,mfcc_3,mfcc_4,mfcc_5,mfcc_6,mfcc_7,mfcc_8,mfcc_9,mfcc_10,mfcc_11,mfcc_12,mfcc_13,emotion
102.87703,63.53572,226.00635,0.00232657,0.003231724,3.632717158912455,-694.2315,50.040554,0.5522665,14.5456295,3.4447615,-2.4693272,-3.988867,-10.599405,-7.2048903,1.9541297,-4.2952824,2.2685385,-5.363429,neutral
103.47605,67.35614,222.68932,0.0025044002,0.003449438,3.5963811414763893,-683.9196,49.147438,-1.7723215,19.475557,1.9769548,-0.55906355,-4.7360053,-12.186052,-5.4750223,2.4511197,-4.1994586,1.8152306,-5.2390347,neutral
111.4511,70.03748,242.03323,0.0028462077,0.004172237,2.4465299413215083,-678.07904,51.52771,-0.038086716,14.368165,0.83389103,-0.18541197,-6.124986,-10.725261,-7.61419,1.4321214,-3.8672495,2.2190194,-5.85153,neutral
96.39853,54.784725,214.88795,0.0026602722,0.004046586,2.2082889703852673,-674.43964,50.828194,1.7249596,14.461128,3.0742104,1.7510952,-7.570892,-11.271994,-7.13256,2.0016143,-2.7141168,0.93273896,-4.972868,neutral
108.90361,59.706055,222.93365,0.0017037225,0.0024023345,3.1100901219296695,-709.8828,56.29944,2.6625311,16.805483,3.5649443,-0.87476563,-5.6444244,-8.770026,-8.92341,2.0694683,-4.683158,1.2033601,-5.316927,calm
103.051796,49.089993,222.60394,0.0018082878,0.0024866087,1.9424884664747302,-695.86975,61.8713,-0.80428153,14.567588,4.735579,-2.691877,-7.006919,-8.064504,-8.452818,2.1760664,-3.8065197,0.007257048,-5.678415,calm
93.06304,41.600002,182.05289,0.0026406036,0.00334207,2.854288568574283,-688.434,58.455845,0.19532253,14.347581,2.1475272,1.7945907,-6.2172914,-8.7956705,-8.008652,2.5240705,-2.2556846,0.74966043,-5.33911,calm
101.90568,57.7944,247.37198,0.0026975293,0.0035874718,2.593519802604326,-685.4515,62.541225,-0.8261392,16.144678,2.891825,1.5114291,-6.2234745,-8.806564,-7.2023883,1.1583246,-2.26379,1.3000516,-4.9428387,calm
91.56138,31.811216,181.15863,0.0015352227,0.0018540435,2.429969625379683,-718.6157,64.94728,1.9010295,16.33155,4.00424,-1.5176964,-5.845613,-5.3711743,-8.0974455,2.530768,-1.2224076,-0.30089906,-5.0555024,calm
102.491196,51.905273,247.6291,0.0016447079,0.0020441432,2.7472527472527477,-678.8852,60.24432,-2.4052532,13.981015,1.6262014,-2.2108362,-8.577353,-8.015344,-8.345557,2.9916987,-2.512611,-1.5247272,-5.6491785,calm
105.64245,45.567158,238.64197,0.002116277,0.002224195,3.092109175239341,-687.784,61.919678,2.9957113,11.420323,4.4978356,1.2314442,-8.976568,-6.934919,-8.936617,3.1329415,0.26412797,0.36995727,-4.836611,calm
105.971405,58.058254,222.1202,0.0021466464,0.0026160097,3.4965034965034967,-669.3351,56.18406,-3.906476,15.831812,2.221315,0.40576276,-10.832254,-10.301562,-7.9346514,4.7955494,-2.0441551,-0.63307667,-7.124411,calm
127.13436,71.73619,232.915,0.004352341,0.005670822,3.458026403472435,-630.4844,55.85235,-4.846811,14.766146,-2.3529181,-4.4143267,-8.338184,-11.595629,-6.6747727,0.13697669,-8.877774,2.5722437,-8.064328,happy
130.6854,80.44659,247.92522,0.00506359,0.0065703643,2.8817405713050683,-610.3609,53.820595,-5.1030164,17.301195,0.7623974,-5.3264484,-6.624515,-12.669138,-6.569199,2.280546,-8.218486,5.0824437,-7.7346764,happy
114.58497,68.3624,228.05537,0.003816953,0.005121639,3.1100901219296695,-642.2666,54.73978,-1.5624722,12.108255,-1.5802337,-2.6530116,-9.055992,-13.778261,-8.004792,3.8767343,-8.001145,2.6074367,-6.2283783,happy
122.07103,73.70727,243.91017,0.0038037465,0.0045965523,2.6999662504218698,-635.335,48.80488,2.6291344,17.269691,-2.415,-0.032664906,-7.1056347,-13.695679,-8.430627,1.7542454,-5.9194765,3.1524143,-6.757477,happy
164.8262,74.14301,245.31369,0.0066550556,0.008765106,3.5418724244797875,-583.44666,43.252106,-6.6012535,5.285235,-3.2655194,-6.4368243,-15.119597,-9.423281,-14.164572,0.6129295,-9.420697,0.22905579,-8.01488,happy
157.80475,71.142685,238.12021,0.008501559,0.011661697,3.5743744844652188,-553.58167,48.836487,-12.89195,7.229859,-0.27535704,-7.637723,-12.393135,-12.6224165,-13.238041,5.5585165,-10.277538,0.57839835,-5.8990626,happy
124.19847,63.845013,191.02908,0.011079373,0.013439035,3.5557813194488537,-503.05002,39.735077,-10.254747,7.5195665,-3.3695002,-6.8978252,-13.012488,-16.885265,-11.619035,2.6081374,-12.242265,2.803939,-9.192976,happy
127.2673,59.92632,221.6824,0.010275038,0.012453326,4.063685572328841,-526.5468,41.82679,-10.284768,6.713706,-5.5285783,-6.70969,-13.495095,-16.288134,-13.732458,0.29332218,-9.905761,2.5674846,-8.198202,happy
152.2497,69.633675,234.37833,0.002244188,0.0029766974,2.8666829546379997,-672.90015,56.015125,-3.0299668,18.127066,-1.5164067,-2.1759303,-8.54333,-12.892447,-7.3388257,-3.871756,-2.8191938,-0.88463205,-8.236105,sad
141.7195,65.39838,240.83531,0.0020603363,0.0027879754,4.201386457530985,-682.63196,58.302124,-2.717058,20.004091,0.23189518,1.0483509,-6.7968435,-11.829402,-8.780702,-1.4136031,-3.3442798,-1.7505805,-4.579512,sad
144.17162,63.642925,205.96417,0.0017757633,0.002422334,1.998001998001998,-724.79913,53.721565,-4.574374,16.966187,-0.8659846,-1.1190157,-7.107028,-12.358786,-7.3665285,-0.2850748,-2.7335439,-1.033776,-5.21055,sad
134.89046,66.73037,237.2724,0.0023393247,0.0031282853,3.2640344207266185,-701.4147,54.7576,-0.23666295,18.080446,-0.94446725,2.6285307,-6.0568857,-14.143858,-7.779832,-1.5049689,-4.02643,0.4234725,-6.8546195,sad
147.51251,74.868095,243.64122,0.0030094625,0.0036325234,2.6289413581768293,-663.14905,57.373806,0.19014892,20.2237,-0.32565823,-0.20812967,-6.662887,-10.965925,-4.409886,-1.3257084,-3.9688861,0.59654987,-7.160889,sad
147.11053,70.73163,231.52753,0.004993199,0.0069952155,5.3999325008437395,-616.93207,44.39538,-5.405289,11.927895,-1.8766825,-7.3231387,-9.726254,-14.286551,-10.135011,-0.31393465,-9.5801115,2.3014092,-9.510462,sad
147.32645,67.538536,246.6189,0.0051084375,0.0066203815,3.4786098939692947,-607.47,47.07704,-4.7926445,14.605791,-1.8017406,-5.252694,-10.085373,-18.825283,-10.671867,-0.82557464,-9.259229,1.567165,-8.888568,sad
137.33203,62.643993,246.75514,0.006202208,0.0074808006,2.943488368203636,-592.2696,43.400246,-3.3186479,13.34333,-3.2777643,-5.0254827,-10.850559,-16.18702,-9.394396,0.27408835,-8.029783,1.4333239,-9.90445,sad
150.73148,61.017986,248.23917,0.009044389,0.012000446,3.875405706534903,-534.05237,34.97803,-3.5949755,11.610252,-5.7629566,-3.454508,-3.7988544,-9.873667,-10.285377,1.0964575,-7.119155,0.7013888,-7.5805855,angry
179.52086,66.01964,239.99387,0.009964891,0.012084132,4.8256266171404985,-519.04816,34.33238,-5.342272,7.6891265,-7.7284293,-4.142185,-11.348422,-12.635181,-11.618584,-2.9119444,-9.606558,-1.5926796,-7.8452177,angry
128.7216,60.264534,221.03825,0.0069882465,0.009656743,3.710575139146568,-565.1883,40.05792,-0.66624534,10.573721,-4.0504355,-3.0465865,-8.571688,-13.228571,-8.996064,-1.9644209,-6.4761395,-0.017762693,-7.9158025,angry
157.0167,69.440094,245.43823,0.01093892,0.014677234,2.943488368203636,-526.5581,40.196915,-3.795885,9.093004,-4.7611094,-3.3927867,-7.620163,-14.923835,-10.370462,-0.8040029,-8.394026,2.3007565,-9.210727,angry
208.23608,73.94706,240.71034,0.055185016,0.06896462,4.142174032223678,-337.24527,21.516478,-18.826561,-1.507301,-12.813228,-5.734181,-19.068003,-12.460266,-13.387141,-3.08085,-8.350034,-4.607519,-8.893252,angry
229.96214,53.834446,245.02707,0.03357372,0.041437894,4.804323891502352,-357.61752,13.785372,-17.025623,0.0066479314,-12.294667,-8.079639,-13.780132,-13.327694,-15.969634,-1.8088096,-12.337055,-1.6457758,-7.8102527,angry
210.82668,60.286728,243.20325,0.033048097,0.044503026,5.80060422960725,-388.71484,23.06024,-14.33846,3.2727418,-9.04869,-6.725444,-14.610427,-15.102851,-13.343773,-1.1652555,-12.54646,0.13693707,-9.1742115,angry
220.54494,66.53455,239.9979,0.09415732,0.11517618,3.154707414970777,-288.956,14.999517,-20.249802,-4.9438157,-11.165282,-11.91894,-18.40666,-13.783508,-15.445488,0.046605624,-11.657056,-3.6020389,-7.1541166,angry
181.12993,67.359474,229.15993,0.0037567436,0.0052267276,3.024470717624416,-636.0037,47.217148,-9.615251,8.324897,-9.739891,-1.6216106,-12.593926,-4.4776073,-3.6764805,-2.4645076,-5.582109,-2.1129625,-3.498983,neutral
164.9714,70.47062,214.78519,0.0036747695,0.004904747,4.162475285302993,-636.7239,41.088577,-8.436254,10.376582,-11.068367,-0.469257,-12.251808,-2.2844362,-4.573607,-1.0807079,-5.5849495,-2.5436957,-3.3170648,neutral
168.7005,71.72117,243.07117,0.005464765,0.007741103,2.9174333217299053,-610.9205,45.361523,-11.656629,5.208721,-8.862896,-1.6351974,-13.172316,-5.7332516,-4.930278,-2.6334124,-6.4117985,-3.2142515,-1.2155621,neutral
188.14798,60.800484,211.85384,0.004915848,0.0068723024,3.0524818758888617,-628.39044,40.946583,-10.537265,4.976801,-11.821715,-2.828456,-14.484905,-6.8018875,-6.1801066,-3.6070802,-7.047058,-5.619368,-3.1504579,neutral
179.79395,62.84438,231.16199,0.0033986184,0.004499581,3.127290495968727,-648.3293,45.18541,-3.1360536,10.040802,-9.445921,1.2931193,-11.179779,-2.9647462,-4.6520967,-1.2064406,-7.5382385,-1.2213562,-1.9448707,calm
192.45145,58.85082,231.6702,0.0034752493,0.0043881307,3.9960039960039966,-644.66785,40.272358,-8.632745,7.6384616,-10.623949,0.088277794,-13.193527,-3.0913126,-5.4093533,-1.9323789,-10.143743,-1.8862395,-1.9979761,calm
208.89453,41.321644,212.85757,0.0036827147,0.004846888,2.6060754133072725,-642.4061,40.307762,-7.7545056,3.5683858,-8.75831,-3.376204,-13.013106,-5.985577,-5.7069135,-3.8865416,-8.712006,-3.5710123,-3.0694592,calm
207.55414,49.181694,235.77602,0.0036329855,0.0046496,3.5258932787659374,-635.1071,42.24308,-14.361285,1.4533681,-11.140609,-3.9639778,-16.19072,-7.2284627,-7.006432,-4.8499174,-10.062667,-6.4693666,-4.6876354,calm
184.1895,59.663773,234.61597,0.002818034,0.0039054384,4.350453172205438,-630.3904,36.775635,-5.8859143,6.30402,-11.277266,-1.8222632,-10.184118,-6.4628353,-4.791795,-2.7717764,-9.55681,-2.6862833,-4.863838,calm
212.70016,34.253834,169.3038,0.0030887395,0.00424451,3.4675996160871856,-642.05493,38.531796,-8.6741295,5.2387304,-11.573377,0.09110355,-12.967489,-5.041976,-6.375588,-1.0715592,-10.369433,-3.2001255,-3.0046916,calm
214.62659,41.14258,212.68738,0.0034034988,0.004510395,3.6548594401973626,-646.2036,35.871178,-8.476862,-0.610477,-9.165857,-3.2892768,-16.534803,-8.402836,-6.7084866,-4.603968,-13.080854,-4.316427,-5.749,calm
199.0445,50.74727,194.90877,0.0033048296,0.003937457,2.92388755215789,-648.55,42.5121,-6.8795514,1.5120811,-8.749971,-2.32405,-15.247409,-6.1844153,-4.831167,-3.0997024,-13.484154,-4.4115586,-4.7326584,calm
199.00409,58.759235,229.42462,0.0070742676,0.010329715,4.439973637656526,-575.56647,34.56,-20.44198,10.08179,-14.415045,-0.73521113,-15.927071,-6.6261506,-5.0520988,-3.867697,-5.914289,-6.3140626,-2.7805848,happy
183.47438,65.57457,238.32785,0.006294743,0.008834623,2.970012993806848,-590.3561,35.84345,-15.852815,12.687764,-14.8188095,-0.8924765,-15.651283,-5.3753757,-5.5838017,-5.0559726,-4.827754,-5.4407096,-1.7643281,happy
211.20213,47.496994,222.73383,0.0068909307,0.009925541,2.6522121106635503,-588.6567,33.769527,-21.027287,6.0000205,-13.921865,-4.5616026,-19.635471,-7.2073016,-5.20015,-6.889899,-5.9445634,-8.01877,-2.5668952,happy
206.10689,60.3801,228.22961,0.006723855,0.009794743,3.7461952704284713,-576.17664,38.16653,-15.160164,8.3085165,-12.696085,-4.5295243,-17.790192,-4.814531,-3.6476457,-5.14966,-5.366017,-5.7171726,-2.813642,happy
217.41309,38.026573,202.29716,0.01706217,0.026373615,3.779952750590618,-467.28952,21.498287,-29.042463,8.598585,-23.426256,-6.3968863,-17.744053,-6.5705986,-8.541159,-8.708086,-4.8875904,-9.502911,-1.4834577,happy
214.94955,36.47916,192.58253,0.017462073,0.027081057,4.3592275993597385,-475.95993,26.059141,-31.481194,9.232283,-22.115576,-9.030833,-17.058064,-7.136226,-6.8231688,-8.191174,-3.3823295,-8.546258,-0.0025457963,happy
222.4293,33.0023,131.60394,0.011874975,0.017307386,4.3199460006749915,-519.7252,29.09778,-23.909935,6.375044,-15.418093,-10.565143,-19.204975,-6.9594793,-4.1870775,-10.506055,-4.867059,-9.175409,-1.8641891,happy
222.97974,33.302315,178.80388,0.013208044,0.018761352,4.908847228277543,-525.23016,28.007957,-23.94529,5.535913,-18.182102,-8.698696,-17.575865,-8.557472,-7.2676353,-9.86933,-4.94149,-9.404229,-1.2718928,happy
221.38957,33.29644,225.69653,0.0029445493,0.0036702491,3.387898037299454,-661.7297,44.804882,-10.804073,6.920489,-11.22277,-2.6543956,-14.453998,-6.645709,-6.761495,-2.8733408,-8.886383,-1.3246579,-1.8440049,sad
210.27513,47.763214,224.38513,0.003260445,0.004462061,2.9174333217299053,-655.25543,47.70796,-9.586622,8.581194,-10.181234,-0.5807554,-12.210507,-6.970481,-4.568159,-2.6826112,-7.2278185,-2.128292,-2.8990576,sad
212.00981,24.858778,105.897064,0.0033184881,0.0047836127,2.408308664893884,-641.8625,37.142788,-6.2339764,3.7232869,-8.89117,-5.0442767,-16.173445,-5.607727,-4.734195,-4.800427,-6.3860397,-4.0936656,-2.8833134,sad
200.42897,46.779945,229.4003,0.0030139687,0.0045347535,2.6522121106635503,-669.4748,38.79513,-6.65788,6.892104,-7.7545347,-3.2849917,-13.345054,-6.3401165,-2.9490132,-3.8042212,-6.810326,-3.236231,-3.5928884,sad
235.70535,55.938477,216.9016,0.0027671803,0.0044806427,5.35170752918353,-651.2147,41.246716,-9.554459,4.6318245,-13.768058,-5.311481,-18.685673,-10.617203,-7.504853,-5.652767,-6.2134337,-3.3703692,0.7407991,sad
228.37332,53.745667,246.10942,0.0025257429,0.0035792987,5.834866643459811,-667.14594,48.2633,-5.736799,7.1099567,-9.536586,-5.3226066,-17.201653,-9.721913,-7.4023066,-4.317484,-6.9582753,-3.628138,-3.6895993,sad
212.04489,66.90436,239.84789,0.003729607,0.005444121,2.160009450041344,-643.8424,37.35697,-7.4872966,2.3082392,-9.799145,-6.106618,-18.84972,-11.817945,-7.944468,-6.3030157,-7.467217,-6.9283996,-3.2020948,sad
238.92482,55.348812,238.59564,0.00317815,0.004470376,3.269420699519804,-652.25946,39.34532,-7.851787,5.325517,-10.203531,-9.009614,-18.816294,-10.453232,-5.7152987,-7.7533092,-7.561572,-6.0749273,-2.509357,sad
193.38174,61.70041,230.409,0.0071743196,0.009689838,4.086775874399755,-550.73724,37.56858,-10.727389,6.3391743,-11.999157,-0.26560912,-12.615318,-5.800432,-4.342357,-1.2875329,-4.799665,-2.3008814,-1.5252172,angry
197.68713,62.88375,228.47943,0.007675145,0.010491067,4.631679324319722,-518.34424,33.483746,-15.364244,7.2370543,-13.406077,-0.6334465,-14.279336,-3.8212495,-2.6679273,-0.26545158,-4.303964,-1.5549442,-2.7879713,angry
195.15842,67.740166,245.55609,0.008298784,0.010795244,2.9174333217299053,-560.73334,39.716434,-10.122116,2.9244695,-11.988493,-0.7785301,-14.063239,-6.9861255,-4.458594,-3.8761787,-5.436152,-4.3007097,-2.251304,angry
195.22998,65.45153,227.3174,0.008116409,0.011263123,3.680517901447561,-551.6887,34.088238,-15.944753,2.85299,-17.095324,-1.475096,-15.322733,-7.680968,-5.2025914,-3.0827336,-5.9764543,-5.1476393,-0.93714774,angry
178.15904,67.82963,226.63333,0.025319114,0.03393147,4.098426268350863,-432.71875,21.555214,-22.668694,2.1611903,-21.297647,1.123419,-15.554523,-4.871289,-5.3507085,-2.901869,-5.2019796,-5.3564587,-2.5155025,angry
191.53522,72.22141,228.44615,0.020013217,0.026108066,4.745254745254746,-456.8085,24.174524,-23.839731,2.4040718,-21.551176,3.7406673,-13.080794,-6.2039256,-6.1181912,-2.4272723,-4.262736,-6.2252603,-1.6108105,angry
183.94398,65.884026,244.82947,0.04707495,0.0643976,3.7462537462537466,-415.46585,17.28518,-32.295326,-4.296878,-26.129196,-2.3503354,-18.796724,-11.124055,-8.553033,-7.5725894,-7.1492105,-9.872754,-5.4236336,angry
200.7543,67.932495,241.08984,0.04156319,0.05411535,2.4975024975024978,-405.85956,14.742742,-31.43264,-2.7801087,-26.529339,-0.48278657,-18.019737,-9.227822,-8.589961,-7.119164,-7.4828672,-9.932629,-5.1527996,angry
166.38495,65.450775,232.54855,0.0041432837,0.005774634,3.4916074123915695,-605.3704,52.065643,-3.5499582,12.641196,-1.0477065,-7.9262433,-14.044399,-1.9218712,-11.203294,-1.6824522,-4.890337,-3.2302532,-3.5501049,neutral
170.57954,66.774475,238.32913,0.0038572697,0.0050201216,3.996003996003996,-610.591,64.8674,4.02824,20.323757,5.0422173,-3.2969048,-10.19585,2.1170726,-6.4683948,1.0953616,-1.4604527,1.9385353,-0.8315549,neutral
143.46117,59.465965,232.5498,0.004245707,0.005534187,2.2834308548594264,-617.8989,54.15126,-0.7784679,14.07494,1.9045905,-8.058161,-14.389944,-2.223073,-11.706516,0.8047644,-6.808101,-1.7574677,-2.5882938,neutral
193.15323,68.289955,235.48976,0.0045279292,0.0067033744,2.593519802604326,-604.2022,51.353455,2.6298325,12.275449,4.3457336,-9.002095,-16.881561,-4.2131,-12.478397,-1.835058,-5.339708,-1.88812,-3.7989576,neutral
150.44841,70.793976,248.25163,0.0028372123,0.0033296652,3.387898037299454,-625.76044,60.696125,3.9557917,12.989758,2.7514832,-7.266703,-12.424478,0.8839522,-9.6563635,4.7440796,-7.2091312,-0.98797446,-4.981677,calm
162.98233,75.17666,239.80814,0.0030537862,0.0036620446,3.746257923168264,-609.9588,55.217766,-1.3977827,12.6617365,-0.47255138,-8.731665,-13.416538,0.32859102,-9.664697,4.244092,-8.426782,-1.9148546,-4.794271,calm
151.66022,72.438156,239.92548,0.002981423,0.0032449318,3.127290495968727,-618.0184,64.85857,-4.3299227,12.686353,7.6448383,-17.108683,-11.851502,2.9017138,-14.344784,7.799159,-10.633655,-0.7203482,-6.343252,calm
152.81454,51.6096,229.87482,0.008103795,0.008586004,3.5258932787659374,-536.76025,49.52007,-4.5837536,6.2485833,3.6746593,-10.491412,-15.300713,1.4155877,-13.805319,7.0871286,-10.057833,-2.0495272,-4.7742305,calm
179.50233,77.02427,222.40219,0.0046464847,0.0054152356,4.458342363540667,-531.9299,68.00653,-18.149475,6.333106,-5.2052402,-13.616179,-18.479008,0.8603651,-17.205322,15.210831,-8.908315,-0.91393405,-3.6277568,calm
169.75436,63.48921,246.11461,0.008032117,0.009672122,3.0221466685555085,-509.2458,51.345978,-14.08835,11.127558,-0.87366873,-9.254969,-17.597315,-4.157838,-10.310156,5.6119475,-7.2990923,-0.5725799,-4.79635,calm
156.51115,66.8871,249.49362,0.009464693,0.009209934,3.3836858006042294,-512.3522,54.793114,-6.585462,9.976854,3.8087168,-9.244821,-13.692734,1.7670772,-12.845668,13.55229,-8.32149,1.8012103,-1.031538,calm
162.4551,45.62889,215.6106,0.008872423,0.008918608,2.997002997002997,-517.6456,53.96712,-6.1975927,7.010487,2.5989976,-8.59948,-18.195944,2.654349,-12.219848,12.141767,-11.56598,0.37614068,-2.886542,calm
168.38202,54.30965,237.741,0.008088582,0.009983732,5.569645432393456,-525.6248,55.311363,-13.527853,7.1716485,0.25105867,-8.140514,-18.587399,-8.6833935,-13.678779,4.59522,-9.880723,-3.1950984,-4.9320774,happy
185.30238,66.01027,228.43343,0.011050595,0.013153708,4.162475285302993,-501.91025,52.51361,-16.560728,-1.7579428,-4.4264207,-6.0451155,-19.524786,-7.724978,-16.681986,2.9899228,-12.427394,-2.926539,-5.9859247,happy
200.9063,65.79459,236.65062,0.010165871,0.012652843,4.852290566576281,-517.07733,40.817036,-7.6742954,4.6699176,0.31733117,-12.788863,-19.671412,-6.3987813,-16.59683,-1.9567863,-12.638901,-4.302723,-6.989493,happy
163.43109,60.284195,217.14497,0.006860233,0.008881993,4.281432852861425,-544.24524,46.07547,-5.1265793,-0.6096621,0.89028096,-7.231537,-20.172327,-4.5028243,-14.905431,1.6480557,-10.777595,-3.329653,-6.670936,happy
221.11206,65.86818,208.27531,0.023344193,0.029062726,3.9495273635452817,-419.44714,40.801025,-13.675852,-6.3401113,-7.057591,-7.288797,-19.63611,-4.650802,-18.267654,5.002032,-12.071606,-3.5205486,-3.9434502,happy
223.04398,49.919224,212.22833,0.03539571,0.04416384,5.449049963814902,-382.6238,36.286263,-18.93256,-7.0742407,-11.702386,-4.5763984,-21.447712,-8.804644,-20.971643,4.706375,-13.540973,-2.8020408,-4.7714324,happy
226.57921,51.55426,233.90549,0.043740638,0.051050067,7.2507552870090635,-335.6979,38.88396,-8.882303,-6.3126907,-9.51804,-3.3685198,-22.24392,-10.699845,-22.884953,-2.5937886,-8.918055,-7.902939,-1.1923609,happy
204.43768,61.536976,241.0342,0.024639754,0.028591858,4.690935743953091,-386.11536,41.989002,-15.962966,-6.1334505,-1.2833973,-7.643854,-18.983004,-7.288993,-17.860725,3.1316798,-13.485073,-2.9451766,-4.1364803,happy
166.50203,69.96548,229.90845,0.0024530126,0.0031041044,3.8849769329494603,-641.46704,68.45126,-5.882385,13.204384,2.7953758,-4.4865975,-13.052399,-1.6702626,-10.931586,2.2470121,-7.8352494,-1.3064011,-4.804068,sad
165.71376,68.239426,244.18878,0.002494309,0.0026127913,3.0810167355227223,-647.3485,68.36067,-1.8403971,13.729383,2.4412024,-5.609809,-11.662786,0.049254894,-8.333211,-0.5902111,-6.124065,-1.198769,-4.5959826,sad
171.83452,64.88914,241.23346,0.004267366,0.004663136,2.2407394440165254,-584.3378,56.99113,-6.6166596,14.815618,0.040612,-8.548773,-16.720316,-3.656844,-11.856853,2.120978,-7.157086,-1.7082522,-1.7651497,sad
155.44893,59.637432,201.19153,0.0039664907,0.0042993673,2.2618837250397594,-593.80176,63.254448,1.1404195,14.188267,4.526862,-7.3733373,-17.603994,-0.1783958,-12.402401,2.9916441,-5.1657386,-1.9991834,-2.7629986,sad
213.93094,55.04227,229.85275,0.012578955,0.014372539,5.304424221327101,-501.0043,53.901875,-19.083096,0.10819474,-6.139187,-13.882076,-23.052483,-16.910767,-24.403227,-5.9518795,-10.447678,-10.077684,-7.8987975,sad
205.43242,59.96417,247.4431,0.018097686,0.02045792,3.648505578630181,-458.2557,43.595623,-10.64163,6.259496,-5.03839,-8.552891,-21.40116,-9.967009,-17.562042,-2.798025,-12.9755335,-8.6484375,-7.9944963,sad
207.2773,48.1641,239.92633,0.020573907,0.024971182,4.610784914088109,-411.3552,46.38253,-12.695389,10.72613,1.2421528,-6.660691,-20.652689,-14.227688,-16.664972,-2.74189,-12.15104,-3.0092297,-6.751784,sad
195.0731,48.26469,239.00935,0.018002184,0.019536702,4.05001771882752,-463.14334,51.482315,-8.501839,9.627775,1.3001814,-5.2740126,-15.987359,-11.336804,-16.95587,-1.4735289,-9.562808,-3.7284994,-4.568553,sad
183.42764,72.04455,215.99716,0.0024216573,0.003114699,5.744255744255745,-597.7181,61.76627,1.6415744,20.636482,-2.4163954,-2.579511,-15.746782,-7.715466,-7.4509754,-4.5810575,-7.1497865,-0.7862218,-7.0318866,angry
198.95578,63.77136,234.38055,0.009321926,0.012402415,5.404409506847632,-493.8569,49.726307,-10.865115,17.119293,-4.891275,-3.581833,-16.284327,-8.028776,-9.572943,-8.272334,-6.8261647,-1.3360224,-6.9680586,angry
187.68378,74.20717,230.3563,0.0071657444,0.008935292,2.8918354939945123,-510.26706,51.94775,-11.061631,15.231691,-5.318876,-6.277731,-21.411749,-9.318351,-9.165992,-6.383355,-5.9943647,0.1521506,-10.016002,angry
212.17079,62.237408,239.91908,0.011459789,0.0136255035,3.909113119960909,-467.94275,50.309147,-12.690532,7.8618083,-4.5725627,-9.499408,-19.64575,-9.548532,-11.381087,-5.913238,-6.556188,-1.6893082,-8.808485,angry
256.4624,27.57791,129.96162,0.05678521,0.06832148,3.405656227384314,-319.91348,32.267933,-15.903734,7.1104794,-16.408886,1.9007488,-19.905964,-7.054975,-8.828398,-6.0200715,-4.5513477,-2.4012628,-4.7628527,angry
253.17989,41.379986,233.78595,0.05313732,0.06916254,3.6326999758766014,-313.47934,33.097485,-12.688882,9.200244,-10.698275,-1.975497,-18.608356,-8.868605,-6.9697804,-6.0985303,-6.6954694,-2.0313861,-4.3978643,angry
228.16466,57.74898,246.90874,0.049135048,0.061733298,2.831816639872568,-335.29968,40.22,-13.787662,4.8725166,-14.800355,0.11373368,-19.083288,-10.660646,-8.962129,-4.4754887,-6.2266083,-2.4897416,-5.849566,angry
236.37053,46.297485,230.78564,0.06745743,0.07922943,3.774003774003774,-306.3432,34.922363,-12.558213,4.1423926,-15.719652,0.7458074,-16.59764,-10.563545,-9.43487,-1.4686439,-6.8158636,-3.6078625,-3.8569067,angry
194.17233,57.20179,247.96191,0.0025319946,0.0034369533,3.632717158912455,-677.94476,35.23896,-7.2834353,8.69261,-9.58642,-3.4340105,-14.717254,-9.435569,-5.558243,-1.9972708,-9.25077,-2.2610192,-1.8935958,neutral
204.10713,53.994877,242.34422,0.0028319117,0.0037054883,3.2640344207266185,-688.4339,37.54245,-7.9880924,4.780406,-13.725825,-6.1412444,-17.635319,-13.092542,-8.472346,-3.0177226,-10.802325,-2.9054034,-3.8690002,neutral
211.62816,45.025177,217.92105,0.0025759898,0.0036484816,2.4465299413215083,-710.958,41.484127,-8.829069,0.998667,-9.442898,-5.2897215,-18.393192,-11.014777,-8.339493,-4.706893,-11.821723,-3.7245922,-4.8412933,neutral
205.5732,39.19271,205.4355,0.0021598856,0.0030401505,2.162788452254514,-709.4792,40.935883,-6.1835756,1.1713579,-9.307296,-4.977548,-17.343803,-11.182724,-8.109768,-3.9361076,-11.1767,-3.9931216,-3.8576586,neutral
196.52673,53.618637,245.60123,0.002835814,0.00348707,2.8918354939945123,-648.47986,44.38283,-11.718193,2.108513,-15.330507,-6.1826634,-18.276102,-12.707586,-8.581088,-2.251205,-11.898888,-1.6545117,-3.82582,calm
214.27068,55.116863,246.07353,0.0030491508,0.0035310348,2.943488368203636,-644.88214,44.720345,-18.686066,4.7844687,-12.87791,-6.169444,-18.015488,-9.703301,-7.1046185,-1.0962623,-12.304978,-1.0873417,-3.4044526,calm
192.60706,69.20481,229.8292,0.003944027,0.004605957,2.7495188342040144,-633.8921,43.239487,-5.840093,3.715692,-11.745743,-3.6226702,-17.064133,-10.543144,-7.159626,-1.8608035,-8.800904,0.03143155,-5.2212925,calm
234.55585,41.289394,245.96765,0.0026968208,0.0032480515,3.361109166024788,-644.8556,47.48312,-15.512452,-0.42329925,-11.182801,-5.8188257,-24.641562,-12.885798,-6.169862,-4.761358,-10.780505,-4.38508,-1.8662974,calm
222.63832,53.154385,237.9359,0.0026588577,0.0031737192,2.7703447190303794,-653.79114,41.269814,-11.523745,0.66875064,-11.337829,-5.664199,-17.737864,-10.196642,-7.431841,-1.9529612,-13.27369,-3.1476517,-5.425067,calm
226.31651,42.212944,234.39795,0.0027758623,0.003377165,3.417623765629878,-622.28186,50.472588,-20.237219,4.303772,-11.154396,-7.826688,-26.39517,-13.672393,-6.481865,-3.8376036,-12.501197,-0.036982067,-2.243666,calm
220.09569,58.337498,246.79852,0.0032128969,0.0036156934,4.732094444718292,-601.62286,46.322044,-15.462374,3.5920012,-13.0512295,-4.452495,-25.80035,-8.499123,-5.700095,-3.3527422,-11.208068,0.21924648,-2.0069425,calm
209.10742,43.203682,237.07454,0.002790134,0.003154487,2.9722282423604445,-658.0129,42.040047,-7.5752153,-1.2699387,-12.212925,-9.837415,-21.844261,-9.841665,-8.430168,-6.760347,-14.926314,-1.9016323,-9.299111,calm
202.77869,41.775585,221.41626,0.004623377,0.0059612566,4.281432852861425,-636.1737,37.732914,-16.325485,6.643514,-15.1037445,-5.2286134,-16.969698,-10.444921,-6.88616,-6.443862,-12.228757,-3.1962142,-3.9336152,happy
212.05313,65.37002,231.53241,0.0068835714,0.009114597,3.958296518819579,-585.34546,31.95112,-21.150043,8.579861,-17.25172,-4.5593977,-15.895219,-11.938787,-5.140269,-5.3191986,-11.044284,-3.7674615,-4.238056,happy
197.8682,59.619717,216.1539,0.0053363717,0.006568459,2.854288568574283,-610.19617,37.73235,-13.4662485,10.330742,-12.400411,-2.207361,-13.467193,-9.535257,-7.6965127,-3.66338,-8.784416,-3.1634808,-4.702215,happy
183.7065,75.73125,244.80254,0.0070922794,0.009002631,3.200640128025605,-595.5372,37.511665,-17.363686,8.918422,-13.315535,-5.3310556,-15.860874,-8.45094,-5.126821,-5.112829,-8.232497,-2.3170717,-5.625738,happy
186.42899,87.2769,248.40727,0.0140070515,0.019036194,5.425567989148864,-484.34375,27.359856,-24.793657,5.6837945,-14.489753,-2.7424352,-17.00688,-11.633932,-1.9623954,-2.2246826,-11.787113,1.8340197,3.615936,happy
207.17607,73.60569,247.91016,0.018768916,0.02510431,3.0810167355227223,-487.21255,14.753232,-22.798758,4.929011,-17.831228,-1.8867567,-12.913535,-8.13188,-4.1381474,-5.536004,-9.919835,-3.1022713,1.3645717,happy
219.93619,57.93182,247.18777,0.015859904,0.021909889,3.0524818758888617,-513.2278,17.4532,-19.309229,2.2622921,-17.166376,-7.2286386,-17.2634,-10.970898,-6.5555105,-6.50995,-8.500915,-4.816907,-5.472682,happy
202.48228,76.285164,240.2588,0.024779351,0.032527246,3.4478757438626153,-452.78345,18.475039,-26.987535,4.0883975,-18.751585,-9.410864,-22.086824,-8.354926,-6.5254173,-8.770475,-15.150467,-2.3708515,-1.0930747,happy
200.2917,67.987976,247.09479,0.0025464918,0.0036416564,2.9673040188423805,-679.3742,39.63042,-0.9428732,8.634202,-10.002131,-2.2093358,-12.745069,-10.947869,-9.837887,-3.218743,-9.503609,-4.9273596,-3.2455957,sad
194.17703,82.797935,238.48447,0.0074914615,0.009987859,3.5258470296575153,-582.132,28.31071,-11.768606,1.9811018,-13.712892,-3.4780815,-15.652914,-12.164551,-6.0779233,-3.499487,-9.409814,-5.2475724,0.6059786,sad
181.14186,79.15333,233.73997,0.0078058164,0.009898107,4.073541981123498,-581.4617,27.31793,-13.19148,4.869644,-15.845637,-7.3247523,-17.472017,-13.386299,-8.626512,-6.6930485,-10.154481,-4.7317724,-1.9603636,sad
252.97794,49.54177,229.19128,0.0069348738,0.009462552,4.322610856957603,-591.2633,19.594982,-14.472469,0.5637067,-18.449865,-8.799789,-17.929295,-14.384125,-6.2707143,-7.5540137,-8.983641,-4.047375,-1.2033813,sad
174.53871,78.844696,247.55995,0.013278197,0.016473487,3.5418724244797875,-525.5133,14.993332,-23.90636,3.0606196,-18.343678,-10.693089,-18.962181,-12.58231,-3.2895772,-4.3011036,-6.7530193,0.93617237,7.9533024,sad
158.89687,81.92888,248.54897,0.016382167,0.021813735,4.508760588128036,-490.0753,13.603893,-16.902891,-1.6763875,-16.87155,-4.3562174,-12.240454,-10.446941,-3.0189037,0.21593912,-1.5634232,5.8358955,12.898401,sad
181.57874,72.34695,243.29248,0.031364333,0.039196108,3.7130969549289707,-442.1583,-1.2864349,-32.52623,-4.559009,-23.653055,-14.996437,-23.251904,-13.771813,-6.212038,-5.2355895,-1.3317348,12.916536,17.411734,sad
219.7742,75.84812,238.46565,0.020779096,0.025011294,4.243539377061681,-468.98474,5.150731,-27.597212,1.854007,-21.124884,-11.456026,-18.540709,-12.914242,-8.250497,-7.7289267,-9.208914,3.6064625,11.434666,sad
203.7207,55.332687,198.80267,0.008242286,0.011552805,4.589942625717178,-551.51117,28.631046,-10.684643,2.556576,-14.668475,-4.5045085,-16.3578,-10.230871,-7.5538564,-3.195105,-10.666186,-1.2563993,-6.7497287,angry
201.31024,59.274044,226.56018,0.010670284,0.014909642,3.8849769329494603,-532.80493,23.235403,-12.505589,1.1504376,-17.045172,-1.1903347,-15.106155,-9.452412,-5.498082,-2.0402186,-8.46029,-1.7437941,-0.83082664,angry
202.8935,77.028946,246.2873,0.011288925,0.014937194,3.746262742696589,-544.9226,24.147482,-13.744856,-0.31920266,-17.04877,-5.720909,-18.571207,-12.059909,-8.782347,-3.5501666,-10.84663,-5.909293,-6.6986113,angry
208.7017,63.75762,239.4672,0.007735093,0.009745375,3.478668071513388,-563.3425,27.84358,-12.425101,0.06734314,-16.345554,-5.1944346,-18.413921,-11.508207,-6.2721786,-2.8506896,-10.33984,-3.0137663,-5.6425304,angry
161.07494,83.34904,244.10983,0.038626067,0.056994464,4.773981799194391,-402.55942,10.858131,-18.84166,-1.4402703,-19.70043,2.9279583,-18.05344,-6.953863,-8.633543,-2.4267313,-6.6744323,1.1717635,4.816839,angry
178.9334,79.21595,246.46614,0.029490784,0.04039252,4.133766086970563,-425.76364,12.327039,-16.88456,-2.4892254,-19.84592,0.0055505894,-19.249565,-8.4815445,-6.404773,-2.4601648,-4.829685,2.4968169,2.805856,angry
189.26816,93.175064,246.68246,0.040147137,0.058574304,4.05001771882752,-394.85617,7.2096267,-19.137653,0.94850236,-21.493935,-3.4902165,-22.085016,-7.560627,-5.702702,-1.8971647,-10.18516,-2.1201012,-4.5719805,angry
184.2991,83.94996,237.13353,0.02747394,0.03501463,3.648505578630181,-457.07962,7.2730002,-21.614006,-9.712128,-23.911133,-2.7276752,-23.084108,-8.714644,-11.141936,-3.1009803,-7.58874,0.2722182,-1.7014916,angry
144.7276,62.11103,218.8725,0.0015857061,0.0021990072,4.162475285302993,-694.95447,65.57129,4.6082516,20.009977,3.413312,1.370124,-3.7048144,-0.64190865,0.23009479,3.7237074,0.18685123,1.6445614,-0.87327594,neutral
119.69171,56.13817,223.76007,0.0013186061,0.001779757,3.84932636788562,-718.92523,67.674484,3.338911,24.244541,4.4219847,5.541756,-4.2090864,0.3769833,3.2291949,5.3836465,1.6046892,1.3863757,0.47241673,neutral
137.73174,69.17602,228.11711,0.0021956055,0.0029654952,4.5115810674723065,-675.5972,61.05691,2.5937567,21.049295,0.48658234,3.3203127,-4.5387244,-8.106775,0.45907608,4.083758,0.07614975,0.7584551,-1.006412,neutral
141.83733,73.1083,217.89807,0.0017732366,0.002320185,3.3299802282423947,-704.4966,67.00028,6.647403,21.148386,1.3566206,5.0670114,-5.9821086,-5.141429,2.1501265,3.298195,2.8789835,1.6396558,-0.839968,neutral
140.90776,74.63862,227.15407,0.0011450547,0.0014472975,4.210656676677297,-722.9186,70.09813,10.582183,21.049074,0.6222922,2.4033237,-3.3643107,2.840005,1.4001571,5.3244176,2.2523794,-0.024681753,-0.4330357,calm
119.02337,54.690926,233.19818,0.0007237227,0.000897302,4.3858313282368355,-760.33673,66.31718,15.760124,24.779142,-0.33042577,7.8453956,-3.3441768,6.228854,1.8464535,5.7395425,3.5543084,-0.08873719,-0.12935925,calm
133.7345,63.31662,222.39484,0.0010763266,0.0012994703,3.8670694864048336,-734.0181,67.69579,14.205129,19.777925,0.7721124,5.8247213,-5.83581,-0.3615299,3.5254264,6.771553,1.1795206,1.443416,-0.73760766,calm
154.23029,79.19954,224.5139,0.0017976839,0.0023365368,2.831816639872568,-698.3112,62.113426,13.36002,12.271956,0.4161735,3.4226134,-6.8121557,-0.8023918,2.0690312,6.5355453,-0.52433175,0.53355867,-2.1280317,calm
123.45596,61.67228,230.62802,0.0010555418,0.0011551982,2.321624081573428,-712.5158,63.48693,9.328262,21.24106,1.2423627,3.496943,-3.1912835,4.634854,1.5902585,8.482593,1.712352,0.9923834,0.6487559,calm
113.99153,49.930103,225.08394,0.00051784323,0.0008854913,2.8860028860028857,-778.2353,59.718098,17.918856,22.616179,4.754821,5.741503,-3.3407454,5.105936,6.25017,8.806356,2.607124,2.1055872,1.5202707,calm
138.44118,59.570507,225.8931,0.00086935185,0.0011945551,3.3532871383099954,-746.8101,61.997707,19.30777,21.775013,-2.079888,4.28849,-3.6239934,1.9345858,6.246548,5.843399,2.2309008,-1.5922575,-2.154749,calm
118.26626,49.405792,222.7279,0.0007088385,0.0009511124,4.414177641609433,-767.4434,62.400375,21.424013,25.244246,2.1422665,6.296928,-5.993276,2.4719255,7.544647,6.687183,2.6913648,0.2777898,-0.20692325,calm
171.98819,70.37136,247.19131,0.0024478443,0.0030540293,3.246753246753247,-662.53937,60.295494,2.9933038,18.024677,3.8237321,0.86480397,-1.9272299,-8.197408,-8.433602,8.203479,-4.410061,0.5097235,0.5604533,happy
133.21065,67.49878,244.0654,0.0031769825,0.0042625377,4.325576904509028,-644.7648,56.8523,-1.8912305,18.121998,3.7594898,-0.22332361,-0.58214533,-3.7252417,-3.309216,5.8182583,-2.924038,0.34774518,-0.30976042,happy
172.72992,80.90518,230.62347,0.0023745857,0.0032116023,2.3738432150739044,-673.11255,51.505642,7.530085,17.185442,2.1151547,1.9513148,-4.0540857,-3.5129352,-1.4189848,3.5562375,-2.0919437,-0.27204984,-1.5608196,happy
150.30458,57.31914,239.36172,0.0048090224,0.0057893074,2.3869908995971953,-603.1416,63.798122,-0.81845963,13.286582,-2.800992,-2.5253444,-7.077532,-8.519762,-4.384212,4.3706875,-4.97359,0.25163218,-2.065709,happy
180.87946,80.49689,245.77434,0.0038603228,0.004317409,4.1087613293051355,-608.3717,49.12845,2.6298983,5.54836,-5.507763,-2.959051,-8.079324,-7.361893,-11.781687,4.1723475,-7.335918,-2.0402553,0.8643752,happy
182.78104,84.379456,245.37473,0.009616889,0.010667425,3.875405706534903,-530.94867,50.629944,-14.29396,5.4709845,-1.7053508,-7.6366205,-7.974494,-8.499089,-12.545515,7.6958995,-8.812494,0.93689585,1.0241454,happy
178.94958,57.66808,234.16501,0.008873144,0.009908465,4.162475285302993,-543.48584,52.95202,-5.0053287,9.305811,-0.35242942,-6.439281,-9.830727,-15.39121,-11.238084,5.423502,-9.563885,-2.5602505,-1.2189015,happy
179.9321,71.402054,232.62009,0.008307177,0.010216659,3.2320264438527224,-556.7518,40.623146,-1.2850348,5.965821,-0.96150124,-3.0762196,-7.6506534,-7.630188,-12.753034,3.013214,-6.846475,-3.3066673,-0.43967074,happy
138.59033,72.5054,228.15555,0.000751124,0.00091746513,5.5046923679733935,-765.32745,74.26958,14.475068,25.725832,4.716945,7.6081295,-5.203042,0.763229,3.4138317,2.9970224,3.9704797,0.89551485,-0.239656,sad
157.48405,82.16593,230.34473,0.0007790033,0.00096842035,6.598845202089635,-736.49194,71.961006,7.129604,26.152588,2.22733,4.5449185,-5.958936,-0.60947245,4.196563,4.9526315,-0.6391383,-0.29937062,-1.615057,sad
139.71275,67.48406,228.36415,0.00081029156,0.0010127218,4.833836858006042,-763.7938,65.75403,12.82131,21.688856,6.0503454,6.534741,-5.582492,-3.5436962,3.3712032,6.503926,-2.02214,0.44965142,-0.088917464,sad
141.31812,72.710236,225.869,0.0009182839,0.0010214323,3.510015356317184,-731.9825,75.852486,15.06025,25.037106,2.159351,6.561504,-5.996243,-1.7399925,5.0681286,6.903081,-0.17669849,0.955824,-0.6460542,sad
167.83076,70.759155,227.73138,0.0012483489,0.0015630986,5.089238381339459,-729.7252,70.27567,12.691673,23.456324,1.6109531,2.9041803,-5.2429676,1.3093085,-2.0036097,3.9116886,-2.3493466,1.3083894,0.9211251,sad
151.72087,76.38417,231.43199,0.0009752517,0.0013097476,5.5046923679733935,-744.1347,66.81253,7.1913357,28.532587,7.665341,0.6843233,-6.973383,1.4431652,-1.5857329,4.297995,-2.1211064,1.02673,0.044823404,sad
141.82213,58.230145,223.05905,0.0014370679,0.0021964028,3.363978669317074,-707.4228,54.38065,8.910645,20.98366,-0.71238184,1.4687188,-6.9295974,-0.35533482,-1.0791339,3.5243397,-2.017445,-0.64842194,0.3880325,sad
150.73447,71.15853,228.77344,0.0012729968,0.0019351216,2.550613741431532,-740.5418,64.86332,4.41607,22.005268,5.629016,2.0867052,-3.7247248,-3.1186278,-1.1589687,6.7193894,-0.7294603,-0.7455024,-0.3006924,sad
171.70253,82.37326,228.34604,0.011276408,0.013705168,4.908847228277543,-514.49347,51.899277,-17.21837,15.12373,-8.328518,-10.664885,-4.965016,-5.820628,-8.433839,3.0380738,-5.4757876,0.30697688,-3.8319578,angry
161.72064,63.379227,229.10458,0.009851159,0.012687412,3.680517901447561,-531.345,48.527214,-4.7701564,18.773739,-5.02389,-8.554393,-2.0205607,-1.3233994,-4.8818436,3.4491925,-2.8186774,1.4856555,-0.32427135,angry
161.05214,71.44222,231.23927,0.0034420174,0.0039084447,4.421789596511699,-602.4079,72.77388,-0.14709127,14.987221,-2.4237983,-4.152984,-5.597727,-8.937701,-0.6591872,2.9061258,-0.28609383,3.9663758,-4.305485,angry
181.63165,71.58319,247.20876,0.005798164,0.0063510616,4.086787472861177,-561.39154,63.543648,-4.2822,17.52501,-9.242341,-3.7108681,-6.155436,-7.4542694,-3.969111,1.8058965,-1.0896423,-1.6660405,-0.2420513,angry
188.71194,86.42483,240.03725,0.040442392,0.055678524,3.8196676154623086,-373.9096,27.493198,-18.831978,4.0360727,-7.853551,-14.498438,-7.3519154,-6.9469137,-9.523285,2.3141978,-6.0353227,-1.4614674,-3.7776926,angry
209.84251,75.236946,248.76038,0.037225753,0.048082862,3.9212940270289196,-409.36996,33.566372,-10.605805,7.3566465,-7.733873,-10.856491,-7.85288,-4.7250094,-8.582427,2.282699,-5.5434003,-0.7782217,-3.4570422,angry
185.79633,67.15209,229.97862,0.05661946,0.09243187,2.7495188342040144,-341.07364,26.847841,-13.980812,-0.36423105,-4.083386,-16.579199,-8.0478,-7.706893,-12.17491,5.8845186,-2.9946904,-3.1515837,-2.4744017,angry
173.03609,83.97789,240.63055,0.062482983,0.08962737,2.1996150673632116,-335.20407,25.579859,-18.460676,-2.0750017,-5.82816,-15.333792,-5.2458067,-9.163824,-15.654935,5.7823067,-4.4539495,-2.3866444,-1.2616909,angry
189.86867,56.281166,224.10909,0.0016340386,0.0021887682,2.996984284563658,-722.0604,41.873688,-19.457798,12.719222,-9.44599,-9.337993,-12.549752,-8.898151,-2.0168102,-4.2189307,-6.486102,-5.6160517,-7.547385,neutral
194.55739,47.61614,227.93573,0.002005674,0.0024857274,3.3299802282423947,-682.1545,42.45052,-17.928791,16.734245,-12.533393,-11.295298,-13.809411,-5.463478,0.25919092,-2.9206173,-3.6212628,-4.698546,-4.1676397,neutral
182.57352,63.424232,226.50278,0.0021815815,0.003010985,1.7629235148287576,-691.38214,42.983837,-11.588965,10.904542,-7.803283,-11.645373,-13.564946,-7.7744036,-0.69849545,-4.9505577,-3.6157608,-2.946193,-6.1668587,neutral
193.31741,43.27664,194.77646,0.0021666668,0.0027085356,2.036770990561749,-698.0871,44.5876,-15.990691,11.151659,-9.6734295,-12.849934,-15.060366,-8.32735,-1.7320963,-7.204502,-5.0050898,-4.746209,-5.659586,neutral
186.8827,42.018143,222.44937,0.00083731516,0.0010970823,2.9722282423604445,-717.62085,41.714264,-5.380075,12.928674,-3.7990966,-15.677536,-16.398626,-2.39725,-3.3349395,-4.0918503,-9.60983,-3.9473975,-3.8892205,calm
184.90956,51.925426,224.3509,0.0009832788,0.0009796951,3.1675448481710475,-712.0949,48.510178,-9.030866,13.534326,-2.42536,-15.575908,-20.359571,-3.1090772,-0.5157059,-4.6719704,-10.192438,-3.3722346,-3.5131223,calm
184.6972,51.754807,214.8255,0.0013655466,0.0014071395,4.7851408783252,-688.2235,58.223,-8.267816,8.359203,-1.9129163,-15.288422,-20.918486,-4.308412,2.048251,-3.330435,-8.922206,-2.422576,-5.9789143,calm
169.17876,57.800777,195.56476,0.0019952203,0.002348459,2.6164389671012533,-668.7927,55.584644,-13.555139,7.085626,-3.9830017,-20.95048,-21.329865,-1.3895099,0.52140856,-8.511779,-6.594418,-1.7402835,-8.9281025,calm
188.80888,50.08546,226.06163,0.0009980282,0.0013633193,3.552003552003552,-688.1313,45.46295,-11.293562,16.296425,-7.134106,-14.828129,-16.990967,-0.74401796,-2.8046932,-3.842228,-5.5155134,-4.6840177,-3.647746,calm
184.42148,41.656216,218.70293,0.0010023342,0.0012131209,2.58732212160414,-698.0237,46.172165,-8.234144,11.681765,-7.6363087,-12.669243,-16.851633,-0.56123036,-2.3530934,-3.822972,-9.0805235,-2.8255005,-2.8087885,calm
190.9428,40.178684,221.97644,0.0015378572,0.0018929,3.4580637724594037,-698.0421,51.881004,-4.4925985,2.3924472,-5.61549,-15.795091,-22.685917,-7.1281343,-2.659892,-7.896928,-10.227677,-6.500164,-7.9217477,calm
175.04501,51.61918,208.44608,0.0010863397,0.0012070697,2.934126246021246,-720.6929,57.271523,-5.593809,4.0453835,-5.2804623,-11.09529,-16.654394,-5.8320527,-2.5123858,-0.2230044,-10.4135275,-4.9301324,-2.5684004,calm
218.87427,32.423996,157.36867,0.003837987,0.004856066,2.8273546562996996,-597.3833,45.08329,-39.32348,23.857508,-18.65952,-22.754873,-17.677221,-7.5579777,0.37537202,-13.309182,-5.502467,-2.022516,-5.3021817,happy
213.93631,56.86787,219.80809,0.005622035,0.0066725,3.6074785805959277,-558.48926,24.931477,-48.977272,15.418267,-21.005724,-22.12149,-18.374754,-15.699875,4.0372643,-15.0675955,-6.0433593,-5.5402718,-10.056983,happy
227.25124,34.500072,136.47888,0.0036630698,0.0047300668,3.169914628435575,-630.8022,31.956097,-31.880068,11.836698,-18.18672,-16.495396,-20.18819,-10.675345,0.11694556,-13.362466,-4.976549,-4.625815,-10.755238,happy
204.08757,63.861183,235.88148,0.0045388886,0.007017144,2.618705559293677,-602.2009,31.456846,-30.673267,14.305809,-15.264306,-16.564045,-16.296555,-12.593367,3.2003508,-10.144606,-5.51995,-2.350116,-8.776893,happy
211.08302,33.818253,123.19063,0.02886197,0.035092004,3.996003996003996,-416.28003,0.5238725,-51.258976,0.40139312,-12.324099,-28.946884,-16.546518,-16.611206,5.796569,4.210566,13.865549,20.997953,0.08143251,happy
221.73178,28.655352,161.38206,0.02606566,0.031407014,4.610784914088109,-445.16818,-0.69549084,-48.20395,-1.3083125,-16.077564,-22.547775,-14.904644,-18.855207,-1.9782209,-8.471564,2.6195133,19.05047,12.454852,happy
172.7565,68.234695,243.4185,0.026269019,0.0312152,3.9212940270289196,-443.48187,-2.712897,-51.034355,0.998353,-20.869871,-24.198542,-17.984724,-16.285002,0.2940884,-8.627251,5.273811,19.845417,16.557547,happy
233.44803,37.732098,150.6288,0.030436749,0.03756227,4.162475285302993,-423.2666,8.30919,-48.228302,4.178128,-18.49539,-26.73256,-15.7451,-13.578415,1.2253327,-9.459165,3.7119215,17.809105,15.830141,happy
199.48083,54.832355,204.06154,0.001030619,0.0012218546,5.321756179539248,-737.5176,47.21126,-2.7299144,13.839438,-2.821659,-8.121937,-14.647422,-3.515419,-2.0929315,-0.2042489,-6.205542,-0.8891082,-6.317991,sad
206.62428,56.270054,246.31636,0.0011236244,0.0012606244,4.162475285302993,-713.55334,48.022297,-10.814935,20.088758,-7.3686566,-12.082656,-16.668924,-3.1986775,-1.409695,-5.365343,-7.8851194,0.67036986,-5.871758,sad
200.82083,46.478546,223.27689,0.0019600648,0.0026953677,1.7290132017362174,-699.93884,44.65175,-8.433618,3.1003065,-8.445564,-12.916184,-16.845236,-10.0447445,-3.1594684,-6.6656356,-4.6137843,-5.590557,-8.237592,sad
184.85582,57.982403,220.66211,0.0015592972,0.0018696787,2.327738274927713,-731.186,49.583572,-7.06225,5.694207,-5.0093284,-13.245,-15.883095,-7.759565,-1.9816809,-5.331183,-5.010784,-3.8056319,-7.024789,sad
161.48323,48.754585,183.91956,0.011189192,0.013322742,5.232877934202507,-499.4474,4.6560597,-37.92926,12.738629,-18.372906,-11.557202,-8.938998,-14.308174,6.8020234,-10.179055,2.4609032,6.991937,4.714147,sad
207.68204,63.083485,223.74751,0.0012128508,0.0015317829,4.87314592026315,-684.65906,29.696213,-17.168295,7.695626,-16.427492,-12.535908,-15.950051,-10.344209,4.566371,-4.585552,-2.3097625,2.7556634,0.5120294,sad
181.06499,51.405186,217.98701,0.008619099,0.012446605,6.73236148437712,-506.01062,23.134636,-24.256254,1.3087447,-19.724854,-11.608074,-13.883394,-11.578567,-0.27165562,-13.679788,-7.795265,4.9422274,6.486634,sad
213.71118,52.27606,239.68082,0.004980984,0.005537771,4.706028050404037,-551.5079,16.115885,-33.704033,8.939493,-23.05798,-23.517277,-19.233364,-19.147882,8.32583,-15.355114,-3.460869,-1.739183,-7.8887033,sad
206.3641,52.81892,223.03685,0.0038242869,0.0047136145,3.9783181659953257,-610.0774,31.069881,-17.724298,9.7978325,-13.134755,-10.224778,-13.226713,-7.5064535,-1.6815505,-6.608703,-5.5165734,-2.8613243,-8.673733,angry
202.7767,68.27946,239.58344,0.0042393617,0.0050844587,4.281441838501495,-597.00104,44.654655,-7.468819,15.615365,-11.611397,-8.323432,-12.192338,-8.237631,0.30869275,-2.2239137,-3.3213642,-2.9156816,-3.7547731,angry
204.82039,69.21511,247.53545,0.005962201,0.0074695502,4.519303670447619,-565.3656,32.358273,-22.404106,5.3818383,-20.84069,-14.182734,-15.806365,-12.443656,-0.0658967,-6.5873384,-5.7813125,-6.1504993,-6.08477,angry
210.0407,65.85005,247.29355,0.0075590764,0.010866817,3.073819701263148,-534.6688,26.09658,-15.900753,3.4285183,-15.78377,-12.815816,-10.745908,-12.200352,-1.0559704,-5.3835278,-5.511965,-4.9265676,-4.759536,angry
200.74063,67.94661,226.44383,0.07123563,0.09171118,4.87314592026315,-336.9712,13.000469,-46.030613,-4.889572,-23.955256,-13.712485,-13.202068,-12.428265,2.6173797,0.656356,9.69867,12.529141,3.334194,angry
192.36092,63.61896,221.81534,0.06585348,0.08095271,4.757161758365915,-347.08514,11.069328,-43.032684,-2.4728093,-22.55399,-13.417748,-12.1585245,-10.457847,-1.1997327,0.49559182,8.164956,12.598857,4.499142,angry
179.85963,72.790665,228.36292,0.057409644,0.07044487,3.605379902823745,-358.94974,14.236514,-39.327686,-6.294675,-24.534136,-14.129556,-11.325016,-15.104382,0.472444,-8.91378,-2.844247,3.5023053,6.524588,angry
199.3497,59.003338,215.35411,0.054722358,0.06853096,4.025832424725321,-368.82602,11.6907,-38.813866,-1.5940578,-23.56113,-9.64809,-12.033606,-15.944119,-1.6633104,-9.383702,-1.9348629,11.12353,15.575277,angry
148.34486,60.058064,232.98882,0.0027532196,0.0032632765,3.073819701263148,-636.9541,67.286476,3.642198,21.613916,0.6343798,-3.9612865,-12.359488,1.0399615,-4.3610115,-4.150079,-1.5514401,2.4010801,-7.5163083,neutral
135.19432,54.264717,245.00313,0.0029242767,0.003456703,3.154729629812195,-633.7257,70.26573,5.0449767,22.82664,1.1177511,-3.5741675,-12.700101,2.0703013,-2.3105307,-3.1895075,1.7872478,3.9124599,-6.86061,neutral
153.38258,67.79954,227.468,0.0031475287,0.003861638,2.900302114803625,-640.16895,63.253906,3.1036897,16.200657,3.2765222,-6.2699347,-16.204247,-3.5892825,-5.7615123,-6.482348,-3.7727454,0.48029825,-9.176029,neutral
132.47108,61.05353,217.7409,0.0025170043,0.0030213478,4.281437626478016,-635.67444,69.79143,9.546549,18.648058,1.2673197,-3.3640609,-13.338555,3.9683423,-5.663775,-2.692962,1.0590837,1.668379,-5.103737,neutral
136.21567,69.14175,218.96693,0.001859407,0.0023955656,3.458088685566082,-677.33234,74.07463,1.8435494,19.37133,4.912691,-4.1610994,-9.631204,1.102188,-1.2135642,-3.8173654,2.8628128,1.8762801,-5.095312,calm
119.4645,53.375572,233.02493,0.0016249813,0.0019524008,3.211078219858512,-690.5261,77.1512,-3.337608,18.001385,2.8592665,-3.5348492,-11.289219,0.93459785,-1.8440044,-3.9337943,0.7608697,2.9609969,-6.7718334,calm
147.82074,66.38624,205.61261,0.0019012687,0.002098486,3.4251462822891394,-671.4158,80.86929,9.807168,23.243011,12.490922,5.3318744,-8.478577,2.8108153,1.5348705,1.5205562,1.9891756,8.459321,-3.3747072,calm
161.86674,69.97553,227.84872,0.001994461,0.0023640138,3.1100901219296695,-670.95166,74.90943,-2.1326787,18.665783,5.4156957,-0.37122202,-13.475189,-2.9162638,-1.3570448,-5.3647723,-0.257379,3.4967604,-8.084199,calm
143.01926,66.61391,244.94026,0.0018168712,0.0017381241,3.4965034965034967,-616.25916,60.59034,0.14050198,30.0312,4.7654605,-9.6295805,-17.255598,7.4396815,-4.1933165,1.5939909,-0.14413589,3.5563972,-5.9304748,calm
198.25569,63.118427,203.94737,0.001944638,0.0021284022,3.875405706534903,-637.3669,59.729256,0.42406774,23.457516,-1.8037724,-1.6728661,-20.676743,-4.131198,-3.7083845,-4.548346,-2.6537848,3.035181,-9.635389,calm
147.73402,60.426723,229.56735,0.0024289372,0.0026390618,3.277968830028536,-628.3991,66.02284,5.8059855,22.147825,3.3786545,-4.3845916,-15.624056,-3.013629,-5.7505765,-2.6349869,-4.442406,2.2706532,-8.376505,calm
125.93712,56.214214,195.53317,0.0019748036,0.0018021421,3.411202144184205,-651.6446,83.725006,0.46408316,22.570477,1.103163,-5.6084743,-18.081558,0.9853137,-0.57603025,0.2732745,-1.4132342,7.1980643,-4.223545,calm
133.14276,61.911465,211.66809,0.0020726551,0.0024299608,3.1397174254317113,-634.8542,65.53651,-4.214984,26.637033,3.9778779,1.1281031,-10.42943,0.16984357,3.5949066,-0.2647926,2.1888347,5.9292955,-7.6711564,happy
128.61305,46.263866,240.7889,0.0035920856,0.004330155,3.458088685566082,-621.67316,70.085205,-8.034496,20.453869,-2.1328194,-6.934368,-13.024267,-0.147406,-0.9434544,-5.0289392,1.2817014,2.7861488,-5.151622,happy
154.45363,57.57222,241.9852,0.0041708844,0.005316959,3.8196676154623086,-596.6623,63.488613,-9.162371,18.1676,0.2863099,-6.3494635,-16.36079,-2.3330579,0.18898919,-6.404356,0.3646209,4.5822654,-8.396737,happy
154.45363,57.57222,241.9852,0.0041708844,0.005316959,3.8196676154623086,-596.6623,63.488613,-9.162371,18.1676,0.2863099,-6.3494635,-16.36079,-2.3330579,0.18898919,-6.404356,0.3646209,4.5822654,-8.396737,happy
198.30978,64.06932,243.01997,0.016393187,0.016721342,3.6548594401973626,-464.66904,57.7554,-16.046227,14.562335,-5.3234468,-17.723307,-12.189497,-10.834077,-2.4044507,-2.42725,-1.9245536,7.4591937,-5.7638216,happy
218.83165,62.49628,227.28497,0.018641103,0.02128104,4.706028050404037,-420.52386,40.443184,-12.443956,16.776459,-7.418899,-16.708519,-12.299351,-6.427815,-4.55094,-3.9557588,-3.890758,2.2323034,-6.968265,happy
191.41876,50.94068,224.75046,0.014559436,0.01372195,3.4675996160871856,-475.39175,55.72432,-22.847284,17.438528,-9.622102,-17.202839,-12.498578,-13.817027,-0.70700043,-7.109189,-4.3589745,2.9571562,-8.19065,happy
217.30637,68.936966,238.53821,0.022915749,0.02605954,3.387898037299454,-438.91153,43.481647,-15.064791,11.888184,0.2058881,-19.578678,-10.940109,-5.569531,-4.2788363,-1.5362307,-5.5165887,5.083074,-7.2451878,happy
146.86742,60.99999,224.44351,0.0016063127,0.0020393361,5.089238381339459,-707.5556,67.56898,-1.7576301,15.502799,-0.055005882,-2.6823318,-12.042955,-9.038995,-3.4509382,-4.9621973,-7.1988215,0.3886948,-4.789569,sad
160.98364,66.11557,221.1062,0.0017543325,0.0023237036,3.8849769329494603,-678.4045,76.573784,3.5090854,23.886639,4.108488,0.5408968,-8.45016,-7.6958537,0.6737374,-3.4284396,-0.58339673,4.9059033,-3.9047155,sad
151.10422,65.50169,222.13576,0.0017543175,0.0022267762,3.958296518819579,-694.3157,74.67401,5.090344,13.285868,1.1137606,-1.2552757,-13.166487,-8.62795,-2.5386126,-5.438885,-5.780942,2.3370225,-8.26721,sad
170.55653,65.11426,237.85365,0.004049917,0.004402568,3.6170453260992423,-609.6703,70.23885,-6.3331513,19.957155,-5.2456484,-8.212144,-13.664349,-12.857794,-3.0543973,-6.597482,-1.4494944,1.2530077,-11.095141,sad
213.31976,45.213768,160.25427,0.0037076396,0.0047494043,6.603593878976443,-580.7861,67.043396,-12.014201,22.241762,0.7386524,-19.67933,-13.321095,-16.015661,-15.309645,-10.596397,-10.575359,-0.8581052,-11.795801,sad
199.79352,50.700348,187.69183,0.004417953,0.004952946,4.690935743953091,-590.9488,57.763634,-2.8096313,17.879904,-2.5967493,-14.582467,-8.186475,-10.263028,-6.453919,-5.293413,-9.91333,2.1018374,-8.412656,sad
188.12553,53.328403,243.13773,0.0066878526,0.00855294,5.224085784987627,-552.4739,51.027176,-0.0021770794,12.498883,3.0562787,-11.786684,-15.121396,-9.322489,-10.752363,-7.781179,-8.467562,2.8618143,-8.780404,sad
176.49127,59.00652,242.2899,0.0054006786,0.0067629917,5.472758367945272,-585.4526,53.56162,-1.9683039,16.45804,1.480449,-17.678137,-10.696629,-14.859794,-11.293652,-5.007235,-11.233334,0.8077823,-11.472813,sad
182.68507,53.39888,235.64474,0.013536119,0.01585647,4.245754245754246,-494.6943,43.48684,-10.078891,19.890697,-6.628312,-2.0242486,-8.178186,-8.679281,2.9025931,-0.019710934,-4.161345,9.63386,-7.944245,angry
196.71939,81.411354,236.66959,0.030415174,0.03686798,4.5332200028332625,-419.25558,35.84408,-12.707151,17.273382,-9.669762,-8.377978,-4.7323313,-6.835139,0.84974676,-1.6440291,-3.3834314,4.47437,-7.41376,angry
144.30981,63.500042,243.40523,0.004478674,0.0059196227,2.997002997002997,-578.37463,54.293137,4.150024,18.819757,-2.5345373,-2.7801971,-9.505877,-8.804922,-1.0713187,-3.9705644,-3.5179052,6.109618,-9.1423435,angry
152.63684,64.28579,243.74652,0.0109265,0.013936283,3.7462537462537466,-497.29218,45.011436,-2.82028,15.298285,-11.022909,-6.5804515,-11.865034,-6.6470394,-2.1189299,-4.213664,-1.5481752,1.7234527,-8.095751,angry
213.16743,38.690804,119.03052,0.024495915,0.0321168,4.439973637656526,-419.9126,39.737377,-6.074462,19.93848,-2.9530535,-11.019102,-2.7365966,-4.996414,1.2324746,1.7573763,0.091018125,8.410402,-2.2415044,angry
235.42674,37.386078,204.79327,0.046539497,0.06648831,3.7462537462537466,-352.50537,28.262608,-12.923875,17.907074,-8.685298,-13.417454,0.14052983,-5.706182,0.051418304,-0.3711194,-2.9303777,4.3580847,-4.6790466,angry
198.9906,75.66221,232.65265,0.06994581,0.09721778,2.6060754133072725,-342.1666,16.360413,-24.305595,8.771079,-12.874738,-13.484057,-8.013297,-16.218885,-0.7021786,-3.8667705,-6.304667,1.0876089,-4.871284,angry
239.02701,58.905254,226.07458,0.059308458,0.07511007,2.7664510179675226,-358.88345,23.258553,-20.038624,13.564317,-8.543457,-12.093727,-6.004758,-15.564888,-0.1928035,-0.4841868,-9.03421,3.6019397,-4.759407,angry
137.49382,68.64104,218.4069,0.0025049285,0.0031066015,5.423148280291137,-678.5055,60.500263,8.939451,24.119095,-1.6716951,9.296759,-8.172278,-0.8847439,-1.1570226,2.2270906,-4.6771708,2.6519113,1.0860754,neutral
142.60397,68.92387,205.1106,0.002669349,0.0031720486,3.2994226010448173,-666.133,63.15183,6.6892595,23.824923,-2.808092,7.9679556,-6.3932576,-1.597048,-1.4871514,1.4289151,-2.9078875,1.4866124,0.04995642,neutral
146.75778,59.365154,213.1536,0.0029799184,0.0036257734,3.3928255875596394,-667.85675,59.516033,9.989123,20.872099,-0.8710039,6.086957,-8.931975,-3.9714677,-3.1406305,0.14216731,-3.981803,2.0706503,-2.3681216,neutral
141.46808,64.511925,211.59454,0.0028280064,0.003546865,2.854288568574283,-659.907,59.86494,8.79039,20.592014,-0.27637646,7.5365205,-7.3917994,-3.4364214,-1.2491695,2.707202,-2.8168736,3.7307978,-1.9451512,neutral
151.43265,61.019817,208.4603,0.0017712724,0.0020857423,3.0524818758888617,-691.2955,67.61669,12.021705,23.697142,1.6595099,8.412162,-5.152733,-3.3107789,-1.5481584,1.1152534,-5.5186086,0.597589,-1.8396721,calm
153.02669,62.062206,229.20676,0.0016399372,0.0019916901,4.701129372876688,-709.2265,64.29608,15.317394,21.62683,3.3703327,8.684419,-5.9667435,-1.9670753,-1.6800029,1.2356423,-7.8197565,2.4958246,-1.0702941,calm
149.75125,60.503826,227.01329,0.0019986415,0.002475332,2.3053924570440545,-692.722,63.23283,20.234182,21.49081,4.786653,10.154291,-6.613304,-2.5391965,0.2416319,0.6350227,-5.077287,3.3352175,-1.9729531,calm
154.9651,63.72725,212.68834,0.0017674294,0.0020709452,2.5935665141745616,-709.9868,65.51079,13.022562,25.577923,4.003934,9.39478,-6.786807,-3.026529,-1.8543575,1.3567289,-6.3033614,3.410278,-1.0871454,calm
155.86336,64.99695,194.82715,0.0014638442,0.0016783971,4.6741820181468245,-699.562,63.9714,13.4281435,24.381016,1.5224304,10.030218,-2.0453212,-3.015,-2.1586845,1.5532537,-7.2507143,1.670197,-1.3948951,calm
153.87215,60.5377,184.14879,0.0015284319,0.0016642082,3.746257923168264,-701.51514,62.91643,13.263328,21.033203,1.5927724,11.129061,-2.8565862,-2.2849035,-1.6241019,-0.21906771,-7.794345,-0.4959712,-2.4547822,calm
157.20811,68.80523,219.2923,0.0015764283,0.001810029,2.452065524639853,-702.9734,62.5233,17.4036,19.834236,4.9779463,11.184372,-3.1154473,-3.3976026,-2.3551216,0.19537176,-7.4214325,0.39961824,-2.5950015,calm
162.41267,56.57201,194.56076,0.0017046584,0.0019319842,3.680517901447561,-698.57196,60.798767,14.210459,20.788717,2.072075,9.00752,-6.9510384,-0.65945673,-1.7832959,-0.7950067,-8.737223,-0.1547231,-1.5509598,calm
156.81398,72.79619,247.48535,0.003714632,0.004750635,4.281432852861425,-630.8843,53.284172,-6.6113243,22.070908,-1.6266499,4.5884457,-8.483584,0.009002842,-1.7412449,0.44251868,-3.8484025,0.8598264,-0.6398536,happy
145.43536,69.497086,245.66187,0.003857209,0.0048591625,5.237506365025096,-627.69543,47.126274,-5.48337,24.172112,-4.1287775,2.565195,-6.306428,-1.3373901,-0.4850252,0.2164837,-4.0991406,0.946868,0.08417682,happy
154.98607,66.0546,208.56755,0.0038416637,0.005230824,3.169914628435575,-642.8724,53.69805,-0.52042025,22.762287,-0.66736114,2.0587125,-7.8189273,-2.0528696,-1.5436608,-1.4528768,-3.7000315,-0.5738171,1.383175,happy
154.51363,71.45273,246.80725,0.0047603403,0.006795717,3.7825746967575333,-615.3901,45.777718,-9.181958,19.801634,-1.525953,-2.3784392,-10.971322,-3.5288153,-2.7489085,-2.1011043,-2.705845,-0.39864445,1.086673,happy
162.66104,85.311165,248.28998,0.011138155,0.013920741,3.7130969549289707,-525.90247,41.03248,-24.48265,15.462932,-10.418643,-2.6378949,-10.243271,-5.582149,-2.3291235,-7.1778245,-5.8427567,-0.27311245,0.61347854,happy
173.64323,74.83021,248.6908,0.010629989,0.0134463245,4.098426268350863,-533.6439,36.44289,-20.475365,19.837677,-9.776297,0.41117433,-4.676524,-2.7620199,-2.5966187,-4.798061,-3.9670348,-0.5327351,1.5631694,happy
198.80504,78.05361,246.12984,0.011578341,0.014891593,4.430328202622364,-511.0798,35.501663,-23.504341,17.456535,-10.156482,-5.755414,-12.265076,-7.733445,-4.4908624,-9.620965,-5.0977354,-3.3450553,-0.85010755,happy
199.26938,76.52046,237.38242,0.0091873035,0.011568709,5.333587313681604,-525.5096,39.380474,-25.026812,14.557417,-11.66602,-6.8413725,-12.88855,-8.655181,-3.1960607,-9.472478,-7.684162,-4.0761213,-0.54456186,happy
170.06435,78.61459,241.40814,0.0015872683,0.002088329,2.8542546232978534,-710.21265,59.082977,13.984996,21.414562,8.986025,6.737386,-3.7479067,-2.1854439,-1.1001457,0.4418224,-7.233514,3.317141,-0.13306928,sad
146.7065,60.81091,246.92906,0.0014505706,0.0018538311,4.650486847841884,-717.8779,66.50135,12.371567,24.128445,1.1779344,8.468752,-4.166348,0.033327196,-2.6291966,0.35191983,-2.9251108,2.3711398,-0.19601664,sad
152.67865,69.92191,215.08177,0.0014796156,0.0018879127,3.9212940270289196,-715.0094,58.27457,13.99072,20.753002,6.8394666,8.207243,-7.0803895,-5.250118,0.7125152,0.7118629,-2.7900205,0.990627,1.412935,sad
163.46648,65.53032,224.22781,0.0014699665,0.0018079524,3.8849769329494603,-713.4666,68.6019,13.294303,20.87998,7.608233,5.831704,-9.638704,-5.3717012,0.5614078,3.8801777,-8.488563,3.5960782,0.7703834,sad
185.79277,86.34294,241.65617,0.0033713162,0.0044467403,4.773981799194391,-620.4235,54.14574,-9.867143,22.550917,-0.75111973,-2.9616063,-18.010296,-9.443228,4.194974,-7.649913,-5.490427,0.9290364,-0.30941725,sad
197.36823,90.355255,249.79877,0.0033821345,0.004711334,4.063685572328841,-617.99286,52.560658,-6.019141,22.052603,-1.576884,0.13788457,-15.669795,-12.390828,2.3714008,-3.7974832,-4.409238,2.7023795,0.06358633,sad
185.1646,88.22527,245.9834,0.0032686142,0.0041209967,3.8143241494397713,-648.9565,53.708393,-3.237641,20.249714,0.60060215,2.154234,-10.4678135,-9.044191,4.9045115,-6.0795083,-3.4730098,2.039866,0.76984096,sad
214.26115,77.610176,244.29575,0.005048848,0.004865139,6.479919001012488,-619.6704,61.667675,-4.7260404,20.764809,1.0779542,2.078518,-21.049337,-15.2657385,7.3676634,-5.8270607,-7.327551,2.9411209,2.4656465,sad
169.23604,78.77646,246.41995,0.009414119,0.012512764,3.779952750590618,-554.1882,47.494743,-7.3831077,13.09299,-8.940091,6.648675,-5.2385,-4.6448298,-2.4888153,-2.5656044,-4.5915627,-0.50272703,2.2118757,angry
162.51439,67.6209,226.96643,0.009422316,0.013111594,3.8849769329494603,-529.8641,41.757656,0.2388358,10.274704,-13.79805,7.151173,-2.121543,-4.856164,-5.6690497,-0.97768146,-3.4779823,0.47812346,-0.46290785,angry
152.18936,71.705315,241.69057,0.0071548643,0.0097371,2.5446191906697293,-591.2981,45.870213,6.8337116,11.134275,-6.282018,8.533286,-2.8901296,-6.1521773,-3.9717646,-1.5080429,-2.5770261,0.53773016,-0.2079113,angry
162.30205,72.357666,236.706,0.00874075,0.011151981,3.0810167355227223,-573.94977,43.83366,6.2372293,11.023082,-8.403257,5.6955667,-3.0100076,-7.5788946,-4.926408,-3.4380574,-5.204387,-0.6967444,-1.2825315,angry
174.61604,82.29537,244.28316,0.022789802,0.029724613,4.281441838501495,-458.94968,39.8171,-15.923965,2.6470485,-21.079748,6.345911,-4.8675666,-9.733783,-4.171701,-1.4372032,-2.719605,-1.8791538,-2.8738315,angry
166.49374,94.99304,249.15457,0.051476568,0.080212444,3.4478757438626153,-367.54065,21.34484,-19.072489,4.839205,-20.73507,2.34186,-3.0236847,-7.0989785,-4.358887,-3.6291015,-4.8580503,-4.759907,-4.5498843,angry
155.50533,93.34487,247.19101,0.021969512,0.03072824,3.0524818758888617,-481.7893,28.089802,-7.8105016,2.5948,-16.357365,5.294725,-7.701701,-8.339228,-5.0367675,-3.5042768,-3.4524782,-1.6333902,-1.6872845,angry
175.4151,89.59539,237.08774,0.023961972,0.033869714,3.2994226010448173,-466.36334,31.54297,-9.433085,7.4147744,-18.142984,4.7147117,-6.67022,-10.100755,-5.641231,-5.183995,-3.3311574,-2.3308163,-2.6448395,angry
102.99791,47.138973,181.6767,0.0013778271,0.0012538465,2.7523461839866967,-720.9105,88.96969,21.239386,35.83619,14.343465,8.022886,3.4373848,8.352039,5.799871,1.4936595,7.4097676,7.5513086,2.4868445,neutral
100.064384,42.58598,227.21143,0.0009465221,0.0011766003,3.434012331226098,-762.89215,75.22927,11.421464,24.627008,6.0742803,5.0176945,-4.500915,5.063505,2.4181185,-5.3302426,5.0888925,2.6538072,-2.0523622,neutral
102.022026,50.03936,230.44272,0.0010025713,0.001309165,2.3975874276509264,-754.1944,64.929565,14.557727,22.764668,7.488899,5.30763,-7.3015914,-1.0187707,-0.41819364,-4.327042,-0.4491314,1.5273988,-2.7880378,neutral
104.497665,47.26966,222.24155,0.0010951697,0.0014447628,2.7806743135210286,-750.42584,68.52248,11.610987,23.507334,4.493905,4.341174,-5.2844405,-0.9403091,0.39129052,-4.253417,1.3538494,1.3280339,0.080304444,neutral
110.34132,63.40852,224.31264,0.00094754744,0.001280595,3.896079569932755,-749.6397,68.478836,12.474439,23.595201,11.620117,1.5281354,-6.672005,4.174361,1.0369291,-2.7287455,2.4177337,0.44424573,-1.9135667,calm
116.75488,64.095406,222.0479,0.0010999545,0.0015169862,2.996984284563658,-697.85767,56.60946,4.6298094,32.745953,5.5127273,-3.305513,-10.901889,4.786417,3.4829113,-5.8292003,3.235771,0.2555258,-2.743725,calm
133.65955,77.97129,227.43997,0.0017515011,0.00236945,3.1698575365163983,-662.08215,61.03472,9.089584,22.89696,-0.79778534,-2.6030414,-5.9830203,0.13936678,0.11938053,-3.2448206,3.4800544,-0.4798962,-1.5429344,calm
95.30289,42.96665,178.79616,0.0011106983,0.0013727514,3.641201596526854,-736.2499,67.17892,16.617643,25.031172,11.511599,6.866879,-6.82575,1.6351852,4.237733,-0.47908348,2.570394,3.2825851,-1.4188296,calm
90.02611,32.699467,198.30885,0.00053152774,0.00061813433,3.5963811414763893,-793.622,64.04301,20.303936,25.468773,11.79724,6.675693,-8.9620695,7.576013,4.823347,1.3551127,6.49036,3.5575163,-1.3052589,calm
83.76162,22.76768,215.45079,0.00071955594,0.0006952606,6.692247540417175,-764.03467,76.85013,25.894833,34.846996,15.7515335,7.736692,-8.665382,6.908929,0.6773805,-0.52650994,5.927411,0.38683698,-0.91251093,calm
100.07501,51.31881,222.15015,0.001424644,0.0017173728,3.417623765629878,-686.7075,76.51886,16.407951,32.192352,8.609823,1.423447,-8.760172,1.2744706,3.7238219,-1.8703922,4.513855,-1.199803,-1.5905168,calm
101.6704,45.615334,167.08331,0.0012888481,0.0015308926,2.7495188342040144,-739.8693,69.63987,14.779869,21.001667,9.071125,5.093291,-8.556856,0.36142862,0.058773622,-5.421985,1.5201693,2.4810042,-4.235227,calm
152.9512,54.14348,170.6579,0.0018018545,0.0020370074,4.795174855301853,-679.0299,93.45385,5.794652,24.704777,14.278563,-2.3139899,-7.6265917,-11.228204,-5.9721465,-0.6092781,-2.3406055,3.3591323,-4.364306,happy
141.26187,71.90343,244.82025,0.0029247769,0.003539035,3.1100901219296695,-653.18805,74.246025,-2.9102714,24.597574,10.043084,-3.48086,-6.517628,-2.7053416,1.3676491,0.37312734,-4.095187,1.9109895,1.173626,happy
127.746025,66.39102,209.07446,0.0020472552,0.0025619066,3.0272642990937126,-693.9092,64.897285,2.4572992,20.360777,11.435547,-0.9387515,-7.883067,-3.8947513,0.7640611,-4.5691214,-1.8865192,1.1396759,-2.6711924,happy
155.70824,69.071014,222.75371,0.0033905704,0.004287486,3.1698575365163983,-635.04333,59.445652,-6.785971,20.090153,5.758825,-1.7828257,-12.067196,-11.143819,0.74184674,-2.9164374,-7.4518466,3.7106886,-3.4902315,happy
196.20103,58.250137,227.94873,0.020196332,0.025709286,4.773981799194391,-464.16748,50.227596,-21.984121,10.098584,-2.5744848,-18.988585,-11.996725,-13.735741,-7.6505466,1.7442218,-8.376109,-1.3415955,-1.6090895,happy
213.41344,50.18594,229.4172,0.016124774,0.019797418,6.473461803578386,-458.4613,74.21323,-24.725195,13.8969555,-3.6516109,-24.85233,-11.369635,-17.292442,-11.506705,1.0051947,-10.8745165,-1.2860101,-3.0406435,happy
175.13013,76.440414,239.61948,0.022503844,0.028612416,3.641201596526854,-453.3777,33.012005,-16.687206,10.550851,1.0364726,-12.788371,-8.680342,-13.718387,-5.4717684,-3.2482135,-6.8286676,1.6544067,-0.7079157,happy
181.06676,57.65411,199.01794,0.015504397,0.02096663,4.481478888033051,-487.76492,54.528767,-13.300694,11.996206,2.7181876,-9.475149,-12.900046,-16.434519,-7.1884985,-1.3193948,-7.30899,3.5271685,-2.7184403,happy
104.77084,56.03587,229.77673,0.00036568101,0.0005337379,6.11632485330377,-792.0275,71.974815,11.194691,30.198053,14.209564,9.66389,-10.048271,-2.705969,2.2512097,2.9083276,-0.34816355,6.0420537,-3.2290332,sad
115.508385,62.484,243.66713,0.0003643117,0.0006934879,2.036808030843093,-809.65784,53.750507,10.550501,20.041456,10.361909,3.4641817,-10.97878,-1.0308664,-0.27239028,0.47436166,0.13164231,2.579843,-2.4885576,sad
123.02828,57.754677,245.10023,0.00059207185,0.0009666544,4.407308787071894,-783.6458,52.23073,13.69936,18.566084,10.773867,9.281432,-9.212427,-4.2326565,0.40645593,-0.55094844,-2.2879972,3.6483126,-5.5734305,sad
95.936844,34.547028,243.82791,0.00042026342,0.0005126375,5.582591130291066,-806.90375,65.69547,22.665642,26.959015,14.208203,13.23901,-7.3702703,-1.1413018,5.3549156,2.4124913,0.7161182,6.0628304,-5.7655196,sad
164.77646,66.29291,244.76596,0.0010661597,0.0011667772,5.333587313681604,-691.8315,78.75367,4.971436,29.04505,11.37652,-2.2897718,-13.305055,-8.072376,-6.704898,1.8936969,-11.574827,3.56941,-2.4499533,sad
180.90335,73.19065,211.89597,0.0010351192,0.0013191566,6.403791044298225,-671.7823,67.234856,1.5096446,30.69197,13.41123,-6.0551367,-12.873957,-4.281409,-5.3934283,-1.3051754,-11.89407,-1.3586503,-4.93868,sad
172.7203,55.470577,230.75676,0.0014134874,0.0015420743,5.224085784987627,-692.6788,66.07176,4.070085,26.048155,11.348979,-2.2455378,-14.463196,-7.5883327,-4.7656407,-1.1004637,-14.994604,0.030840531,-3.4372637,sad
162.50838,65.06352,239.9595,0.0014352252,0.0015962494,6.459009510891504,-682.0528,77.548386,10.15676,33.231907,12.658278,0.75985205,-12.560197,-9.599924,-2.5135515,-1.1896331,-15.063663,1.9291077,-5.2789364,sad
115.47166,53.476704,208.37183,0.0013851749,0.0017609436,2.2407394440165254,-699.90375,66.947525,-0.7367179,28.375881,11.791871,-1.3287325,-5.639778,-5.3925257,-0.7465022,2.7965207,-4.7740617,4.316855,-3.1616993,angry
144.92662,70.222595,230.812,0.0020938371,0.0027288843,3.0810167355227223,-657.9312,61.961582,-1.1304355,25.684988,13.442191,0.6356805,-6.0698457,-3.8057296,1.5683075,0.8586958,-2.428416,4.566348,-1.7857896,angry
174.71338,87.12956,247.85518,0.005960769,0.007125734,2.943488368203636,-572.56384,51.859077,-11.8819275,22.328533,7.799656,-2.295575,-4.939214,-12.98106,-3.2714715,2.4381957,-6.446859,4.3473115,1.0041094,angry
168.04588,83.67732,240.80571,0.0039920555,0.004736179,3.1100901219296695,-624.9099,59.353466,-4.985331,25.31898,10.587428,-1.7535648,-5.360516,-9.454806,-0.42188734,0.07025118,-7.0050006,4.650527,-0.9412183,angry
191.88849,88.1509,249.09161,0.060958713,0.074675255,3.154729629812195,-345.65805,41.81389,-20.441118,9.590034,-6.128742,-10.658325,-5.969207,-5.053814,-3.4780147,2.4349105,-1.7277813,1.591879,-2.9625428,angry
213.02155,82.38464,247.60559,0.047463853,0.05842242,3.7130969549289707,-361.2954,44.07978,-23.286882,9.585352,-7.48123,-9.004298,-8.285222,-6.995904,-4.226976,2.1814601,-1.5966473,-0.39978373,-1.5985342,angry
195.68478,84.68084,242.82397,0.06453201,0.0785175,2.7453279380013442,-336.6683,39.850834,-19.984444,5.374036,-9.430003,-12.260041,-10.541313,-2.8210306,-7.33908,1.9829032,-1.1913735,1.7251318,-3.2752213,angry
180.9696,90.93316,231.01682,0.05936569,0.0729139,3.2739922242684676,-336.39905,38.16235,-22.705004,3.2111862,-10.394507,-5.657711,-10.471803,-2.0594447,-5.136155,3.3169925,-1.7252357,1.1748179,-1.7269827,angry
156.95624,76.245674,241.81958,0.009863629,0.01211775,3.1100901219296695,-558.4354,46.69692,-3.2658293,6.854551,0.48724708,-6.987957,-9.670811,-6.1656804,-1.5819902,-6.872581,-2.98035,-1.0730819,-4.324749,neutral
151.38914,68.060394,232.50334,0.0079582175,0.0097413715,5.472758367945272,-535.1695,51.38243,0.6353379,8.729557,-7.670295,-10.080628,-15.306524,-8.633269,-0.57165504,-5.549459,-3.4636092,0.2867839,-5.8839746,neutral
178.62862,76.848434,232.11304,0.011863581,0.013906102,2.67589851654876,-533.0951,47.828125,-5.9685674,7.371204,-2.5210633,-11.050206,-18.646767,-11.325945,1.8447499,-7.658948,-4.260654,-1.5899775,-2.329365,neutral
154.33925,60.505527,205.73717,0.008065921,0.009891267,2.1796137996798692,-586.97186,48.030712,9.612645,12.852129,1.214371,-2.3755193,-10.400216,-5.9279523,-0.21909341,-4.7680044,-4.178,0.50479496,-1.7583119,neutral
170.9045,66.84222,243.61307,0.008254446,0.009309955,5.041663749037182,-517.67773,49.06598,-9.159444,18.165636,-14.888422,-4.5996056,-20.75375,-12.390704,-7.9387164,6.277942,-7.7772183,0.68785775,2.9768937,calm
152.91374,60.977337,219.56287,0.007649982,0.009463572,3.8849769329494603,-559.8217,51.16797,-5.204222,13.988954,-3.4964435,-2.8161871,-13.321396,-3.4586568,-0.77265793,-4.6116,-3.9482565,1.3723736,-2.275636,calm
173.95552,69.21233,217.2514,0.010389612,0.01229659,2.474566950783613,-524.6384,39.492336,-5.205176,13.210987,-12.665713,-2.5858757,-18.833553,-12.731812,-2.724183,-4.9860578,-7.117708,-0.32756314,-5.302131,calm
170.21225,67.34193,212.7457,0.011092047,0.013493629,2.969962875464057,-528.7958,46.87373,-3.779066,11.862243,-11.0838585,-9.096057,-15.589863,-10.853848,-0.5130775,-7.1706,-5.190089,-0.9634369,-4.900235,calm
174.95532,68.09506,206.82893,0.008325887,0.00985272,3.211078219858512,-544.7369,51.63803,-11.710852,12.565554,-2.4444156,-9.700631,-22.774126,-9.662286,-0.2075178,-1.821281,-4.624852,3.2973704,-0.1393417,calm
180.98715,72.640236,225.39842,0.010677544,0.0128612295,3.478668071513388,-545.75946,53.953552,-8.809186,5.0226536,-2.467542,-7.372319,-20.640955,-11.656492,-0.383778,1.1967643,-3.917522,-1.9938899,-0.6151624,calm
168.81378,65.683846,193.19435,0.009668255,0.01136265,2.366047222359146,-558.1099,52.296383,-4.274256,14.93406,-7.084452,-4.0420227,-16.052937,-9.596132,-1.3213245,-5.003666,-7.1904984,-0.14250484,-1.1779127,calm
158.93822,58.26832,219.61832,0.006233743,0.0070572286,2.8666829546379997,-598.1954,58.05935,3.3045452,12.597087,1.213884,0.07507585,-11.015192,-4.396777,-2.4331713,-3.1979475,-7.2610703,-1.604952,0.1537632,calm
167.40355,72.694916,245.36972,0.016093567,0.021028293,2.2834308548594264,-491.67636,40.504356,-16.959375,9.238352,-5.511112,-5.5502,-12.887402,-11.45906,-1.398155,-5.933995,-4.493664,-3.454866,-5.0776877,happy
168.91667,88.71781,248.65515,0.017778236,0.023462428,3.746262742696589,-484.4091,40.625385,-13.719956,8.295035,-6.2844267,-9.028662,-15.3695545,-13.379523,-0.4371533,-8.665169,-7.161065,-2.0920234,-7.3029556,happy
168.65488,87.75741,247.23387,0.016155295,0.021351025,3.329990729003084,-501.02707,33.401657,-22.03116,10.147237,-8.951138,-11.601471,-22.149395,-9.98545,0.45069838,-12.252911,-4.9139504,-1.1663848,-6.8865194,happy
188.20241,85.838554,249.08644,0.01771622,0.023309352,1.7981905707381947,-498.9187,46.716972,-13.5028305,8.294524,-13.91796,-10.49226,-19.52393,-15.043513,1.3322921,-10.9818125,-4.9770875,-1.4663243,-7.9117317,happy
148.82544,80.68378,234.74904,0.0625505,0.07372899,5.733365909275999,-358.41504,28.46792,-35.34119,6.2441,-19.030645,-17.182468,-18.323591,-23.710476,-0.7174227,-13.675881,-12.085855,-1.249806,-10.372587,happy
157.82957,86.586395,227.08316,0.056788385,0.07210354,5.708577137148566,-379.04733,25.60117,-29.925348,6.6657634,-11.543155,-16.445456,-18.109962,-20.012283,-1.2591313,-11.174609,-12.602408,1.5396503,-2.7185512,happy
182.30069,91.792336,243.59753,0.07364933,0.098344445,4.281437626478016,-341.59232,15.605868,-25.814747,2.2001445,-15.23158,-14.141647,-16.302597,-20.132858,-5.3775854,-11.148391,-14.017073,3.2295203,2.3175182,happy
152.72983,92.84084,245.73906,0.06296934,0.08277112,4.785065558546221,-351.8169,19.591978,-34.452015,6.9536443,-15.031643,-15.180979,-16.045141,-22.63725,-2.004352,-12.463243,-11.213802,1.0179368,-4.0960326,happy
158.57578,65.85311,245.2255,0.0052021155,0.0064127604,3.632717158912455,-619.2515,55.02172,0.6374849,19.672302,-2.2422965,0.6357337,-10.610641,-7.465337,0.5672099,-4.8442564,-4.885637,2.59802,-0.83162063,sad
142.34976,54.398045,183.76266,0.004344175,0.0053797476,2.017218399913548,-586.871,59.1072,-1.4535122,11.909033,-2.296628,-2.084609,-17.021128,-9.364579,3.976139,-2.2182755,-5.826337,2.017209,1.5206834,sad
162.38535,62.341167,190.60217,0.005602128,0.006981643,2.8273546562996996,-605.09796,64.31533,8.52225,17.331556,-1.6664448,-2.8869555,-16.030357,-9.688798,0.5396705,-8.277975,-2.0861468,3.00519,-1.9458483,sad
154.95058,55.180344,196.86292,0.004576238,0.0057206415,3.417623765629878,-606.54144,68.408226,8.899562,8.308387,-0.07213052,-1.5573288,-15.943786,-5.215191,1.6757908,-8.130329,-2.3866906,0.7944634,-2.2784555,sad
171.92169,71.38308,238.58679,0.013115364,0.016027357,4.566861709718853,-504.99908,51.432377,-11.666022,22.156096,-5.9294906,-7.2329535,-17.09544,-11.805787,-0.45489123,-8.855783,-3.3718605,1.9526339,-4.5085444,sad
168.12308,69.90021,220.60562,0.0073536774,0.00855957,4.7615713185351165,-530.7673,54.32648,-14.5658245,22.503061,-4.209221,-11.059884,-26.554155,-14.119288,4.5617185,-6.5520554,-2.1550128,2.279112,-0.96510416,sad
148.74013,57.961643,236.90872,0.005145253,0.0071058483,3.5418724244797875,-592.54865,56.716156,13.63273,17.060133,0.6466221,-3.7184875,-18.169094,-6.958288,0.6426117,-8.335939,-1.2103335,2.1771781,-0.43791664,sad
165.68312,69.10881,230.6549,0.0071110805,0.008798951,3.641201596526854,-572.76184,49.341763,5.2268004,17.841608,-2.333448,0.64569515,-18.311478,-8.38722,-3.338751,-10.050283,-2.626494,-2.2108693,-4.405814,sad
151.20992,57.19178,249.4696,0.009458753,0.011762163,4.098426268350863,-499.8039,59.183437,-11.651272,12.41824,-12.534229,-7.980533,-23.150753,-13.2421,-2.444789,-4.62224,-4.1630044,4.5582232,-3.0674944,angry
172.59993,74.181984,242.39479,0.01821349,0.021471377,4.745254745254746,-456.1242,49.508522,-20.580658,9.836415,-14.5364065,-4.6829553,-17.197931,-11.5617285,-2.715303,-3.5750966,-7.01754,-0.50824594,-4.5244,angry
162.97755,58.797123,221.372,0.014778154,0.016537502,3.411202144184205,-489.8305,54.55431,-12.001175,3.973982,-5.7686,-6.609021,-20.155588,-10.584652,-1.1377031,-6.875989,-0.27548033,0.0889313,-6.4060135,angry
161.99388,58.470333,222.5649,0.015444473,0.017262973,3.6253776435045317,-490.0282,55.45608,-13.939736,10.015544,-10.51823,-3.6459308,-23.709124,-6.4237413,-1.6848755,-6.5164757,-0.7114568,-2.7285278,-2.4327679,angry
180.49069,78.02455,248.72316,0.05226027,0.07070094,4.075883357808614,-337.60135,30.765345,-20.727907,5.3102627,-17.896582,-7.9970813,-15.1570635,-10.713776,-4.7521763,-8.382668,-6.359837,-4.0648556,-7.1123614,angry
172.27423,83.24245,247.38863,0.060247824,0.07121381,3.578517710866952,-357.40897,34.2804,-26.4773,-3.9170506,-18.124224,-8.775056,-12.249946,-15.92423,-8.0774765,-6.6317644,-10.159422,-8.18916,-6.1775684,angry
188.06403,78.14873,241.46115,0.057794016,0.07548828,3.3586849456635823,-379.75943,31.67679,-16.667282,-3.0108182,-16.820152,-9.119492,-13.247653,-15.61129,-8.212857,-6.4331822,-8.94556,-5.672213,-2.9111862,angry
182.40063,81.02111,238.22556,0.059342034,0.06999812,3.3836858006042294,-373.75674,25.110758,-20.046146,-3.2691507,-19.603344,-8.737036,-15.374363,-13.717347,-8.541928,-7.3245177,-7.9719405,-6.2094145,-5.5549483,angry
135.0035,71.458206,225.72098,0.0018271687,0.0023817376,2.8694404591104736,-717.67584,61.743233,21.915865,21.166388,6.9732513,8.439025,3.1780472,0.85621345,-0.28632686,5.2026644,2.1584914,0.92544025,2.4977005,neutral
134.0231,72.300644,230.83778,0.0025722047,0.0032980947,2.9003021148036257,-688.33685,63.238277,19.072153,18.218452,6.7764816,8.756211,3.2048607,-1.5897468,-1.0306308,4.8321495,0.23679237,-0.27977356,2.1791449,neutral
139.41516,68.665955,227.53864,0.0021968978,0.002839021,2.4974635136189804,-686.5837,56.036495,21.19786,20.427727,5.8066497,6.857334,1.1525462,-1.5924076,-0.74405223,4.018285,-1.7828149,0.69291663,-0.378638,neutral
129.21758,66.08998,228.87851,0.0022776679,0.0027102723,2.8392286762096295,-690.108,67.33182,27.456654,25.447813,9.843899,8.578855,2.0968733,-0.24818154,1.166856,7.8722076,-0.79920214,0.9825531,0.0087353615,neutral
116.79976,56.526676,208.27403,0.0011184375,0.0012879081,3.975611154647451,-727.0915,63.22877,23.019209,25.075554,13.037636,13.585065,5.2407374,2.0861487,2.84959,9.321501,0.036742255,0.08177731,2.206647,calm
111.30857,51.946938,197.63518,0.0013683436,0.001460427,3.5963811414763893,-707.71405,72.59266,23.41332,28.093414,15.072644,12.842884,2.0948133,1.4204128,0.6990022,7.743586,-0.9443412,0.43195197,0.71191883,calm
120.93628,63.281643,227.52928,0.001950845,0.002519005,3.896079569932755,-700.4567,62.580063,24.906261,20.920515,8.058102,10.086849,-2.8480268,0.106578045,0.7379178,7.503986,-0.7387756,0.044961985,-0.76056135,calm
132.84187,63.756664,238.20949,0.0013503963,0.0014164557,3.8143241494397713,-710.18097,61.419262,25.735147,21.846804,14.968394,10.399457,2.7772481,1.7906448,-0.7567054,11.546799,1.0118247,-0.5340174,-1.9215474,calm
110.66174,53.9243,180.71768,0.0010394405,0.0011586344,4.430328202622364,-714.6609,68.75441,19.667122,23.39129,14.105485,8.803297,4.184456,1.6332088,1.2746549,10.903212,1.280244,-0.48124865,1.795251,calm
126.90412,57.057877,212.20203,0.00096230657,0.0011356137,5.8868782821018835,-731.48206,53.02114,19.784859,24.881266,12.719873,11.120791,4.385028,4.328861,-1.3965324,9.33374,-1.3972044,0.67615277,0.7359856,calm
129.66237,59.912968,198.60529,0.0012762512,0.0012953766,2.6522121106635503,-713.602,61.296875,23.12917,24.036602,13.237122,9.819052,4.1866465,2.592217,0.83685094,10.298421,0.8692274,0.7924757,0.68395275,calm
143.28394,66.97728,203.20377,0.0014707792,0.0015657882,2.8666829546379997,-709.4687,62.759068,20.705624,22.910246,11.46353,9.816363,2.533787,1.5101473,0.2689862,12.26343,2.2110188,1.3880905,-0.5982565,calm
142.57216,59.305313,230.42247,0.0035242983,0.0049207816,3.5448136958710976,-655.0114,55.852604,9.783184,14.79726,5.842651,4.410305,-4.505299,-1.9739563,-4.5908127,4.5423074,0.30579358,-0.9129644,2.2386255,happy
131.82487,72.15814,230.94427,0.0036137493,0.0047147837,2.809646452821353,-651.465,58.453644,12.694603,12.294457,8.803354,3.8024633,-0.5625665,-1.4478879,-2.0531008,5.4679675,-0.63252765,0.18464017,0.329899,happy
127.73731,66.66226,214.55536,0.0036524504,0.0050193,2.8392286762096295,-652.4688,51.995773,14.465606,11.810214,9.283952,2.9341223,-2.6438525,-2.6097517,-3.2243605,5.29122,-0.2995573,2.7018538,-0.12886715,happy
141.55666,68.658134,209.29364,0.0042170277,0.0058162245,2.7806743135210286,-642.1653,52.8286,14.870348,14.516708,4.767929,3.6406171,-1.7606285,-1.231615,-5.0063553,3.7099771,-0.98735845,-1.5694808,-0.42985108,happy
183.60753,64.95069,227.49568,0.0162548,0.020676875,2.724542555497074,-479.18137,47.42976,2.9634333,5.248016,-1.3241972,1.2670559,-2.186783,-5.7336936,-9.441174,3.781481,-2.2548692,0.6091,-3.5515757,happy
158.2959,67.96925,220.33955,0.01737711,0.023417808,3.84932636788562,-473.84012,40.65468,0.3901385,8.211368,-1.743003,-0.053192932,-0.884378,-3.2593966,-5.50011,3.6062868,-1.2771525,0.7244205,-1.6038643,happy
163.56194,63.80845,215.2317,0.017286602,0.020905135,2.583603804356602,-492.20007,42.32768,-4.775623,2.3577769,-5.8150554,-1.2849313,-5.6364446,-8.900262,-11.724961,-1.0702969,-5.058316,-1.2180115,-7.3557973,happy
139.16714,58.615868,212.16968,0.014120757,0.02069065,2.854288568574283,-511.58002,42.116734,3.2633815,3.2842615,-2.3219497,-1.2946081,-5.981749,-3.8531919,-10.349968,0.19659682,-3.1643653,-1.742524,-5.0500755,happy
135.71974,69.03549,214.85818,0.0018810926,0.0024331715,3.896079569932755,-689.55695,54.213608,17.317915,21.992868,10.876545,7.216346,4.930768,0.3118508,-0.14646593,7.7729316,-0.8388571,1.0593387,-1.5977179,sad
116.54557,51.103302,182.31213,0.00169606,0.0019606734,3.6074785805959277,-692.35345,61.671883,24.6057,25.578749,10.200849,8.910895,4.3756256,-0.009604252,-3.008694,7.837858,2.2083437,1.2165012,0.28435805,sad
156.4397,73.70028,219.81085,0.0020797364,0.0026666108,3.3928255875596394,-686.6603,56.010204,24.03641,18.341227,5.1420636,7.7401366,0.77524054,0.77024275,-4.826221,5.301879,-2.5255141,-1.8152423,-3.382764,sad
145.67096,69.06679,222.25256,0.0024242913,0.0031788088,2.327738274927713,-692.8301,57.892326,23.48534,18.704666,8.137654,8.931098,3.298147,-0.81437445,-1.446493,5.424106,-1.3379501,-0.47828695,-1.6543113,sad
137.84746,62.935524,230.67188,0.006052812,0.008186176,2.996984284563658,-593.24316,46.802658,6.270989,7.0386534,0.80152154,2.1566703,-4.4651937,-3.0832462,-8.251519,1.0870457,-2.614808,0.03303212,-1.8398459,sad
169.88771,50.233955,208.9957,0.009501506,0.011665249,4.439973637656526,-530.3864,56.60191,4.4887524,11.714865,0.99643713,-1.4624827,-6.2214127,-6.060384,-9.386578,0.845619,-4.3094625,-0.27393457,-4.8005304,sad
146.80974,55.95828,226.53271,0.009068714,0.011569492,3.2640344207266185,-566.1399,44.56035,5.2124743,8.2332,-5.282695,1.5721596,-7.1817183,-8.974915,-10.154529,-2.0660262,-2.1158893,-3.199905,-2.8034596,sad
178.45638,70.08123,248.34811,0.008697285,0.012766538,2.996984284563658,-527.8197,41.2179,8.409617,9.202403,-2.876026,2.7253811,-8.244888,-7.113782,-12.049478,-0.4408727,-4.046974,-3.596226,-3.2768726,sad
151.2193,55.485233,211.53354,0.008947057,0.010977638,3.0524818758888617,-529.7608,44.756737,4.9362755,8.622213,-2.0561662,2.2230527,-0.7891928,-3.5452614,-4.987952,3.4575996,-2.9423625,-0.3624552,-0.9990666,angry
137.39632,62.19969,219.24677,0.005740419,0.007241515,2.8816886695603623,-573.3686,47.896645,14.338893,9.652486,2.0103195,3.9361956,-0.42012653,-3.3773913,-4.883439,4.5772686,-2.794129,1.7463864,-2.1895971,angry
149.49945,59.61504,245.11974,0.011928589,0.016258717,2.3053924570440545,-524.1344,41.534035,3.6461682,4.436801,-2.9978712,2.8241227,-3.9682229,-5.0364304,-8.207677,2.5481806,-4.29651,-0.5651947,-2.2020872,angry
143.03773,61.45128,247.27452,0.011016579,0.014037772,3.7461952704284713,-524.44745,45.4105,7.2523265,5.476993,-2.0452175,2.950864,-6.196778,-4.122175,-9.531116,3.3350766,-5.7656684,-0.19520815,-3.1589735,angry
152.32436,72.75854,243.7142,0.023551967,0.029998817,2.2618837250397594,-435.73383,32.253593,0.2736581,4.66996,-7.8801093,-1.3794082,-1.7042563,-2.3525567,-9.722323,1.7308693,-3.127894,-0.8313868,-3.1657066,angry
194.51218,88.44721,243.31764,0.052649178,0.061855644,3.2740437588540847,-362.96454,24.873354,-5.602763,-0.74149513,-13.126822,-2.8200936,-4.8372245,-4.4896765,-12.403132,1.4198538,-4.6391788,-1.0335116,-2.516986,angry
216.86107,59.95999,230.78922,0.04852224,0.060874835,3.5557248757877358,-358.19534,35.71101,-1.559872,5.7525697,-14.11223,-1.8741617,-1.0958781,-3.6449845,-10.904666,2.0295792,-4.931209,0.3000385,-3.0022511,angry
241.81963,52.793198,228.3123,0.061382473,0.08266371,3.1826545327962603,-342.47156,19.830414,-8.573756,-2.7547405,-15.591322,-0.4464701,-5.3013015,-4.1812067,-13.585457,1.7881312,-6.1976833,-2.798385,-3.819642,angry
177.185,53.786755,216.48509,0.002701738,0.0032207647,3.5743744844652188,-671.61743,53.924885,-2.6705272,11.843281,-6.2433605,-2.1648936,-8.2053385,-13.0683155,-6.4489093,-6.097054,-5.2981825,-7.9476104,-2.125913,neutral
168.6893,58.984367,227.38377,0.0025551124,0.0030577085,4.241031984449549,-679.1837,51.406338,-3.4462028,12.844463,-4.680482,-1.7194911,-7.796886,-11.107498,-2.5168328,-5.179422,-6.6072984,-5.6969104,-1.9808617,neutral
175.17587,60.966312,231.7212,0.003413002,0.0041616075,3.8849769329494603,-654.4151,53.368435,-4.57128,11.4714775,-1.1726109,-6.2954187,-13.610129,-13.728305,-2.2621229,-6.210736,-5.2030473,-7.8985558,-2.3357496,neutral
161.43437,55.18243,220.66293,0.0030368718,0.003532684,2.1996150673632116,-668.37463,50.137928,0.017342232,8.107463,-2.0933082,-1.6944865,-11.090559,-8.203695,-0.9479382,-7.4677095,-4.393981,-6.8265595,-2.1590261,neutral
199.51076,59.292225,245.82114,0.0030257136,0.003457963,3.1003245652279223,-648.5977,53.11885,-3.4520266,9.738921,-4.655386,-1.2768232,-6.9486957,-9.258738,-5.4624844,-6.3016467,-2.9603732,-8.332234,-1.7346958,calm
186.68971,63.61553,233.83119,0.0024580853,0.0028986633,4.243539377061681,-651.7505,62.39102,-3.8691201,12.755565,-2.8348582,1.5185564,-10.833031,-8.15979,-6.9466453,-4.0427814,-2.6631305,-10.607104,-1.164212,calm
173.11273,57.105324,222.49182,0.0032821905,0.003769613,3.4478757438626153,-658.1588,45.571697,-6.232176,8.822709,-3.82131,-5.7737064,-12.462382,-12.202355,-7.538239,-7.419651,-6.1286125,-10.233873,-2.303484,calm
198.09583,50.218426,218.87741,0.0029348817,0.0034346553,2.1796137996798692,-663.22845,45.921703,-3.7027078,10.732632,-3.587811,-4.6248217,-13.412123,-11.625922,-6.501258,-7.480327,-5.90756,-10.944328,-1.8564559,calm
175.45486,63.851936,229.31079,0.002589811,0.0030902943,2.7703447190303794,-662.35425,47.322716,-4.7663374,10.225512,-4.8247204,-2.8894243,-8.086138,-9.656745,-9.399715,-6.6278625,-4.827835,-9.933779,-2.2037947,calm
203.49821,56.28479,218.81538,0.0026970957,0.003260446,3.9783181659953257,-660.0201,57.71532,1.8453963,16.034035,-1.6156323,-0.23119095,-5.2838182,-9.485084,-4.7401876,-4.4262457,-3.9757364,-7.9113135,-1.6924231,calm
205.49774,57.135292,229.30975,0.003052563,0.0037244104,1.8730976352142357,-664.18066,48.792717,-1.5887032,6.6115365,-4.5526433,-3.5499167,-13.224206,-8.777666,-9.485053,-6.022526,-3.4323945,-11.9445715,-1.4290943,calm
202.73358,54.381363,230.59052,0.0029401933,0.003398692,2.366047222359146,-663.4891,48.03593,-1.0756527,5.6950054,-5.9883432,-3.6086621,-12.71298,-9.737559,-9.017936,-8.954862,-4.1723385,-11.324359,-2.978513,calm
190.44167,63.187485,239.79114,0.006394248,0.007646476,4.049949375632805,-588.1089,46.2573,-21.611341,12.268475,-11.383695,-3.9612648,-12.477968,-11.145016,-1.4911919,-5.292301,-2.7819605,-9.842973,-2.3708568,happy
178.73434,67.73219,227.48819,0.0066529782,0.008126469,3.211078219858512,-583.1513,51.407078,-17.036606,12.419307,-8.30522,-4.057611,-8.843415,-11.583142,-0.7743003,-3.4108944,-0.2393178,-7.2775555,-2.2808504,happy
203.08809,66.30256,231.72806,0.005779698,0.00752092,3.1397174254317113,-582.12445,38.80771,-15.66464,9.639017,-12.205538,-7.6039586,-18.81474,-14.506105,-7.3736362,-8.287669,-4.528652,-13.36384,-4.1375318,happy
190.674,65.10304,223.77681,0.0071809725,0.008787262,2.9434391410509417,-574.64624,43.118317,-18.818369,11.432166,-11.404841,-9.955988,-17.016172,-15.325583,-3.500774,-8.997366,-2.7760746,-11.566152,-3.5135303,happy
163.98434,86.002396,245.38364,0.022483936,0.033613622,4.28138193494678,-461.82635,29.888948,-23.934141,7.5881863,-11.537473,-6.637336,-3.931774,-8.010103,1.4384079,-1.7910259,0.39325806,-3.7027912,1.6691686,happy
163.89388,83.99937,236.52509,0.021703118,0.029518854,4.350453172205438,-470.04614,30.375875,-21.059511,9.587893,-8.888365,-6.5092435,-2.666124,-8.140864,1.9484677,-2.1429598,1.6035073,-3.8958752,-1.8136193,happy
206.63263,68.56624,248.76265,0.012040109,0.01579086,3.329971343035077,-532.5121,34.02249,-22.207811,7.5631685,-11.403782,-8.292998,-12.988604,-13.724583,-1.4710577,-8.216422,-5.243804,-7.6189938,-5.1933165,happy
189.25304,74.76181,247.79544,0.026903372,0.032764107,3.77774279867779,-461.4482,23.216736,-36.05577,-0.18574421,-16.843899,-14.932692,-11.233953,-16.175718,-1.9415709,-8.689753,-3.8411222,-4.5832806,0.77375704,happy
203.59541,63.83433,239.71992,0.0051747346,0.0066472106,3.5418724244797875,-607.35516,49.292084,-13.250259,8.027101,-6.712912,-6.332768,-11.95242,-13.933603,-4.474446,-5.648713,-3.1302054,-7.5680537,-3.9550247,sad
210.06801,68.99361,249.71962,0.005019462,0.0056697223,4.439973637656526,-602.9377,57.13116,-11.129558,12.200434,-5.957297,-6.0491567,-16.37285,-16.597637,-0.12127252,-7.218903,-2.540462,-8.525034,-1.9755921,sad
172.55406,68.944214,228.79437,0.0032537656,0.004159391,3.5418724244797875,-643.5884,37.3397,-2.1946783,7.237174,-1.8242172,1.677879,-12.133219,-9.763294,-3.1995292,-4.6213055,0.68713427,-8.721854,-0.66722465,sad
210.5615,56.04787,229.82153,0.004377868,0.005399993,3.0810167355227223,-619.9806,44.383465,-9.319397,7.77201,-5.983796,-3.889997,-16.67667,-15.394002,-4.714943,-9.532076,-1.6389762,-10.823259,-4.052727,sad
218.5466,84.82396,248.87144,0.014093325,0.01796279,2.583603804356602,-517.7404,40.14826,-19.445515,4.8776536,-14.520422,-10.693181,-11.24604,-15.892291,-0.6645946,-4.064484,-2.8820367,-0.37618092,-2.3444157,sad
217.9128,75.86049,241.98436,0.019813662,0.025116572,3.7130969549289707,-481.36774,32.74456,-32.772266,-1.7123169,-18.528334,-14.051673,-16.869589,-17.937817,1.7653782,-7.9151893,-4.8075037,-4.7484117,0.009747317,sad
240.47878,61.00884,246.66615,0.015054251,0.018393073,3.154729629812195,-517.8257,26.332302,-25.761307,-3.6503623,-14.215188,-14.353972,-14.6007595,-18.730078,-2.0607154,-7.3227496,-6.4409466,-4.1822495,-7.3181505,sad
188.30118,80.211876,227.27133,0.023914134,0.029959004,3.1003245652279223,-459.86935,24.867075,-26.617569,-3.7878826,-15.529104,-15.7646475,-11.49253,-17.144299,-1.1007019,-5.5245247,-4.89391,-2.455573,-5.296129,sad
153.76906,57.699696,220.6411,0.0060599297,0.0077618137,3.51210946074486,-573.7029,46.2274,-3.0487041,9.26467,-8.199549,2.1778753,-4.939845,-8.484935,-2.8921773,-3.3830805,-2.7406209,-3.6849382,-1.3130078,angry
179.81517,57.278915,223.25626,0.0069390396,0.008903384,2.5184951991185267,-562.4443,47.82816,-6.3568068,13.948827,-7.4776487,-0.68472946,-5.6565757,-9.907001,-3.352649,-2.017377,-2.474146,-4.734036,-1.3576014,angry
177.47163,55.031593,228.79233,0.0044227494,0.0055054543,2.9434391410509417,-618.84204,47.09337,-0.75339746,7.69236,-3.5849814,-4.195743,-12.802499,-10.982707,-3.8722248,-9.115276,-3.7993007,-9.374801,-3.453387,angry
176.96857,57.447384,229.9308,0.0047785565,0.0063426723,2.175226586102719,-602.7196,39.26406,-7.5242505,6.502476,-8.233526,-5.2433577,-14.241027,-12.54163,-3.0338562,-9.057534,-3.5257409,-9.168857,-3.5688179,angry
200.12978,73.57017,234.59161,0.023944236,0.037611116,3.5743744844652188,-434.90372,39.348347,-12.447448,3.2421706,-9.069116,-1.8290867,-1.8243138,-8.481354,-1.0430279,-3.5430732,-1.4808664,-3.2851021,-4.718019,angry
255.58307,26.838345,150.64331,0.052042697,0.0720947,4.086775874399755,-366.4473,29.190691,-24.625286,-4.337716,-11.885275,-4.5076475,-3.3480802,-9.762997,-2.7007625,-6.0031943,-3.7365775,-5.5104127,-4.960829,angry
217.96019,56.983837,242.5595,0.021817839,0.031142676,2.6289413581768293,-463.1262,40.98177,-12.609187,3.712183,-8.390005,-2.5605521,-5.9170737,-12.70006,-2.2939203,-7.0275493,-1.2604046,-4.885942,-4.4476275,angry
231.76465,65.56373,232.3367,0.040305734,0.054291207,4.951543285283818,-405.2791,37.37478,-21.138288,-6.114494,-8.990743,-5.3009367,-4.927432,-11.887437,0.35913113,-1.9843942,-5.0786133,-4.752616,-8.115665,angry
127.14932,68.617424,228.03397,0.001954717,0.0028871468,3.1546985291218106,-727.8245,62.115913,0.054145336,15.53574,5.4364376,0.32508826,-2.9627488,-3.7934332,-1.336473,3.8823788,-1.9945301,6.6225777,-2.3939397,neutral
120.515785,68.94998,231.28235,0.002013218,0.0029427833,3.434079335037365,-708.4268,60.55888,1.2293229,12.4146595,5.003311,0.6530107,-5.1920295,-4.196484,-0.58549434,3.2669053,-2.319758,7.118277,-1.7109878,neutral
128.12546,63.523438,228.77582,0.0020559076,0.0030312834,3.5833536932974996,-712.13837,57.39383,-0.60688525,12.745105,7.024855,1.2855867,-7.137325,-5.6839976,-1.028302,4.804419,-3.252776,8.027534,-2.3860092,neutral
146.7916,75.66561,231.52771,0.0024899142,0.0036387383,2.2317870237525907,-694.5659,50.742218,-2.2981482,13.333029,3.8975775,0.57016325,-6.446795,-7.990958,-1.628063,4.484458,-5.282519,7.8341956,-4.7055955,neutral
142.47003,67.00113,227.5929,0.0016586395,0.0021165758,3.632717158912455,-711.30695,76.34759,5.3585105,21.052565,8.712029,3.0168865,-5.373824,-4.514052,-0.5112285,0.6562173,-3.1518805,10.569691,-3.20984,calm
141.29655,74.36119,227.53177,0.001826439,0.002483612,2.8392286762096295,-722.6774,71.07176,1.8291855,17.16859,6.8826857,2.665207,-3.5565052,-2.8743155,-2.291484,0.311429,-4.331246,10.80566,-3.1599038,calm
143.31023,76.32348,230.43845,0.0016495842,0.0021461667,3.5070938944683565,-723.74994,69.51018,10.7073555,17.402416,8.740743,5.644355,-4.073614,-4.7401457,0.81569356,2.7553017,-4.6025834,9.886097,-2.4031284,calm
146.27826,74.89387,226.84814,0.0016416357,0.0024326222,2.3839424448181177,-721.1196,64.31542,5.5729384,16.548683,4.398678,4.378467,-6.8791957,-5.692659,0.03900871,2.8708558,-3.2130213,10.071333,-3.1099246,calm
121.75461,59.13945,227.57388,0.0016169166,0.0022091407,2.550613741431532,-729.1753,67.64685,3.7001731,17.828672,9.449435,3.0821536,-5.260759,-5.682016,0.9609319,5.7278395,-2.2340875,6.827388,-2.6851966,calm
149.42389,68.7114,230.69806,0.0021578954,0.0029651572,2.185280574416608,-700.5118,64.564804,-3.645659,13.777,7.9618607,2.173726,-4.4109774,-6.9346023,-2.4730659,5.0100775,-2.9763515,6.250004,-4.118529,calm
139.55884,75.986496,225.52199,0.0020397515,0.0031208887,2.331002331002331,-700.412,56.31798,-0.3839392,16.601871,5.370268,3.1619792,-5.591091,-8.469783,0.7277204,5.164726,-2.0316942,7.99496,-4.021843,calm
129.44608,72.02934,212.40524,0.002118514,0.0030560815,2.9640607632456466,-708.53125,59.96003,-2.7052739,15.081983,2.8180308,2.2010608,-4.121284,-9.01815,-0.65358484,2.65316,-1.158688,7.3857565,-3.3559284,calm
142.81151,66.867294,233.39194,0.0036179458,0.005070078,2.471758231148016,-658.9008,54.06463,-8.249562,14.40019,3.0410528,-1.6735811,-5.8675985,-7.8011656,-1.833772,4.4492817,-5.226819,8.384755,-6.3535867,happy
158.49918,70.05975,246.55753,0.003444258,0.0045731682,3.746195270428471,-665.2159,55.38753,-7.3215604,13.719396,5.2646875,-1.8266238,-5.371586,-7.7706556,-3.2418077,5.513667,-6.1924944,8.604018,-6.375518,happy
148.09064,74.45671,227.2982,0.0033733025,0.004801903,1.912960306073649,-654.4929,49.24912,-1.6363288,9.90654,4.0173764,-1.1869471,-8.480831,-8.257088,-3.9669065,3.373439,-4.999766,7.5646095,-6.90375,happy
152.12595,77.60982,227.1498,0.0045370376,0.005988833,4.058378209630844,-636.255,48.839024,-1.6998234,9.399966,3.1192348,-1.4558688,-13.382699,-6.0864167,-7.099094,4.9027,-8.175387,7.116388,-8.158259,happy
161.73158,74.946724,234.71222,0.0055138734,0.0068429485,4.073541981123498,-577.90344,49.742096,-10.452777,14.501434,5.7650423,-6.483935,-9.051545,-5.7854943,-4.198082,3.9482625,-10.455848,7.3799877,-6.529584,happy
176.02806,69.18747,245.77367,0.01218423,0.014714422,3.8849769329494603,-519.17194,47.846462,-6.3867393,4.414956,0.4006578,-10.044722,-14.421232,-5.9757347,-11.2575655,1.7624471,-11.9414,1.1828511,-9.510018,happy
199.0887,78.84255,245.62274,0.012549337,0.016844066,3.5607648226108566,-517.5515,29.3267,-6.778689,-4.8458095,-3.969125,-8.034145,-16.945057,-6.369865,-10.804251,0.72618127,-10.546097,0.3837355,-9.906271,happy
169.07784,79.74082,230.86928,0.01256409,0.016640976,2.3975874276509264,-535.3,34.568695,-7.5750947,-3.2647915,-4.2544947,-6.3951416,-15.233761,-5.538858,-9.70769,1.9023393,-9.574393,0.97416127,-7.437518,happy
135.06403,71.36998,246.19353,0.002077772,0.0025453635,3.641201596526854,-703.17926,71.54616,12.867942,17.282421,6.48201,3.666998,-4.6784835,-1.0194457,-0.18558371,5.090634,-2.2705312,5.4740796,-1.1652855,sad
155.59248,73.60316,231.36945,0.0018190779,0.0021279454,3.3928255875596394,-711.6397,69.40672,8.623326,16.597706,7.9755144,-0.40032697,-10.039372,-1.5091442,-1.530362,3.2588894,-5.7517815,6.592904,-0.10118366,sad
143.59572,73.16634,201.11061,0.0018993802,0.002434563,2.9096728436596413,-710.0423,65.11189,6.497134,14.327935,6.996817,0.3384773,-7.0580106,-1.269232,-1.5819213,2.1703517,-2.5761092,4.5338874,-1.8448143,sad
152.59769,75.94794,236.68604,0.0020089443,0.0028284236,2.3738432150739044,-704.4846,63.690205,6.52002,11.533953,4.1612144,-1.9545603,-8.915209,-4.1008034,-1.4067528,1.5230533,-4.551123,7.3196526,-1.264291,sad
153.61836,82.69488,229.59973,0.0034523592,0.004518782,3.5963811414763893,-660.15173,64.20225,0.31640032,17.086153,3.0959995,-2.5840821,-9.7464075,-3.3614686,-4.1438837,1.8986287,-4.956057,7.488165,-3.600151,sad
144.78374,71.73408,244.30069,0.0024948185,0.0032085027,3.632717158912455,-673.2056,57.890556,8.200388,17.848665,4.4245486,-1.5889285,-8.976111,0.25623387,-2.5567539,2.02825,-3.25436,4.351145,-2.2848089,sad
129.66318,70.820435,229.13853,0.002648443,0.0034196689,4.655476549855426,-688.2738,68.21663,9.115482,11.4678755,5.6335783,1.1387242,-5.0341578,-3.1584992,-3.7719758,4.057664,-3.2588174,7.5858316,-1.521813,sad
131.26396,66.531944,202.0841,0.00197596,0.0025360838,2.497512243663538,-708.735,60.772022,15.666278,18.072306,8.494926,3.1760066,-3.1102986,-0.017445706,-2.8970966,3.0554233,-2.2721322,4.8764143,-1.4079723,sad
147.26071,75.788826,230.96463,0.0055043716,0.007107876,2.618705559293677,-600.42944,49.07952,-4.534225,13.190784,-1.896946,-2.0469706,-4.2234383,-9.140183,-5.1712766,-0.96573234,-4.8414097,7.0568075,-5.5212054,angry
152.09862,68.77751,233.519,0.007464987,0.009521355,2.5446191906697293,-562.01636,43.76876,-6.2570343,9.056821,-3.8922014,-2.385748,-5.9568844,-8.551051,-5.2776966,0.017779583,-6.364393,6.118279,-5.675499,angry
174.16293,80.93434,248.87802,0.0071614846,0.0093499385,3.8849769329494603,-555.1802,43.126465,-5.09204,11.500177,-0.5850063,-4.0754604,-5.4086246,-13.686268,-7.378526,0.096907794,-8.505014,7.154259,-5.726262,angry
143.96889,63.86356,234.4255,0.009177273,0.011892815,3.5607648226108566,-552.81934,40.862366,-7.30226,8.813789,-3.6546285,-4.739155,-8.619911,-13.417959,-7.7720747,-1.178625,-9.315292,4.7284,-7.1800556,angry
177.13011,90.66478,249.11977,0.053247493,0.08300318,4.631679324319722,-346.33276,13.397866,-12.956175,-4.190951,-10.43268,-7.585283,-10.400049,-6.4630847,-8.764157,1.7452908,-8.400546,0.21169043,-5.0409284,angry
200.38483,63.20549,247.09155,0.028565656,0.040350597,3.9803907221775083,-411.353,33.105694,-5.944068,7.2825437,-6.6075797,-8.635564,-3.5173676,-5.442981,-5.069015,2.4826858,-8.43111,3.6402774,-4.3830276,angry
178.26744,92.12067,245.37466,0.04260258,0.052570898,3.641201596526854,-395.47275,19.499796,-14.161879,-6.138322,-9.070949,-7.454795,-11.869758,-8.18138,-10.039876,3.3085463,-6.6235604,2.328293,-6.9374857,angry
181.8405,79.10216,245.69125,0.090091534,0.121811904,5.034914736116523,-312.6154,4.078807,-17.515005,-14.145942,-15.056305,-7.1189117,-13.996258,-6.1979346,-10.9319105,2.1057847,-8.223564,-3.992289,-9.410962,angry
165.33257,79.548645,244.81601,0.001160733,0.001620386,3.169914628435575,-751.84094,38.964073,6.292921,7.3467383,-11.619474,-2.9993389,-10.514668,-5.6273084,-5.410752,-1.4767053,-6.8036437,-1.7058667,-4.326369,neutral
141.60207,80.92436,244.47302,0.0010758371,0.0014973396,4.195777998389121,-748.71967,38.65934,6.532787,7.2259665,-9.463096,-2.9285917,-11.370197,-2.6274803,-4.048872,-2.5178425,-7.4761176,-1.3110133,-3.5557013,neutral
144.65779,86.27792,243.58882,0.00153387,0.0020552247,2.0171820686922537,-724.28986,36.00295,3.5444486,4.618306,-8.397799,-3.878656,-14.213422,-4.5512056,-4.733241,-3.1382637,-7.727298,-1.7431946,-5.6629987,neutral
154.2835,82.385506,217.60236,0.0016509121,0.002140696,1.9606470135144598,-719.42224,39.700886,3.988538,1.9107829,-10.985794,-2.3315449,-14.988971,-3.3959231,-6.16127,-2.9090152,-7.0709186,-1.7762648,-5.8740106,neutral
183.20073,41.108868,205.07559,0.0016692062,0.0024108617,4.01384777482314,-702.02704,33.82004,-0.12366142,3.8525658,-12.71683,-8.873894,-12.32028,-5.8750134,-7.783208,-4.4375668,-8.466718,-5.0304804,-4.2437415,calm
200.431,56.046368,235.58475,0.0009788694,0.0012262287,2.800924305020657,-771.4652,35.98457,5.775716,8.107239,-8.406911,-3.3801677,-11.022578,-4.5872335,-8.793169,-2.333791,-8.899062,-2.6853032,-5.3509727,calm
219.85802,51.98439,226.28304,0.0017465309,0.002372998,2.350564686438344,-709.80255,22.292505,6.8388634,2.217444,-8.715814,-5.4496207,-12.962148,-5.365045,-8.288456,-6.0221987,-8.98764,-4.6612864,-5.6412144,calm
211.59244,66.01482,248.04163,0.0019143531,0.0025880886,1.998001998001998,-717.4489,28.704924,4.0771494,5.155015,-10.687563,-4.537264,-14.097633,-6.0073323,-8.151707,-5.771968,-10.291721,-4.86877,-6.547737,calm
188.21924,41.671875,225.52885,0.00056333205,0.0010065365,2.325243423920942,-771.9559,39.33837,6.093522,4.3871036,-9.161193,-3.3832653,-10.556338,-4.4746675,-4.0118756,-1.6305524,-8.455488,-1.76191,-6.044215,calm
217.3073,41.9715,225.27026,0.0008049718,0.0010513539,2.305364775947361,-763.65875,29.610485,3.9996672,6.993894,-8.928644,-5.1510024,-10.218676,-5.1839366,-8.073641,-3.3086326,-10.374905,-2.9833915,-5.2599583,calm
195.54689,56.217728,225.71956,0.0009321799,0.0013525697,2.943488368203636,-771.90704,39.80043,5.744032,0.5758148,-6.315733,-3.054692,-12.763923,-4.0931196,-4.5880966,-1.2855582,-6.2236905,-2.0848343,-3.742344,calm
202.76512,52.84377,241.74132,0.001458494,0.0016585815,2.3869908995971953,-736.67505,34.811707,6.3876586,3.4933228,-10.142244,-4.334953,-15.537207,-2.359202,-8.390368,-3.453748,-7.235337,-3.530103,-5.5747523,calm
159.37108,91.80218,246.75977,0.010551081,0.013262386,4.859939250759366,-527.58636,22.456684,-15.895561,12.292683,-22.412298,-6.427868,-15.42944,-4.5899186,-6.5922327,-6.8950257,-0.3556043,-5.73091,-3.1073399,happy
181.58194,88.03577,244.01123,0.01017249,0.012753675,4.086775874399755,-548.0972,26.394112,-15.075268,2.774965,-16.17084,-7.293372,-12.372964,-3.107543,-6.110083,-5.8968844,-6.160305,-8.185624,-3.2268527,happy
223.74004,54.91839,242.43494,0.0062253284,0.009056513,1.7629235148287576,-590.66547,22.936487,-10.250006,3.9602706,-15.503655,-12.970217,-19.405735,-3.4390562,-9.768799,-6.8240075,-4.8328915,-4.6719356,-8.075818,happy
201.88643,69.619156,239.5178,0.0069379583,0.0090356385,3.169914628435575,-588.6107,23.074993,-10.914702,2.5207214,-14.939221,-9.675681,-15.888687,-7.2891264,-9.303475,-8.358203,-6.1457367,-7.023601,-7.6120853,happy
132.47722,81.43269,245.12361,0.025193995,0.031710938,4.508760588128036,-442.4983,11.729103,-34.023464,2.2556384,-27.886938,-9.542468,-12.8850565,-10.105034,-3.0134516,-10.120222,5.464761,2.3025844,11.170509,happy
164.33023,87.393005,244.02376,0.020578949,0.026107464,5.084207181442644,-451.44196,11.019691,-31.73993,3.9664583,-26.601692,-6.3613014,-18.079237,-5.937723,-7.334697,-8.158587,-1.0367863,-6.95448,2.9585505,happy
131.89902,81.318665,227.47577,0.029026521,0.03785893,3.648505578630181,-438.60165,3.9991643,-41.713367,5.3924103,-29.350866,-11.986772,-19.817778,-8.450635,-4.250375,-9.150434,3.6998978,2.206896,10.524854,happy
130.2805,70.84988,228.02095,0.025779251,0.032638703,4.281437626478016,-460.9372,7.1232176,-33.183426,6.1678395,-25.621262,-10.930388,-17.544119,-11.654614,-6.9379177,-8.6273575,5.5055747,10.283451,11.497441,happy
168.37141,79.26223,227.52951,0.0016618823,0.001965943,4.01384777482314,-696.8244,43.773735,11.321824,11.754995,-10.5797,-4.9879866,-13.103261,-3.6315942,-8.146716,-1.4120821,-4.86332,-1.0530419,-2.9046123,sad
191.89676,62.862297,216.83017,0.002339643,0.0028396018,2.497485171181796,-696.9926,43.150524,4.6349673,4.653166,-10.581664,-4.8162913,-13.08467,-3.087377,-9.088864,-4.6570687,-7.6187224,-4.327054,-3.3854017,sad
152.70412,95.6562,245.91447,0.0017237522,0.0023674604,2.774983523535329,-672.91113,31.095251,4.6473947,7.264015,-12.861792,-4.625311,-17.252748,-2.4240634,-7.071337,-3.18572,-6.591911,-1.6685144,-5.403198,sad
144.80864,92.00185,243.2432,0.0024093057,0.0032827556,2.2618837250397594,-664.92786,38.85033,9.409217,6.4328156,-8.024796,-4.976483,-16.26865,-2.9917574,-7.6709194,-3.1693285,-5.0550528,-1.4718097,-4.6394444,sad
187.26726,80.34302,241.85089,0.0033388066,0.004416635,3.1003245652279223,-607.9915,26.638401,-4.4012246,1.7420458,-14.174477,-5.6739974,-18.757212,-4.640474,-6.121335,-2.290456,-4.530754,-4.8100605,-3.783953,sad
200.15263,77.653305,240.53598,0.0021087558,0.0027423378,3.5418724244797875,-666.989,36.399612,-3.7657478,8.114279,-12.306926,-6.020915,-16.452038,-5.8234615,-3.362474,-3.3549917,-3.2327852,-3.2984924,-0.9188992,sad
202.69272,77.210495,247.22432,0.004362584,0.00615627,2.1796137996798692,-599.5286,30.686134,-6.8191514,0.82964104,-17.001955,-8.26143,-20.332277,-6.9973526,-7.7150393,-6.1769414,-3.8664603,-5.7211823,-5.2025895,sad
219.34148,63.93771,228.2588,0.0064568464,0.008437964,4.098426268350863,-568.5521,26.582811,-15.920629,7.0882792,-24.977482,-9.019448,-24.053438,-9.615019,-5.686322,-11.735724,-0.0047525186,-9.335546,-5.1431193,sad
192.93266,82.83705,246.28938,0.005573211,0.008911782,4.439973637656526,-587.583,24.625978,-5.802764,0.86428905,-15.855924,-3.0540295,-12.814226,-3.9366899,-8.396983,-6.7139516,-7.6973596,-2.610732,-2.2277198,angry
180.81212,89.21684,244.13725,0.0070195557,0.009405349,2.1599730003374957,-568.6293,27.43964,-7.6388555,1.7438464,-17.283781,-2.9855814,-10.838357,-6.126183,-5.171593,-2.0320666,-4.850303,-1.7042873,-2.7672255,angry
194.1904,71.12356,229.88937,0.008500812,0.011562559,3.211078219858512,-544.74615,21.281736,-9.515581,2.9722185,-22.413431,-4.823785,-16.91538,-8.841173,-8.315749,-3.995222,-6.716604,-5.550124,-6.7155857,angry
194.86008,77.73698,244.1216,0.008896443,0.011305443,4.354577910122793,-540.756,23.836903,-14.262131,-2.7651947,-21.58807,-6.6891403,-17.456478,-10.602268,-7.793855,-6.101061,-9.415471,-3.3864946,-3.1843786,angry
159.9716,78.85504,233.77612,0.04974164,0.07190915,4.6828126143264805,-364.0782,21.841112,-31.72035,-3.89322,-31.058826,-4.5546823,-15.225499,-9.249016,-6.545786,-4.805869,0.05663362,-0.21802571,6.149348,angry
147.89679,79.60654,232.49014,0.03592772,0.049107015,4.804323891502352,-389.4008,17.477533,-32.29183,-4.925413,-32.516758,-4.5970263,-17.44899,-7.8283176,-4.4713516,-2.644364,2.6911323,0.92407715,4.6945095,angry
150.3382,82.71626,245.24649,0.049480524,0.06910263,3.8361255132316363,-364.9665,13.695961,-35.99246,-10.219307,-30.906446,-3.822411,-18.820541,-8.717218,-3.4313521,0.056468703,3.3042657,0.7581748,2.4609766,angry
198.55794,88.08777,249.31474,0.034820363,0.04947664,4.086787472861177,-414.60342,19.61913,-24.1048,-5.4551225,-29.888361,-1.7537602,-20.849804,-9.779185,-8.122089,-6.4937253,-3.9327796,-3.6591246,1.828979,angry
128.9846,65.71343,229.52536,0.0045100413,0.0061396286,3.5607648226108566,-624.08215,64.272514,-5.8168254,18.509806,2.0653725,-0.25868186,-0.9970175,-4.3866854,-2.961034,-0.9172117,-0.3863477,0.03565272,0.98299295,neutral
126.5468,71.94116,238.29501,0.0037120476,0.0052142614,4.3645092654894615,-641.7221,66.806046,-0.89302146,22.304731,2.4117672,2.7874496,3.467763,-1.1882188,-1.3573903,1.633553,1.9575974,1.7070823,2.8440225,neutral
125.69504,60.669724,189.301,0.0044745295,0.0058243047,2.618753182512548,-627.0995,72.87061,-0.31102428,19.73258,6.406797,3.2384288,1.4286857,-1.3161827,-2.796884,1.2581619,2.9280288,2.331799,2.559192,neutral
135.6424,71.34061,228.57257,0.004433621,0.0061229146,2.350564686438344,-624.7872,68.151886,0.4002198,19.833124,2.9154878,2.4687328,0.5114217,-4.607929,-0.46142358,-0.33746487,1.9915291,1.6530952,1.6014576,neutral
126.949974,58.557213,206.97081,0.0026716676,0.0036709604,3.0810167355227223,-643.95703,76.734375,2.5150998,19.316387,3.5493448,1.4769762,1.5737144,1.4511918,-2.644357,2.6209378,3.1911373,-0.5933433,2.0388849,calm
121.58751,59.79889,198.29659,0.0030054264,0.003939212,3.361109166024788,-638.5825,65.4157,1.6278155,20.431932,1.9592922,3.9882073,-2.8016908,0.4397305,-2.1395633,0.24012157,4.9125814,-2.1912122,2.5769706,calm
135.09435,60.687904,226.39748,0.0036341527,0.0034478076,2.943488368203636,-599.5298,70.237335,-3.6610599,22.257317,1.5248451,3.890271,-4.35987,-3.0855625,-4.71881,-0.40318763,8.265984,-3.4625494,0.77041703,calm
126.02077,65.48151,213.82974,0.0032874544,0.00421811,3.361109166024788,-637.04694,68.89329,3.9895341,18.46863,5.2075872,1.9109952,0.41306397,-1.3584815,-4.382224,-0.2184405,3.9790974,-1.1115046,1.6672848,calm
126.698875,66.46108,225.57022,0.0032696354,0.0041387943,2.9969689745598203,-639.1653,70.29521,3.1792114,18.212345,2.279064,1.5710347,-0.6155874,1.4884648,-4.1894283,2.6851237,2.8490486,-1.669827,2.176726,calm
143.983,70.81328,223.54514,0.0032981148,0.00430818,4.206306173082927,-629.1382,74.72188,5.599565,20.739637,3.231024,3.236567,1.4048187,0.59831345,-2.4738333,2.178304,3.3757179,-0.97636044,2.7512796,calm
138.9805,62.768276,222.07996,0.004084285,0.0047420287,2.793783830976078,-605.72437,80.23925,7.731042,22.088474,2.4248872,3.7776055,0.42831612,-1.8186344,-3.775533,-2.0764463,3.5932226,-2.0265217,2.217239,calm
138.26523,59.948032,214.07465,0.003320806,0.003145557,4.994970342363592,-619.0818,67.4903,7.0412436,21.429684,4.5177965,6.353398,-4.508485,1.0135503,-1.2588377,-0.055423424,3.7211337,-3.2903953,1.2670952,calm
128.3825,76.4291,229.50372,0.0054322686,0.007537361,4.113488201267101,-601.7146,63.425255,-11.791625,21.98338,1.9978571,-4.1508284,0.68604255,-6.4946966,-1.9626106,3.0178335,0.15142374,1.4646411,1.4502686,happy
126.83856,62.78559,229.41588,0.006459412,0.008883771,3.5963811414763893,-584.0968,62.775375,-7.6138015,20.629402,2.1448526,-0.599132,2.345645,-5.3537803,-0.36679572,1.7276677,2.8756855,0.5662451,0.52192485,happy
140.58513,76.29172,229.50438,0.0051722787,0.006724502,2.0978889991945606,-596.4881,64.972015,-9.719525,22.431955,7.6285367,-1.2239598,-1.6338435,-3.1363208,-2.129948,1.9091412,2.3199983,-0.0023586683,1.6622757,happy
129.09166,74.82199,249.54872,0.0063933195,0.0084811505,4.073541981123498,-583.7806,61.698658,-9.182048,20.939121,5.98605,-4.3886504,-0.22251165,-4.926916,-4.436367,0.2864872,3.1397586,0.07318374,1.942175,happy
128.1841,67.1978,183.92139,0.014335294,0.016980933,3.361109166024788,-519.9002,45.153557,-2.0286098,22.904413,4.62313,2.850758,5.9103036,0.033533793,3.638983,4.2621684,3.798887,5.4989367,2.9766421,happy
128.33237,65.5207,220.75563,0.010569239,0.014305851,3.746262742696589,-523.0056,55.717,-14.194332,23.639679,3.746144,-4.306532,3.6796849,-6.4253893,-0.85406935,4.3933454,0.57584697,0.770385,2.3168254,happy
142.45691,67.54598,221.46938,0.0130759915,0.016521798,3.943412037265244,-486.76917,50.965286,-12.817156,20.651424,2.6317496,-5.8619676,0.42252004,-8.258047,-0.7250549,1.2487541,0.20337416,-0.2093451,0.2965241,happy
124.635445,74.979095,226.28693,0.0098669,0.01300065,3.2640344207266185,-552.02484,48.735626,-13.500687,22.835608,1.7281913,-4.2446046,-0.16216649,-6.6920366,-0.6135122,3.9961262,2.10301,-0.7621845,2.0814161,happy
145.8897,78.29467,224.86032,0.005142997,0.0070391167,4.566861709718853,-605.2439,62.30034,-3.9592402,21.781096,1.6996456,-0.4882597,0.9281539,-4.049045,0.0998548,-1.1126595,-0.27999148,-0.48576564,-1.0198711,sad
147.81252,77.89049,218.68164,0.003671857,0.0047160797,3.632717158912455,-651.52374,65.616264,1.2470055,26.024044,7.8628507,5.9418607,4.719612,-2.772671,5.944488,2.9282584,7.8676095,2.811382,3.185828,sad
112.362045,68.05855,229.76732,0.0046961852,0.0064201914,2.42181143927497,-609.04364,59.129433,-2.332459,21.930552,7.366471,1.6658396,1.4202523,-1.1599885,0.9748976,2.1033971,4.285204,3.3913293,2.0117335,sad
177.84956,81.10722,227.20448,0.0041456786,0.0050811637,4.450956028263571,-609.2884,72.558205,-3.0476308,23.054113,6.294555,2.373969,-0.31194875,-4.3788238,1.4044139,0.41395313,-1.3659968,-0.35920587,-0.014300688,sad
128.59714,79.79495,226.99721,0.008438964,0.013315295,5.198876125308205,-557.36554,53.327435,-1.9144188,19.423056,4.9678082,0.666094,1.2472532,-3.1247158,0.7034472,0.86918163,4.697941,2.3203275,1.2297028,sad
123.55993,74.66913,226.49701,0.008518,0.011792351,4.113488201267101,-551.7592,51.480427,-3.1702287,15.944494,6.793189,0.9704398,1.0384215,-2.9757807,1.6358258,1.5027943,2.3975966,1.862443,0.7278783,sad
145.57541,82.2531,248.75156,0.005998733,0.008477233,3.3928255875596394,-580.857,50.467308,-11.986972,19.88578,2.8218737,-2.782307,-0.87958044,-6.924257,1.4166096,-2.4282734,-2.6594071,0.7011385,-1.0314448,sad
144.3725,77.61161,220.97899,0.006962979,0.006590342,4.655476549855426,-586.8981,61.04092,-5.0627346,23.612745,9.388591,2.1936712,0.19252989,-1.0477961,3.5681949,1.7214965,0.6541949,2.5878134,3.3299303,sad
132.38062,74.08186,237.94165,0.009627868,0.013832515,4.6741820181468245,-517.7758,49.21489,-8.072363,17.514929,-1.6138256,-1.397552,3.1411335,-5.1718574,-1.1300962,0.9880549,-0.55256337,-0.05549541,-0.4564585,angry
136.69301,73.74969,221.53368,0.014551656,0.019610247,4.7174719900100595,-502.96848,46.416206,-11.35951,11.610105,-5.4826674,-2.5780196,2.0467532,-5.7900367,-0.23423825,-1.9135377,-0.59016925,1.2840465,-1.6403798,angry
141.4408,76.79679,230.70992,0.010885586,0.013537536,3.5099561255484306,-535.42865,56.488045,-10.764822,19.442287,1.6569914,-1.7743288,3.774719,-4.2809763,-1.2114403,-1.2194098,1.371447,1.3400913,0.44290096,angry
129.82944,68.33994,218.87074,0.017619697,0.023853645,3.6755610531896092,-493.33102,39.210373,-10.562029,10.856494,-4.229992,-4.1469603,1.4863008,-8.583955,0.57035923,-2.5665505,-1.5313236,1.7850053,-2.5655205,angry
151.80388,89.63296,239.483,0.021103868,0.030331632,3.6755610531896092,-468.3148,31.475489,-14.363631,7.7222977,-7.874579,-3.1975603,-1.4950694,-7.6624303,-3.8669288,-3.4469032,-5.046146,-0.5924601,-5.6639624,angry
151.20212,86.17289,231.37808,0.025494779,0.036290776,5.35170752918353,-440.8373,40.342873,-13.936627,8.831729,-9.100046,-4.1833878,0.6373374,-9.139869,-2.914009,-3.1804345,-2.1145008,-1.5968089,-4.6018634,angry
125.248146,61.99912,213.86766,0.01664239,0.022219522,3.746195270428471,-483.45132,42.383278,-7.8330336,16.930494,3.0945156,-4.0046835,-2.0929878,-4.0715294,-2.1550627,2.2070217,1.3815022,2.2043593,-0.25506094,angry
154.48886,83.148796,248.60144,0.030137151,0.044660613,3.6074785805959277,-423.00803,32.224586,-11.612844,10.626242,-6.337408,-4.836222,-2.2138603,-8.135763,-3.9892075,-3.9503639,-1.1454034,-1.9739504,-6.31348,angry
174.32971,39.594994,176.06125,0.0029916575,0.0036790534,4.01384777482314,-649.16864,53.736103,4.540788,8.276859,-7.213784,-10.180933,-9.044987,-6.800234,-4.481944,-8.113509,-4.13235,-3.4114513,-6.1793566,neutral
166.04385,45.347454,170.88528,0.0031919705,0.0040361043,4.5489513998060005,-658.153,53.948895,4.322564,10.646059,-7.873735,-10.400414,-8.791628,-5.386033,-3.4821312,-7.5530496,-4.398046,-2.9624493,-6.333465,neutral
183.76407,50.62786,218.3277,0.004689152,0.0058563417,2.774983523535329,-619.4272,47.075356,1.8978773,8.349541,-6.525732,-17.131636,-12.588621,-6.433116,-2.160681,-7.4132786,-4.117994,-3.1363156,-7.5341663,neutral
184.28557,45.310165,205.21432,0.004358073,0.0056317016,2.800924305020657,-631.36035,42.052277,3.912092,9.1818695,-7.2022595,-12.692686,-12.249071,-4.832537,-5.94272,-5.7973375,-2.917965,-5.512623,-5.466865,neutral
177.27644,36.98604,231.69391,0.0023382835,0.002863677,3.510015356317184,-695.90234,51.854538,2.017558,7.6530085,-5.788444,-10.686775,-11.019376,-1.5324382,-4.873076,-8.005234,-5.5394154,-2.0302205,-6.860749,calm
184.34929,43.945835,201.37035,0.0033360685,0.0040480415,4.133766086970563,-635.7251,51.209557,4.623275,11.779127,-7.2585444,-13.250731,-7.4120183,-4.11511,-5.970748,-8.416357,-4.055814,-2.8167424,-4.115075,calm
184.43669,47.35327,235.4299,0.0030708737,0.0040160283,1.8402589507237805,-660.0938,41.791054,7.2081122,9.703836,-6.7398033,-15.043558,-11.010296,-6.702592,-5.242943,-9.311989,-3.7457674,-1.7452103,-9.161808,calm
174.355,40.200523,210.37201,0.003954103,0.0050670546,3.8143241494397713,-630.47644,39.895954,5.7588215,10.340245,-5.980328,-12.739796,-12.7454405,-4.286011,-4.0298877,-8.331786,-4.5067286,-2.7272594,-7.9400244,calm
178.75525,53.310406,219.19452,0.0031877717,0.0041727144,3.6170453260992423,-641.68353,45.848515,0.0914895,6.254166,-7.925834,-10.629248,-11.963066,-1.8913971,-5.307098,-7.8838124,-4.9747267,-2.7553453,-5.1567936,calm
168.04124,54.936466,220.79077,0.005304364,0.006411065,3.8097052240582885,-602.62915,50.393974,-2.1295478,12.692573,-3.9500945,-10.847057,-9.795372,-4.0868487,-1.7924093,-10.184187,-6.848685,-0.93873334,-7.5381737,calm
175.44952,39.25976,185.15826,0.0028950751,0.0036990808,3.417623765629878,-661.78217,43.832912,3.688852,6.2120624,-7.2865934,-15.649989,-11.145663,-6.117383,-3.4020388,-9.623438,-6.703029,-0.58721584,-9.4947815,calm
165.3714,39.870186,231.69739,0.0030542552,0.003538809,3.417623765629878,-660.6485,47.16571,2.5103788,5.602011,-5.2357826,-17.646173,-11.250433,-6.3509645,-4.803084,-7.654842,-4.6447587,-1.0462359,-8.138311,calm
187.55019,51.931606,194.42163,0.007151124,0.009285037,3.5099561255484306,-583.63153,32.976368,-10.283764,7.878996,-9.260738,-10.256576,-13.011667,-8.086224,-1.421347,-10.040132,-5.1534305,-0.512956,-6.934823,happy
176.75142,66.84117,233.6698,0.008261559,0.010833272,3.8143241494397713,-557.0798,32.975597,-5.4685516,10.166275,-7.0858665,-8.698732,-11.222106,-3.1823008,-1.5240598,-8.0574,-3.6890357,0.04511351,-6.028703,happy
174.4592,43.0058,154.86133,0.0069645774,0.009181463,3.478668071513388,-568.97925,36.46984,-5.4819393,8.4025135,-6.699379,-13.18617,-12.942837,-7.439682,-3.299222,-8.535045,-6.344936,-1.0629251,-6.9723077,happy
193.82849,52.55786,245.4003,0.007353522,0.009518332,3.269420699519804,-573.24243,31.990625,-8.68243,7.3596573,-7.5567083,-12.688341,-13.86921,-10.021934,-0.7916675,-7.2247977,-7.579396,-1.3852735,-7.4174976,happy
205.6691,61.99351,242.74963,0.012005806,0.015214292,3.4478757438626153,-524.96857,30.037655,-13.828691,5.287598,-9.492754,-10.274491,-14.722439,-9.289043,-0.7626862,-8.628878,-7.0003295,-1.0628437,-7.80673,happy
155.56996,81.32697,248.94066,0.020638717,0.029324299,3.9212940270289196,-444.85986,23.735477,-14.960687,8.322349,-12.353448,-11.892561,-9.367589,-8.039176,-0.021688428,-8.065314,-5.43966,0.81743985,-6.291046,happy
214.97809,52.49962,235.77948,0.013812589,0.017098911,2.6522121106635503,-510.32428,23.847656,-8.920977,4.9968395,-13.554469,-17.191753,-15.505567,-10.268179,-3.2908335,-11.864779,-7.438216,-3.7783535,-8.02789,happy
190.12416,54.75403,214.27722,0.011104382,0.0145196,3.680517901447561,-526.3311,30.501787,-10.215351,5.8615117,-10.512331,-13.511838,-12.692576,-8.857039,0.8008056,-7.1800804,-6.9175277,0.30564305,-10.939534,happy
183.24811,51.25068,204.73438,0.003293648,0.00438697,4.201386457530985,-656.62585,38.28498,1.5461184,9.0748,-8.620419,-7.389123,-15.3352785,-2.219667,-5.2908144,-7.444243,-4.770593,-0.0036471912,-8.127076,sad
195.00958,49.91621,216.63058,0.0029545086,0.0037445007,4.949133901567226,-654.60815,54.619663,3.0600455,8.949588,-9.970477,-12.687472,-15.354859,-5.710082,-3.9526267,-9.351509,-5.0917645,0.80347836,-7.800929,sad
184.49059,48.787395,209.047,0.0033730515,0.004224836,3.2320264438527224,-669.6757,42.3965,2.203758,9.226609,-2.5442572,-11.023959,-14.407341,-5.729155,-1.979174,-8.944309,-6.4586024,-0.43412793,-7.441078,sad
189.00087,37.830894,179.20529,0.0030425375,0.0036334842,2.854288568574283,-679.7957,43.088097,5.884,10.074546,-3.8711832,-13.079404,-14.511475,-5.4902544,-4.7505956,-9.014863,-6.560615,-1.8202312,-6.708098,sad
199.8081,47.50716,240.30302,0.0043747327,0.00549255,4.01384777482314,-593.86017,45.10752,-13.097842,13.272417,-9.479207,-17.238691,-24.453165,-9.536557,-1.6094321,-12.783019,-4.8209925,3.8676724,-12.61532,sad
209.28699,59.09556,217.0652,0.0035871775,0.004436604,5.257882716353659,-622.4979,42.942657,-6.0106287,8.79875,-6.473143,-13.193681,-18.451576,-7.9262505,0.38092977,-10.765011,-8.281144,5.3984666,-9.9622,sad
224.42584,42.5306,242.50723,0.0053219735,0.006777498,6.200649130455845,-607.52576,45.48171,-1.3925536,8.19391,-10.233915,-19.473074,-18.900085,-12.466662,-4.37734,-11.371509,-8.430668,0.07387693,-12.097695,sad
210.64717,57.606247,248.5679,0.005912428,0.0068511576,5.35179703309752,-580.3336,44.84092,-8.781911,9.45112,-8.653005,-22.744831,-21.446495,-4.6761923,-2.6509216,-13.254269,-6.837342,3.0095809,-8.622945,sad
176.97679,66.52504,241.27962,0.012762761,0.016077269,4.5332200028332625,-501.5216,33.156708,-3.0735624,6.212813,-11.687865,-5.448013,-10.851123,-9.83812,0.61980283,-5.9175563,-3.684104,-0.2017519,-6.1103544,angry
181.58302,71.632515,248.3995,0.015622624,0.021981452,4.495504495504496,-476.3754,32.096592,-4.913113,3.2521706,-11.452247,-6.020774,-7.3802123,-14.197226,0.15286265,-6.585488,-6.081258,0.86751646,-6.0551944,angry
185.20369,55.41582,245.56364,0.011961943,0.015588665,2.56151641771929,-531.35126,28.876137,-3.909083,-1.2318199,-12.261795,-6.2293077,-13.821041,-13.465743,-4.144752,-5.8244905,-8.274013,-2.097565,-7.560026,angry
180.72643,65.647934,247.34998,0.01797994,0.022968661,3.8422746265789347,-479.89304,29.851961,-3.1805778,6.6105123,-11.622428,-7.6342425,-13.475418,-13.492513,-1.6546072,-6.89435,-7.802589,0.94650084,-7.6078234,angry
180.64943,75.19125,245.30725,0.025969328,0.037063215,3.5258377799814267,-419.0517,26.59362,-7.8739266,2.277513,-17.331602,-6.614464,-9.631223,-12.984586,0.29043096,-8.322159,-4.384778,-0.7940792,-7.4396563,angry
176.96263,72.23272,246.7456,0.038819406,0.063807495,3.211078219858512,-406.9072,19.893427,-17.531746,1.6764101,-18.276373,-7.3043895,-11.305352,-16.930761,2.2555144,-7.935564,-5.707692,-1.8297129,-8.229218,angry
172.25345,76.53319,249.86366,0.03995913,0.055592448,2.6289413581768293,-426.7707,17.514496,-16.250145,3.5370352,-17.88578,-4.9063,-10.740416,-18.151072,3.3556993,-9.175204,-6.3597035,-3.9746356,-8.474584,angry
183.58908,81.19327,245.83405,0.029631015,0.041419104,3.1935147085917825,-434.76813,20.933636,-12.486872,2.0135958,-16.398481,-6.0747514,-9.217837,-16.240541,3.9080791,-8.384557,-4.0420094,-1.3969251,-8.716843,angry
111.94344,63.29254,237.54932,0.0040589967,0.00530448,3.127290495968727,-627.7512,70.229454,6.396615,24.430525,9.892731,10.704897,-0.120880604,-8.426884,5.730924,-0.07099222,0.17734362,6.0619264,1.9063941,neutral
122.037,62.27668,235.5152,0.003978423,0.0055624023,2.5688597117168546,-637.2855,65.37573,4.346306,23.225426,7.164968,9.915258,4.273854,-5.7095714,3.3448658,2.507864,-0.0008424195,6.846492,1.2759823,neutral
119.77859,61.23477,218.64334,0.0048266337,0.0063862517,2.2834308548594264,-625.9272,67.73696,5.726541,21.640936,6.5139866,10.856211,1.6528891,-10.535369,3.1549804,-0.6001157,-1.1259873,6.430248,-1.410036,neutral
116.13066,63.595287,183.42117,0.0046645915,0.0064541646,2.5935665141745616,-614.69995,64.87357,3.3176072,21.031202,5.9060373,12.729552,1.1216191,-11.318972,5.050585,1.1535498,0.48276755,6.528674,-1.5482831,neutral
118.32538,65.104935,245.04526,0.0036727842,0.005307697,3.1397174254317113,-641.3141,61.050743,4.3458886,18.856123,10.105087,9.847936,-0.43699902,-4.2395716,3.3384132,1.6396034,-0.14316253,6.6557946,0.22411178,calm
96.27807,49.669144,223.7449,0.004487309,0.006104732,3.3928255875596394,-636.7169,63.299,12.29455,22.33117,10.727156,9.537971,2.1299117,-4.628158,3.8974183,1.2710011,-0.40580183,7.2780266,-0.7178913,calm
95.95648,45.66413,207.57802,0.0046147685,0.0060378574,2.675853764591765,-631.7317,66.31501,15.615926,22.551105,9.129902,13.049572,1.3740454,-4.5495887,4.842964,-2.0625489,1.2383173,3.528281,-1.4995921,calm
105.61859,53.465385,221.54175,0.0050478815,0.0061311526,2.6522121106635503,-621.3742,68.03865,10.552358,19.53516,7.8267007,11.169081,-1.9238739,-9.342345,6.2251368,-1.2196097,-1.8014538,5.223279,-2.3423944,calm
100.40061,51.46173,222.81216,0.0039141765,0.0048024864,2.325243423920942,-628.7036,65.78228,9.164002,29.611446,13.210885,14.510886,-1.6018549,-5.5583997,7.331332,0.42110267,-1.7235177,3.2873743,-0.42758065,calm
101.40447,54.70977,214.7957,0.0028783267,0.003770515,2.497485171181796,-667.9814,71.570984,14.524632,27.561705,8.268283,13.204013,4.8135266,-0.66868085,3.4883058,0.4472349,1.1533561,5.4983587,0.49995837,calm
106.37773,52.977158,221.83215,0.0044104415,0.005728188,2.8666829546379997,-625.4086,61.858067,15.934369,26.946651,11.388836,9.84828,-3.2203078,-4.7539186,5.931199,-2.3740356,-1.9007429,6.5529056,-4.5856614,calm
108.897766,63.506214,183.21432,0.0032556886,0.004229462,2.8273546562996996,-665.24304,73.299706,16.118647,22.14166,10.622058,16.977295,3.0803506,-6.0894456,5.9103165,0.98796535,1.4818394,7.116773,-1.9868275,calm
128.20076,62.939667,241.55157,0.0057312436,0.008141589,2.017218399913548,-595.34766,57.44768,4.222608,16.695513,7.7612877,8.016776,-4.449898,-5.7314706,0.8541309,0.3447177,-1.9459136,4.759245,-2.0213733,happy
120.74643,58.18148,217.96414,0.007660368,0.010466423,3.958296518819579,-567.5454,51.523067,-2.1315153,18.535471,6.9815702,6.460765,-5.9658504,-8.091122,4.542404,2.201833,-6.035101,6.0385213,-2.4304624,happy
136.37138,69.556725,244.15051,0.009512495,0.013924156,2.3053509356482897,-567.4491,50.518127,-2.918383,17.775866,2.746012,5.235426,-3.3699207,-10.789109,1.0697129,-0.30654046,-3.2109282,6.2052913,-3.8634248,happy
157.74768,72.765205,229.32982,0.00840192,0.0114034405,3.1100901219296695,-539.46063,58.450523,-5.164917,16.033665,0.95941514,9.636192,-14.374349,-13.123285,1.0588518,0.35116783,-5.792477,6.5702777,-3.194889,happy
187.52826,79.73897,248.21921,0.019035028,0.028166076,3.211078219858512,-492.06296,39.41119,-0.5695997,5.0196424,-3.1742654,-0.34806934,-5.9309177,-4.970277,-2.9931462,2.666478,-4.6475816,0.7479302,-5.9763846,happy
182.59761,82.33933,243.1303,0.029224807,0.04648786,3.6548594401973626,-407.48587,30.264143,-5.8908324,3.7888606,-1.7651819,0.94446003,-7.230883,-6.9721756,-3.822887,-0.63557744,-5.9650474,-0.6677174,-6.9130263,happy
180.06691,83.13031,247.71222,0.01828136,0.022760741,2.67589851654876,-476.83914,34.321106,-6.564408,3.9512525,0.14502561,3.1674309,-12.391652,-7.802682,-3.2956784,1.2559743,-8.4631195,3.230583,-7.2110467,happy
166.00941,91.64902,244.5546,0.01817919,0.02383987,2.6289413581768293,-484.2918,33.70404,-4.465339,1.5829916,-0.6803274,1.8861834,-10.407584,-8.034544,-4.3719163,-2.0674536,-7.8548784,1.1211549,-5.5313783,happy
125.81901,63.408737,228.20413,0.0055122958,0.007946276,3.8143241494397713,-595.0813,63.049706,-6.0997972,17.66105,5.2335596,9.78537,-0.56949395,-11.749015,3.2586412,5.6903696,0.75174785,6.430422,0.110473976,sad
131.33504,68.83942,220.29591,0.0064963666,0.00946995,2.5688597117168546,-584.93585,64.08595,-3.1555836,16.611542,5.9205694,9.406179,0.61759,-8.39694,3.229253,3.6274211,0.65474266,7.7860365,-0.38889128,sad
110.37762,50.04324,183.96776,0.004452163,0.006306579,3.361109166024788,-619.59045,66.60087,2.217526,23.196873,3.6610873,12.9811735,1.7749507,-10.356322,3.1717298,-2.18743,-1.8288549,7.899389,-1.9051857,sad
133.91486,68.43063,247.90727,0.006430312,0.009444277,2.219986818828263,-579.2075,59.373756,-3.5082648,17.097742,2.0807276,9.37176,0.29555455,-10.199895,2.2661092,2.0397427,-1.8192976,7.0010996,-2.2877429,sad
136.79698,79.05377,245.12492,0.011748368,0.015387435,3.5418724244797875,-531.8433,53.261745,-12.486308,14.033261,7.589981,5.9579782,-7.759774,-11.874821,7.220279,6.467281,-1.6182026,8.3450365,0.13506332,sad
147.75519,77.203384,242.92172,0.0092688585,0.014410423,2.6999662504218698,-545.2794,49.17436,-10.121421,17.375729,2.6887617,3.2773843,-3.5569785,-11.371806,3.6810992,2.831287,-2.142,6.594202,-1.0906851,sad
167.31354,85.457245,235.5839,0.010189035,0.012620223,2.497485171181796,-519.5053,49.390408,-15.407785,17.488815,1.7386657,6.0414186,-11.199778,-15.311627,2.8955677,5.0645866,-4.204528,9.131625,-0.8601575,sad
161.74976,77.22355,248.14055,0.009112219,0.013838659,3.9212940270289196,-527.5356,46.57034,-14.7041235,15.161906,2.4808605,3.037521,-11.955266,-15.476877,4.1298804,3.30887,-6.3182054,8.91575,-3.3768954,sad
113.939125,57.759647,226.3658,0.0027560391,0.00480628,3.1698575365163983,-636.48724,53.280933,5.460449,21.589674,10.84566,8.578913,3.4164288,1.2602795,4.551249,2.288814,3.0982528,7.0163946,1.0258842,angry
124.8543,69.51869,227.96927,0.0046838196,0.0075526997,3.779952750590618,-581.9693,62.423275,1.9264369,19.816597,4.883384,9.22219,0.9198544,-2.2331464,7.2968435,-0.20991151,0.79646695,5.909483,-2.0039375,angry
126.05009,73.80348,246.8715,0.008776244,0.012749332,2.774983523535329,-556.326,51.860874,-4.3912387,21.450418,0.4098626,6.733481,0.92995906,-10.131711,4.287478,-2.290544,0.20461442,7.049908,-3.5067284,angry
121.623695,65.63861,248.52115,0.004927444,0.0072661866,1.9791482594097896,-607.4714,55.37862,4.0738177,23.30408,6.511492,10.629408,-2.3976996,-7.0712905,6.163679,-2.9910662,-0.089042835,7.605883,-1.8549485,angry
160.91982,88.93484,248.02498,0.025874624,0.040973462,3.1397174254317113,-442.7651,37.65917,-12.633748,16.123446,-0.38083047,0.61001897,1.556176,-8.506589,0.58308786,-2.9708757,-4.2331204,5.0640335,-5.4247675,angry
176.1106,78.17092,236.4751,0.047014773,0.067141026,3.478668071513388,-375.27805,34.22047,-16.227627,13.912338,-6.207131,-2.7877228,-1.4441541,-12.538892,1.1746615,-1.6095911,-5.733361,6.0290318,-7.9211087,angry
135.10768,65.40698,223.33893,0.030930504,0.045125328,3.024470717624416,-453.91956,41.902702,-11.031073,12.363074,-1.1259965,-1.2169303,2.3894863,-11.584402,-2.2069595,-1.1003555,-6.0664997,6.1457562,-5.972119,angry
182.95538,68.84707,229.23619,0.03146698,0.044126913,3.943412037265244,-422.71817,34.01046,-17.321121,16.55411,-2.4302235,-0.11647161,-3.5620978,-14.644992,-0.66470593,-1.9736497,-7.5457416,6.678886,-8.50787,angry
156.74184,47.5437,243.21024,0.0018180248,0.0021518676,3.1698575365163983,-747.83453,51.776493,3.0619678,11.617839,-7.5862074,-0.7968519,-13.146117,-11.096957,-2.9566271,0.035355926,-7.5257444,-3.481828,1.5457066,neutral
162.58192,54.479763,241.82562,0.002107258,0.0024817188,3.1100901219296695,-736.4455,53.861214,2.0469346,9.219634,-7.2459035,0.031182967,-13.545662,-9.630185,-3.3307543,-1.2698538,-7.167251,-5.4695854,1.8748084,neutral
158.40063,52.967316,238.99596,0.0018626584,0.0022150984,2.3053924570440545,-752.89716,47.209343,9.133347,5.0981255,-8.664103,2.7635803,-10.7150755,-11.396432,-2.9266777,-2.501707,-4.426069,-5.676137,0.14591405,neutral
146.43707,44.653027,216.56364,0.0019693815,0.002364903,2.3053509356482897,-753.19,54.140865,2.2937803,5.3341265,-6.846937,0.2317388,-13.752411,-11.679712,-1.9192824,-0.76077986,-6.3183336,-1.4087502,-1.0162002,neutral
173.71849,47.39281,202.04092,0.0027052946,0.0033041036,5.187133028349123,-681.2096,43.473766,0.89295846,10.277709,-8.029414,-0.14106807,-11.495129,-9.680306,-4.59071,-3.4672287,-6.6245227,-3.096579,-1.8715556,calm
161.6794,44.673527,210.65326,0.0024460913,0.0028875836,4.113488201267101,-694.26154,48.700386,-2.8088322,14.329648,-8.723153,2.2178729,-11.987531,-8.653447,-3.6842563,-1.6045852,-7.443683,-4.071391,0.57387006,calm
164.95581,50.30377,231.02765,0.0032911282,0.0038331628,3.024470717624416,-677.97925,49.010475,3.7774353,6.576299,-2.8550441,0.72903097,-12.198945,-8.146392,-6.3982344,-4.308461,-6.3496146,-4.941611,-2.2581744,calm
155.83894,52.627247,238.26958,0.0032839524,0.0039066295,2.5688597117168546,-678.48096,48.71442,4.806869,7.0478325,-2.7612476,0.05821228,-11.294195,-9.941019,-5.0990667,-4.976172,-5.705743,-4.761661,-1.1302044,calm
172.34853,46.79128,227.42801,0.0024078907,0.0028212979,3.8849769329494603,-699.16595,40.441727,0.6262904,11.6350355,-9.376895,1.4754517,-11.646141,-10.271628,-5.251892,-4.585706,-6.836012,-5.327082,-1.815366,calm
161.98663,44.28648,232.92065,0.0021798324,0.002462411,4.439973637656526,-700.0947,47.143494,4.7860746,13.525073,-7.110842,-0.3450915,-9.587213,-9.992557,-4.172422,-3.5394025,-5.999014,-4.2155523,-0.5006911,calm
165.49977,44.3485,245.03741,0.002664039,0.0030620152,3.0524818758888617,-692.4856,44.70401,3.6183002,8.15942,-3.6732988,0.31251162,-11.834285,-8.737962,-4.2904863,-3.3291707,-6.108417,-6.366664,-0.9374585,calm
155.75117,48.01336,201.12683,0.002950422,0.003458054,3.6074785805959277,-687.9942,44.24375,0.39653176,5.7288013,-4.920984,0.15973577,-11.819433,-8.869541,-5.343684,-5.4098754,-6.467959,-5.456144,-0.7065975,calm
184.46501,65.2085,246.71436,0.005891868,0.0076586725,3.5258470296575153,-619.2704,40.72058,-14.952073,5.823202,-8.210447,-2.5241573,-14.148342,-11.520971,-6.647269,-6.015485,-6.663071,-5.884105,-2.445958,happy
202.17737,78.2648,248.94907,0.0049656252,0.00644511,3.5607648226108566,-619.9409,36.79448,-16.665018,9.437748,-9.89666,-6.5503454,-18.23547,-10.850418,-1.8105572,-4.426151,-9.662288,-4.466218,-0.32833394,happy
166.41641,58.57546,234.6068,0.0038051063,0.004566427,3.2006983341820034,-660.16626,44.95826,-10.601009,8.063188,-6.8347597,-2.5503113,-16.237116,-11.439025,-6.002899,-5.487641,-7.2171855,-5.862008,-0.5284474,happy
194.0242,59.93657,244.69243,0.0044622254,0.0053170766,3.710575139146568,-640.99817,39.824486,-7.825086,6.930152,-10.707031,-7.5944834,-14.592924,-11.679509,-5.5087037,-6.660657,-9.117183,-6.7044744,-2.4998662,happy
115.01131,61.552532,243.23264,0.036411,0.061013192,3.9783181659953257,-411.11945,5.053239,-25.664337,-5.40997,-10.995572,-8.087792,-7.2947793,-12.904942,-5.07381,-5.6639366,-6.5892816,5.2430363,11.096403,happy
169.62987,78.21836,244.26643,0.02709578,0.04341806,4.317734459330751,-414.99432,13.776543,-22.723164,-1.9319391,-9.228969,-6.8752522,-8.562417,-11.49796,-4.562493,-6.0442214,-8.421772,5.8172665,8.338945,happy
163.2654,78.66466,245.20428,0.026260305,0.034142546,4.243539377061681,-455.73175,7.32412,-34.608116,0.32778427,-13.179313,-14.393192,-13.486172,-14.754446,-2.1929536,-4.2459555,-11.405508,6.312258,5.398682,happy
139.84985,73.30835,244.50735,0.038014274,0.06132301,4.1697206612916355,-395.67545,2.1979744,-26.944885,-5.601129,-11.708838,-9.899504,-10.65047,-11.444456,-2.355371,-6.5612774,-6.7285066,3.3100545,8.657704,happy
205.08641,68.51987,244.59967,0.0050258827,0.006253177,5.041663749037182,-635.8942,48.214336,-14.153697,6.618571,-10.752241,-4.3490195,-7.435321,-16.363716,-5.0834627,-2.8367517,-7.6385274,-3.5214121,-6.340197,sad
197.21281,75.113075,247.81287,0.004410894,0.005396335,1.92466318394281,-652.4686,45.7445,-9.878437,0.35708123,-11.140484,-2.0533812,-7.60608,-15.988457,-4.2965627,-3.1916914,-9.296708,-3.1944895,-6.0347815,sad
170.72655,48.72109,233.57707,0.0030268715,0.0037669817,3.1100901219296695,-688.79584,45.774704,2.6083605,2.0518122,-8.59731,1.2310561,-10.978381,-12.3290615,-4.489053,-5.66019,-6.700381,-5.730178,-1.1629448,sad
177.2458,51.42524,204.25859,0.00392717,0.0046742307,3.024470717624416,-670.77466,47.173256,-1.0736384,0.49976993,-7.142241,-0.6886945,-10.542644,-15.662972,-3.612786,-5.9747906,-5.057973,-5.829926,-2.9483798,sad
140.15756,68.29442,246.73685,0.017333688,0.022120195,5.520776852171341,-496.80695,18.977375,-32.232807,-6.2459,-18.449108,-11.966335,-15.944407,-20.097218,-10.692595,0.87617147,-12.442774,8.606537,4.8404117,sad
196.99112,71.9969,246.19095,0.017404433,0.022698058,4.951543285283818,-465.48636,19.422447,-27.369007,-1.616861,-17.746277,-14.8646555,-17.815855,-21.178547,-9.323973,-0.71310264,-14.251646,3.9933026,-0.62491935,sad
183.9792,71.97351,240.48901,0.015409848,0.022496736,5.075528700906344,-484.72455,29.714342,-31.898508,-1.8496002,-15.097217,-17.327543,-17.16424,-24.253632,-6.089236,0.20335037,-16.734337,1.3512604,-4.9617004,sad
213.75404,72.29032,232.79039,0.0145502845,0.018474687,5.212150826614545,-489.21808,22.15255,-30.008373,-3.4966767,-15.231462,-18.64441,-13.413471,-24.594944,-6.0878477,-0.8541091,-16.338375,3.6142693,-6.3043637,sad
172.05893,68.294044,249.39104,0.009170832,0.011917466,4.098426268350863,-536.50195,37.948753,-24.373516,1.2553256,-16.629448,-5.973925,-12.220429,-19.021605,-3.14622,-3.4475002,-7.32103,-3.9173107,-6.668937,angry
203.11253,56.175488,245.05072,0.007111078,0.0088682445,3.8361255132316363,-547.5624,42.958668,-17.671824,1.6172734,-15.767107,3.530882,-11.91132,-18.307085,-5.0752754,-2.2990952,-6.6802015,-4.3287454,-6.3066487,angry
180.07513,66.46683,226.63277,0.011945269,0.015264533,2.520831874518591,-539.5376,34.290962,-13.750901,-1.3289096,-13.278249,-5.3088593,-11.410222,-18.27879,-7.059284,-4.528421,-6.841462,-5.7988043,-5.92886,angry
178.17503,72.45239,245.66068,0.009142136,0.011109946,2.7495188342040144,-563.6217,39.03764,-18.33628,-2.5121887,-14.690672,-5.1045,-10.80027,-17.382076,-7.998613,-3.6945689,-7.9001207,-6.0794096,-5.0864043,angry
148.58902,65.43074,229.44275,0.056484144,0.08359419,4.3199460006749915,-386.3283,-6.885009,-29.09777,-6.6292844,-18.015532,-7.4699054,-6.6075926,-10.481294,-9.090716,-5.0501537,-8.531538,3.2328813,6.509817,angry
166.16888,70.69817,246.19463,0.070481725,0.10374162,4.243539377061681,-367.3867,-15.848057,-29.420639,-10.714353,-15.124242,-3.8509576,-8.15032,-7.51433,-9.882993,-4.897213,-1.5975125,12.607325,14.096965,angry
165.51437,78.45425,246.14532,0.061424416,0.08733104,3.648505578630181,-376.09543,-13.200612,-30.465471,-12.4317875,-16.057184,-7.097512,-9.21145,-9.24007,-6.664584,-7.5229316,-10.045214,6.6694684,9.868148,angry
152.33084,78.66449,245.92195,0.066056035,0.10087577,3.7757555198300907,-360.85297,-10.593246,-32.005882,-14.675105,-16.173971,-3.4157372,-9.099044,-7.9849296,-7.4118223,-6.7518325,-7.6552715,5.9945345,10.258362,angry
154.13245,84.20948,232.9848,0.0022862747,0.0028836334,5.044416832032047,-711.64954,74.36797,11.232588,19.222855,4.7327404,9.729587,-2.6354866,-5.041165,-2.7754765,4.662659,-3.8962147,10.606221,-2.0813422,neutral
156.59395,74.95419,233.46085,0.0022371581,0.0026808232,5.561456020083036,-698.3761,72.88575,12.168694,20.977715,5.8561707,8.063203,-7.5719814,-9.260245,-3.3438866,4.477887,-3.7102747,8.428206,-1.1224071,neutral
149.77928,71.60136,228.23746,0.0021451868,0.002562573,2.697285856107292,-711.34515,64.64486,14.340301,23.993141,9.040178,10.096785,-3.5858462,-7.620313,-0.24200396,6.808962,-5.2062902,8.676828,-2.190219,neutral
138.78667,74.215294,235.3772,0.002528566,0.0032603866,1.8163585794562276,-691.0993,56.956795,13.486938,20.010414,6.278391,7.2843175,-7.9947896,-8.258094,-2.4564989,3.1663556,-5.844439,7.6848216,-2.656179,neutral
129.35942,63.75993,240.84521,0.0011978303,0.0012905584,3.8143241494397713,-745.5107,65.242966,27.68136,22.271654,14.660947,10.800489,-3.7725155,2.6180403,-1.0240477,6.450534,-2.6401434,2.4667509,-1.619263,calm
141.704,73.612915,246.34644,0.0013579563,0.0014888218,4.3592275993597385,-732.00806,70.48584,24.12335,26.104902,13.654735,9.0387335,-3.4162605,-1.1264602,-1.0362359,7.945838,-2.731842,4.8586674,-1.6865512,calm
145.74495,68.09373,247.17877,0.0015184049,0.0018304847,6.293666997583681,-727.2014,58.846363,26.02817,26.106808,11.323002,10.822494,-0.8478791,-6.4877315,0.8642257,4.721625,-3.9211922,5.812547,-1.0709021,calm
122.29378,61.35636,220.02406,0.0013117056,0.0015205095,2.8817405713050683,-740.88995,60.99066,29.91826,27.350586,13.508097,11.963044,-3.7470002,1.2787237,2.366308,9.870797,-1.3450212,3.887364,-0.8335909,calm
141.72554,62.60815,228.05194,0.0027298173,0.0027368616,3.131159227833769,-660.8637,62.53881,14.710857,17.37543,10.023048,4.7770796,-7.793035,-6.3691,-7.4624815,2.3097847,-9.969062,4.1708264,-2.597421,calm
162.31084,86.142075,236.90218,0.0022200088,0.0024170615,2.9722282423604445,-675.3801,62.00421,19.06089,24.147858,13.7883005,9.409643,-0.7633459,-0.39065054,-0.5034168,2.5201132,-4.1544905,5.5047693,-1.5461098,calm
124.60487,64.89486,224.81396,0.0019242977,0.0021197721,2.823248364416212,-688.6719,57.33238,17.888266,22.985487,12.293089,8.267385,-7.6149597,-3.057829,3.2138941,5.786662,-4.5140395,4.1601753,-4.6666775,calm
149.7211,76.616714,237.3306,0.0023872606,0.0025611774,2.323251390320754,-690.02716,60.4115,21.667505,23.998901,13.724186,6.185403,-5.1211286,-6.4008055,-3.1630054,1.9622419,-4.319184,6.1346602,-0.9603964,calm
146.17532,66.463165,249.31007,0.0031321472,0.003290213,3.5743744844652188,-635.1762,68.18034,7.2345686,9.003453,4.8901105,2.0627625,-9.990954,-6.225211,-5.902066,7.866868,-7.811283,0.66293883,-1.5163891,happy
171.53618,57.812534,227.63293,0.004335988,0.0046524866,5.3999325008437395,-603.08777,59.78585,8.40261,14.245308,4.646795,8.323869,-8.420748,-2.6526606,-7.421564,5.710269,-10.394327,2.229712,-2.0173757,happy
166.19633,71.18223,236.77637,0.0023557285,0.0027384527,4.2814273973126395,-672.3231,73.22871,17.81722,14.69583,11.028107,11.341068,-8.9323225,-4.3008957,-4.8133354,6.0263095,-5.598695,5.496143,-4.491428,happy
151.31306,54.849434,243.76273,0.003744279,0.004019876,2.7245378691843416,-635.9417,60.011074,6.377846,13.102985,3.802228,11.591328,-7.1342063,-4.4769015,-2.7609804,7.274978,-6.9484005,6.473065,-1.6898956,happy
184.57808,81.53835,247.68344,0.006028074,0.007319192,2.6522121106635503,-575.4882,51.12897,9.04272,8.077085,0.514659,3.3525062,-9.569352,-6.251143,-4.206952,8.502566,-6.320292,1.4318377,1.9524413,happy
196.22502,87.37522,245.39357,0.009553321,0.010900702,3.417623765629878,-498.44272,37.793255,-16.23635,2.6654618,-2.4433186,-1.4187664,-22.229086,-9.642521,-7.5444455,4.5415,-11.272681,-0.57865614,-2.1464903,happy
211.85527,58.08544,244.89484,0.013627907,0.014682291,4.086787472861177,-485.3227,38.39446,-3.8015985,8.195077,-0.7395684,-0.6723901,-17.68966,-10.065855,-5.8610983,3.67281,-12.053421,1.9728404,-3.562307,happy
155.51352,70.1677,246.88257,0.006607862,0.007464349,3.4965034965034967,-582.9716,49.252796,15.517872,12.700365,0.6284254,3.8236098,-5.393714,-5.36737,-6.5498204,3.0765545,-9.114084,0.41505075,-2.1814835,happy
144.97267,80.217354,248.6715,0.0016527206,0.0019550812,3.200640128025605,-711.9566,64.80712,16.632002,17.677912,9.428907,14.532001,-1.7317047,-0.93704987,-0.6915344,4.6756787,-1.7528,6.085495,0.2296481,sad
141.7942,74.94761,235.4975,0.0011729018,0.0013373136,4.3592275993597385,-732.2802,67.79647,16.695162,19.695496,10.564675,14.965022,-6.92437,0.4705175,-0.880564,4.8301806,-3.5035214,2.9849691,-0.5601953,sad
128.98958,66.43886,220.75041,0.0017847423,0.0023382327,3.4701683820339917,-699.92596,68.86002,8.601241,13.948816,10.6164465,12.438508,-9.81456,-5.750126,4.3328614,7.756538,-4.276789,7.4859524,-1.439319,sad
131.5362,64.69838,200.8278,0.0018047665,0.002118709,2.9969689745598203,-718.78906,72.61018,16.570963,20.815619,8.503483,13.442159,-4.9138618,-3.230103,-0.99542433,7.9637513,-1.7430184,8.191906,-1.0675647,sad
194.27934,82.17208,249.32262,0.010760491,0.01445119,4.745254745254746,-511.52698,42.52926,3.5368593,15.900101,5.566317,-3.7513394,-11.392859,-1.8990859,-8.951198,-1.364878,-6.936319,-1.5671993,-2.5553293,sad
174.50237,71.90791,242.83566,0.0035245577,0.0039201966,3.239959500506244,-633.3187,61.672543,2.601871,18.649513,6.560683,1.9514542,-10.666529,-1.9614078,-8.737369,2.0187309,-3.594787,-0.73069555,0.011194878,sad
172.43346,68.01404,246.74057,0.003862219,0.004776984,4.701129372876688,-614.64844,61.272266,2.3264878,10.91509,5.799724,-1.6799794,-14.492455,-1.219262,-14.586224,-5.2939115,-4.6579947,0.21042323,-1.9877456,sad
194.10771,49.48814,216.5132,0.006092197,0.00722647,3.4786098939692947,-583.4629,60.013016,-1.7156925,15.493254,9.149013,-2.2107153,-12.300951,-0.22745165,-14.536931,-1.2199533,-5.959022,0.60836875,2.1894803,sad
175.02415,74.20285,245.66624,0.010187592,0.013661058,5.304424221327101,-512.11816,41.692326,-4.257392,12.214949,-4.814762,-0.62176865,-6.0054684,-8.200988,-8.388946,6.2013507,-6.9985223,1.4701196,-3.5737796,angry
152.77411,80.262825,246.62987,0.008065288,0.011862936,4.3199460006749915,-539.1991,48.87375,-2.0448148,17.014297,1.3708438,0.5300897,-6.209664,-6.578544,-5.253726,8.63007,-8.963499,4.816015,-0.5681218,angry
143.83469,75.057846,242.30347,0.0049240324,0.009624128,3.632717158912455,-577.3819,41.806767,8.754065,11.111321,-0.5308282,-0.3878967,-9.100592,-7.153791,-1.8883954,2.4341433,-7.561588,4.135748,-2.7689092,angry
168.27267,60.588467,247.46815,0.009813076,0.012667906,3.0810167355227223,-529.01526,50.826733,10.012662,15.61049,-2.7836883,0.03751966,-3.1531353,-9.521365,-6.5494494,3.8905356,-9.146651,2.055491,-2.647089,angry
185.04681,90.566864,244.92227,0.03928209,0.05330216,2.7703011128425494,-396.682,21.53329,-17.111153,6.2556367,-13.960091,-8.958546,-4.4257092,-9.693936,-8.911099,3.5616076,-11.48782,3.5452902,-5.478402,angry
172.62854,92.011986,246.12286,0.06980757,0.07667794,3.538119333480755,-335.08945,18.91263,-32.04495,-2.3370037,-22.118635,-9.419824,-6.2256227,-10.757205,-9.794023,7.458224,-12.271816,1.0323975,-6.1354713,angry
200.46736,73.79569,249.35783,0.085373424,0.11059098,2.535913433136896,-293.2127,15.072373,-30.803373,-5.340179,-17.980267,-11.469138,-7.548103,-9.019356,-9.08606,4.417324,-12.207284,0.6404761,-8.739052,angry
177.68806,88.75294,244.09601,0.039245717,0.051403306,3.1675448481710475,-392.29495,18.47534,-18.690687,7.9098253,-15.323871,-11.79002,-6.648067,-10.966337,-10.057012,4.927271,-11.647578,1.4746672,-7.176735,angry
199.88303,62.152824,242.05698,0.0015619365,0.0020836138,2.8817405713050683,-702.715,29.941023,-5.678059,6.746625,-12.598062,-4.6424932,-14.794843,-6.63867,-6.1553597,-1.6905307,-8.401346,-2.8131564,-4.7332664,neutral
201.45633,60.795254,220.92377,0.0021828993,0.0027225777,3.361109166024788,-693.3547,28.766829,-7.076298,8.910421,-15.421417,-5.248662,-14.957364,-7.582246,-5.744103,-4.100153,-7.4025183,-3.6213646,-3.1389356,neutral
199.69313,64.217705,205.22694,0.0019168197,0.0025666931,1.7458037061957847,-717.1689,36.294292,-2.5956552,6.48273,-10.906385,-4.648307,-14.245793,-5.896273,-5.2963886,-3.1972148,-7.952581,-2.185957,-2.9260957,neutral
196.69902,63.360687,210.31046,0.002111645,0.0027834529,2.2618837250397594,-703.97046,28.690815,-5.6533914,6.2295494,-12.483785,-5.801046,-15.953741,-5.6257334,-6.22438,-3.1128447,-7.945164,-2.1114812,-4.2211094,neutral
195.04823,38.657726,223.19986,0.0008187416,0.0010104446,3.024470717624416,-781.6947,29.194801,-4.92608,11.143023,-11.20495,-6.5606003,-15.439655,-5.728699,-6.9357405,-2.356611,-9.404976,-1.5407318,-6.308576,calm
218.98274,39.1176,202.66428,0.0007578354,0.0009829806,3.0810167355227223,-795.98016,28.195059,-6.4352756,6.4600935,-9.789566,-5.635516,-14.805954,-7.2227783,-6.7966156,-4.0405393,-11.98029,-1.7560427,-4.920051,calm
196.12407,51.012497,200.35355,0.00058632425,0.0007213216,4.195777998389121,-805.6817,33.669334,2.1472545,7.458934,-3.9456685,-3.2287254,-14.013408,-8.045438,-7.540105,-3.7371657,-8.568172,-0.9897054,-4.286637,calm
198.88927,42.33093,173.57025,0.0007989939,0.0009824547,1.998001998001998,-781.43567,33.062332,0.8598097,7.0280185,-6.786625,-3.8241847,-13.745992,-4.9875593,-6.2323737,-1.7167869,-9.3318615,-0.5694341,-3.671641,calm
188.20049,48.665253,232.5175,0.0005707644,0.00069126097,3.3586849456635823,-810.75507,37.99574,-2.8107617,11.273817,-8.7205925,-5.3549223,-14.35653,-4.625974,-7.914365,-3.2246952,-6.6927595,-0.23886934,-4.702189,calm
188.08188,34.758755,181.43584,0.0004956068,0.00059631024,3.9304796413437324,-806.39874,34.87547,-2.4657705,15.831322,-8.653492,-2.397994,-13.678154,-6.445822,-5.9661074,-3.7060795,-9.444498,-0.5183188,-4.3290825,calm
196.25261,38.926105,207.88751,0.0005759902,0.00070152443,1.6497113005224087,-797.6823,37.84428,1.8135269,10.375236,-6.6088963,-4.20644,-15.187737,-5.1241045,-2.7805414,-3.1425495,-7.7546473,-1.1991537,-5.0481043,calm
203.39261,39.124702,228.28922,0.00043947255,0.00052093004,5.77398955182843,-841.57446,29.446058,1.7086899,8.217453,-9.334728,-2.363633,-13.623071,-7.3803563,-5.737241,-4.0801973,-11.558174,-1.2767892,-5.403014,calm
201.36938,58.055294,223.5726,0.008537236,0.01211105,3.958296518819579,-568.4019,28.942463,-15.445418,5.0890856,-17.1857,-7.4004097,-16.090534,-13.670746,-6.408654,-9.429651,-3.9184375,-8.549882,-2.683799,happy
196.61624,67.5579,230.49533,0.0048977667,0.006505101,2.970012993806848,-621.9596,29.831854,-16.88576,3.6874487,-18.006035,-4.6001186,-17.297691,-8.186104,-10.393813,-3.6192317,-6.090922,-6.0693398,-0.974888,happy
188.45879,58.963837,206.60887,0.004616746,0.0063435812,4.898958971218616,-615.9072,31.983511,-1.9797901,9.174193,-9.160395,-5.159224,-17.644094,-9.500413,-10.072645,-7.583803,-5.4803786,-5.6422896,-2.9670203,happy
181.60338,56.65076,232.94063,0.003432519,0.0043996717,2.350564686438344,-665.5677,23.409626,-17.845493,0.8226831,-13.59162,-7.5302677,-18.891058,-11.46323,-8.681322,-4.9526916,-3.269637,-5.3984585,1.4433755,happy
198.83702,83.882065,248.17284,0.013927525,0.01828653,3.269420699519804,-528.81714,16.991062,-34.740406,-3.9778059,-27.129139,-12.346067,-18.542892,-14.745821,-4.384621,-11.210709,-4.4650593,-9.045138,-2.5463302,happy
233.01253,57.130306,244.04909,0.013679845,0.016256211,5.575803336769809,-467.38797,21.65864,-38.258595,0.20640485,-28.788315,-11.408664,-22.330305,-15.56552,-8.595817,-13.506541,-2.3549416,-0.11785414,5.92644,happy
174.9876,71.31239,210.91101,0.02189924,0.032054663,4.201386457530985,-465.79807,14.502571,-27.622366,-3.249436,-23.056889,-14.326607,-21.882214,-10.42509,-5.495914,-1.9898063,-3.2867713,-0.025908878,0.7241425,happy
170.30771,73.5569,244.43451,0.03375702,0.045903154,5.129935875801553,-407.04395,4.1435256,-35.984097,-12.625684,-24.105848,-14.213548,-18.641432,-11.605677,-0.8215282,5.6677003,12.815391,8.766368,4.468963,happy
205.90126,53.328922,246.53185,0.0008228554,0.00095740263,3.8849769329494603,-735.72327,33.62973,-7.526834,10.187555,-11.469558,-1.2298236,-21.943573,-8.214186,-6.29299,-5.4077754,-7.9071913,-1.0014063,-7.348124,sad
195.34258,41.162617,206.084,0.0004039702,0.0005567721,3.996003996003996,-824.9094,35.821247,0.48567984,9.96403,-3.0234675,-0.14556736,-14.432121,-5.771633,-6.884293,-1.8690145,-8.02149,3.043882,-6.1613283,sad
178.34608,37.836494,178.21175,0.00058116444,0.00077208417,3.746262742696589,-793.7205,35.94279,0.5505567,8.808076,-4.7243485,2.6699922,-16.793198,-5.853291,-3.6074312,-1.9025624,-6.151483,0.56576586,-2.3811502,sad
181.58607,53.381973,217.91646,0.00058166345,0.0007341946,3.2640344207266185,-782.0823,38.451885,-0.12608008,12.02137,-1.4339768,3.0989006,-18.405134,-10.149163,-3.8064904,-0.77904505,-8.880333,0.12906076,-3.4019327,sad
227.83536,57.27768,241.70676,0.0026354676,0.0041530924,3.9783181659953257,-651.4711,35.536697,-12.389824,11.399671,-13.889489,-13.678557,-18.083426,-16.508787,-5.113622,-8.820207,-1.7286035,-5.1998034,-5.34375,sad
199.9586,77.96103,247.72188,0.01485685,0.01931199,4.719694399787613,-472.408,18.003967,-35.15784,0.33061138,-24.223267,-19.483366,-16.863176,-28.527319,-4.561036,-12.56844,-2.5411022,1.3438957,0.47948623,sad
229.87071,57.279472,230.88004,0.0020325147,0.0031271386,2.6289413581768293,-695.8317,33.56821,-4.7217627,1.9381906,-10.340546,-12.75044,-18.332104,-16.509615,-4.4627876,-9.704264,-1.9085318,-4.254721,-4.209617,sad
227.95241,67.486115,245.4779,0.013503286,0.016660022,5.792538957972611,-513.9871,18.106823,-31.054676,-3.0228224,-24.424826,-21.37764,-17.696266,-27.122744,-6.9080772,-5.226874,-5.3000627,1.5211856,-2.3886123,sad
202.64554,43.10667,204.47284,0.0018158708,0.0026737533,2.1627466882941335,-714.3879,32.26651,-4.052959,4.046167,-9.019572,-1.646925,-13.683691,-7.21649,-9.864902,-2.155077,-6.137407,-5.284166,-4.265751,angry
208.9917,59.557434,206.3776,0.0071259285,0.010043086,3.746257923168264,-575.52563,24.423815,-14.063393,-3.9180448,-13.294465,-3.2013474,-13.486676,-10.113568,-9.297566,-3.7689302,-7.0081477,-6.466039,-6.581649,angry
194.28313,53.45702,213.66275,0.0040885685,0.0056160255,4.3592275993597385,-622.86224,21.229101,-13.994007,3.1694508,-15.2785635,-7.5314484,-20.245071,-9.276925,-6.702173,-2.377214,-4.8876967,-4.932767,-5.5410447,angry
213.31027,52.549404,221.50151,0.008985782,0.013294479,4.206306173082927,-508.5874,25.576857,-25.83873,-3.5815542,-20.715586,-12.425717,-20.827503,-12.863684,-9.288211,-3.675061,-10.163349,-7.9442673,-6.847126,angry
183.22934,76.399315,231.04195,0.02010807,0.026817773,3.3836858006042294,-414.49597,24.709229,-8.5205965,8.482113,-22.473383,-2.4013271,-18.416767,-8.03743,-9.924342,-4.454796,-5.32018,-2.987178,-1.9993347,angry
162.87894,78.91821,248.20935,0.058912415,0.08361863,3.9304796413437324,-350.72186,13.667383,-29.13463,-9.038482,-29.30473,-10.816712,-15.951068,-9.507399,-5.194421,-1.6136999,-2.0936956,-5.3686705,-1.3033495,angry
168.4781,77.6502,238.8576,0.06370412,0.100062475,4.994962466830327,-326.45374,16.325823,-30.181479,-10.929107,-23.092836,-9.489003,-12.43053,-8.42083,-7.855183,-2.0897214,-7.629317,-0.40327683,-0.15638778,angry
189.09012,70.47275,226.61655,0.016432617,0.02612476,3.6755610531896092,-466.2785,15.800148,-7.9902234,3.2711833,-14.786201,-3.5891078,-18.700716,-9.146783,-11.101832,-4.4172163,-8.37884,-5.9783034,-3.6621933,angry
138.22658,59.917496,217.32448,0.0058526304,0.00818711,3.127290495968727,-585.659,63.45884,-0.26602095,18.81407,-1.9834476,-1.1223482,-0.5711384,-11.146301,-3.049057,0.0082883835,-5.7485657,0.68058914,0.15242085,neutral
131.85295,67.86552,234.76234,0.00558992,0.0080105765,3.022194238942232,-588.1998,67.745674,5.990382,20.553396,-1.2362235,1.309449,-1.7747829,-10.32763,-1.7876456,1.7345607,-3.8342004,1.6698445,1.59165,neutral
138.87036,65.64838,235.92679,0.006621213,0.008596244,3.3299802282423947,-596.84906,65.79983,0.004566699,17.593657,-0.3237351,0.8782002,-4.257974,-12.544005,-3.9815304,1.7924641,-5.1728225,-1.8107928,0.7106129,neutral
148.61133,62.635944,244.15729,0.0052876207,0.00725727,2.9969689745598203,-598.91907,64.78955,-0.7908313,17.462255,2.4948654,0.06413619,-6.306035,-11.763237,-2.5589578,0.92759126,-4.3888965,0.8340045,-0.09733347,neutral
126.04242,61.822,239.83076,0.003701946,0.0050973985,3.4675996160871856,-617.5002,72.763435,6.047992,20.515488,2.0861316,0.74514645,-4.1737804,-7.7849607,-1.7015996,3.5696404,-2.9625418,2.361298,2.2777746,calm
126.3883,62.535492,237.15393,0.0045800502,0.00587679,3.9960039960039966,-595.0057,73.02284,-1.2458093,21.337818,-0.775116,-2.5565016,-4.2033386,-10.025823,-2.383037,1.5540982,-4.98676,3.1744523,1.1920475,calm
108.063805,51.80855,242.83392,0.004383148,0.005773647,3.154729629812195,-629.6615,76.52239,13.114558,25.34012,6.220744,6.477412,-2.6109881,-5.3919454,0.3487985,3.9910715,-0.29186553,5.2760005,3.737545,calm
114.95475,52.573204,204.8963,0.004230813,0.005440287,2.9478597310077994,-618.28204,76.67504,8.35738,26.608572,7.32181,1.9424379,-6.066296,-5.065338,0.7389741,3.7951794,-3.5441904,4.6019387,2.6267152,calm
124.67419,56.877453,223.74382,0.003755438,0.004867473,2.997002997002997,-602.88153,66.45373,2.1191676,25.700953,1.4118836,2.255727,-6.681605,-5.539555,-0.13520831,4.7350807,-3.7608378,4.128781,2.3471205,calm
133.96109,62.406567,246.42645,0.0038756214,0.0049550496,3.596367668654659,-581.09174,66.730255,-3.9502516,25.056305,-1.64366,0.105593614,-9.215675,-10.584434,-1.3328576,2.9360123,-6.6305923,2.0363064,-0.23184793,calm
138.43431,55.997696,208.90596,0.0048941164,0.0066626463,2.6586102719033233,-576.96906,64.99113,-2.4980097,25.098976,0.45821416,-0.76462364,-5.6935015,-11.52745,-0.55917066,1.5601393,-4.608368,3.5758286,2.0074785,calm
157.19218,69.68871,244.609,0.004252906,0.0050957063,4.281441838501495,-592.0106,69.99151,-5.139859,25.075857,1.761253,-0.20137912,-11.385277,-9.2419195,-2.4696498,0.42105922,-5.2179246,2.8983061,1.4127427,calm
149.2803,68.93992,237.53766,0.0075063724,0.0098282,2.8666829546379997,-562.216,56.544674,-5.931361,18.059635,-2.395747,-4.629404,-4.8006544,-11.675745,-2.1466153,-1.4261377,-6.754249,1.3845421,-3.155809,happy
144.88196,62.17045,231.71144,0.008295832,0.011265171,3.417623765629878,-555.36804,58.22457,-9.745936,22.438126,0.8058825,-5.214661,-1.8358411,-12.193707,-0.88312703,0.567849,-6.9489026,2.7126658,-1.2443713,happy
165.19948,59.180004,229.62282,0.010364623,0.013706007,2.1599730003374957,-535.3814,57.03472,-11.880944,23.114418,-3.4185095,-5.8187685,-9.234188,-13.973456,-2.55222,-2.5114846,-8.690501,2.7471144,-1.6542295,happy
154.72029,60.097202,229.57983,0.008791366,0.011430983,2.6060754133072725,-560.71515,58.010147,-8.941561,16.472548,-1.2760679,-4.76002,-10.706254,-11.748302,-3.4189937,-1.3472427,-7.538524,0.7746331,-2.0412037,happy
175.413,68.39811,246.05934,0.019548118,0.02360103,3.417623765629878,-464.75558,46.267376,-17.039692,16.92915,-8.097756,-10.159657,-3.699276,-16.311497,-5.3070126,-2.5703316,-11.510045,0.97489357,-7.048434,happy
170.18251,70.36453,240.44852,0.01786901,0.022422124,3.047764179246631,-473.58142,43.860012,-17.419802,16.090635,-4.872829,-10.241215,-2.2214115,-16.95436,-5.5661516,-2.442002,-11.417839,0.25086564,-6.5484195,happy
153.9444,71.76828,226.55054,0.017664101,0.02291045,2.1796137996798692,-490.52386,54.80837,-13.697137,14.831026,-4.318368,-10.764222,-7.235508,-15.706598,-3.2091868,-2.77387,-9.8494,1.0029159,-6.1114726,happy
151.22562,69.08393,233.10715,0.022576515,0.028016051,3.154729629812195,-443.54675,44.581215,-15.568855,13.599521,-7.9029436,-10.881495,-6.117314,-17.391207,-6.750191,-2.990284,-11.788608,0.8038228,-6.226772,happy
156.89021,61.659527,228.49088,0.0030487755,0.0037226141,2.7879016683849045,-634.5493,63.85278,3.4496212,23.547491,-2.1538532,3.1826746,-4.0382566,-11.195006,-5.1175737,-0.3916329,-7.3721347,-0.59874153,-3.2332408,sad
152.04169,70.94394,230.23373,0.002740282,0.0034498295,3.4747672177430298,-637.013,67.157295,4.751023,24.49247,-3.4086635,4.9733267,-4.073616,-7.875097,-4.0035996,-1.8650526,-5.669701,-0.23659211,-2.4719906,sad
161.50589,68.03232,236.50531,0.003614611,0.005169935,4.1761346189277155,-603.6328,60.008423,2.9642315,21.228775,-2.703546,4.427911,-6.8273835,-10.7545395,-1.515483,1.6358454,-5.5446525,0.14684044,-1.9440383,sad
162.72522,66.937454,248.71999,0.0036629227,0.0046230103,2.8542970550195492,-621.04095,60.611404,0.17614491,23.183878,-1.0196251,4.1623263,-4.134112,-10.7682295,-3.752114,-0.0050058076,-6.636994,1.0266209,-3.0269506,sad
181.977,71.8273,247.83102,0.014032469,0.01632137,3.8361255132316363,-500.68524,53.819588,-17.735348,18.571795,1.8536675,-19.03589,-7.633735,-17.933355,-16.804039,4.1077332,-18.310871,-1.2312759,-4.798159,sad
174.20354,59.901722,246.80746,0.013107589,0.01586271,3.7462500914611843,-500.11014,50.878586,-14.587148,17.188301,2.6428077,-18.686941,-9.502518,-20.12442,-13.688234,4.6673203,-17.829142,-0.94828665,-6.163518,sad
192.90929,70.58575,237.54466,0.009700118,0.012182748,3.277968830028536,-515.61395,53.167225,-11.498255,21.643211,0.05808873,-12.908554,-6.0528364,-21.527025,-6.874171,-0.9868679,-12.845477,-1.8134831,-5.5790763,sad
187.64766,74.79363,243.25189,0.00969848,0.011715253,2.900302114803625,-543.053,58.39824,-12.028719,22.668879,3.708919,-12.308225,-4.4810605,-17.865646,-7.9844427,2.0445633,-13.281343,0.15181823,-4.3727446,sad
170.71875,72.87586,248.50128,0.028792113,0.037782006,3.3836858006042294,-425.0155,40.469532,-17.08343,19.901577,-7.904545,-9.28857,-4.295134,-19.763853,-5.988612,0.68535924,-12.673134,0.47270977,-5.259638,angry
167.62675,74.175255,244.49997,0.026999103,0.034744915,2.4975024975024978,-436.08786,42.19376,-16.788963,19.881083,-6.397952,-7.8752213,-1.94079,-18.585688,-5.790746,0.9426959,-12.604165,0.29550058,-5.484261,angry
168.81691,70.66001,246.91537,0.035606496,0.047187965,1.9652398206718662,-396.7823,38.019524,-11.904204,14.690258,-8.089511,-8.897793,-3.0594745,-18.196272,-7.9528246,-1.616981,-13.060404,-1.5142167,-5.5327144,angry
165.1837,69.695564,245.34128,0.032937273,0.04229055,2.285823134434973,-424.7351,41.564365,-14.205419,18.495445,-7.418836,-9.002208,-3.8173606,-20.40005,-6.390222,-0.25775602,-14.8561535,-0.094690815,-5.858182,angry
171.1728,54.627884,241.78601,0.06334401,0.08233025,3.660437250668459,-336.3089,35.172966,-21.237494,15.372626,-7.7221913,-13.822337,-2.5086246,-15.331482,-5.473715,1.4268917,-11.698404,0.007876152,-5.2835183,angry
191.61646,66.88602,240.61815,0.0586182,0.06982454,3.131202997008583,-358.9355,33.96499,-26.029848,14.46271,-4.892272,-12.463433,-6.9621863,-16.660341,-4.6404414,1.2185466,-12.930329,0.5372875,-6.4666615,angry
164.40686,67.848045,247.37141,0.047116708,0.063413404,2.436572960131575,-366.26715,33.513676,-17.879358,12.421576,-8.142737,-9.983862,-5.7336946,-18.900671,-6.1602826,-1.6572814,-12.93088,-1.4706548,-4.811901,angry
175.62999,62.098278,241.84155,0.054526832,0.06904499,1.8878777599150454,-367.01608,30.375536,-21.996553,14.140655,-8.9592705,-13.07966,-6.3699713,-18.320005,-7.1676135,-1.078402,-12.0367,-0.124328874,-4.3862324,angry
165.03716,52.662918,232.84308,0.0022848835,0.002630313,3.2994226010448173,-690.50214,49.898205,-1.0991138,7.8875604,0.66468614,-4.2684746,-6.940849,-11.959029,-5.889449,-1.4832034,-5.9624624,0.91470206,-0.9523541,neutral
165.32845,54.902782,229.5601,0.0025746706,0.0033578903,4.3645092654894615,-660.0223,38.200474,-4.983402,6.110598,0.70642394,-9.993074,-9.393474,-11.399566,-3.7603474,-1.9181882,-7.547626,-2.1430867,-1.0000111,neutral
167.25089,58.289814,247.6445,0.0027357345,0.0033589592,3.0524818758888617,-673.6894,47.742825,-3.4129336,2.322404,1.5888915,-6.9655147,-12.755903,-12.286141,-2.806737,-1.2310331,-9.104209,-1.2827151,-0.15457323,neutral
159.42432,57.25517,246.46901,0.0025475926,0.0031957047,3.958296518819579,-666.173,42.75248,-1.4481921,7.268749,0.7964692,-2.3339796,-12.5180235,-14.515863,-2.4182343,-0.3461064,-8.680368,-0.16307744,-2.1657655,neutral
158.06145,57.24344,228.21378,0.0016221304,0.002037689,4.241031984449549,-694.17004,38.765766,4.4174466,7.408401,1.6357218,-4.7681775,-9.046938,-7.827354,-3.6870623,-2.466948,-7.845033,-0.1639375,-1.7483819,calm
162.84894,61.10956,236.42656,0.0017190687,0.0022710438,4.201386457530985,-669.85254,42.739143,-3.12611,9.650024,1.1610568,-4.9243746,-8.745353,-10.369756,-3.2911475,-0.5722294,-7.2235007,0.5375106,-0.823264,calm
158.74947,55.062305,215.36386,0.002288386,0.0029091216,2.520831874518591,-677.06683,43.585842,-2.2102711,4.0504127,0.3892878,-6.5594473,-13.151074,-8.158218,-2.4312809,-2.058685,-9.889433,0.5377711,-1.0918555,calm
160.09993,55.94455,226.81276,0.0019973768,0.0029188772,4.241031984449549,-666.8163,42.964012,-2.7200096,6.4027166,2.8589938,-2.073799,-14.0277405,-11.822149,0.0778257,-1.4529673,-9.88275,0.81300503,0.17064528,calm
160.08356,54.09027,206.02808,0.0016001262,0.0019558175,4.589942625717178,-674.2845,41.25106,-2.0414994,8.666131,0.8263647,-3.7808886,-6.731393,-6.3415375,-2.1897142,-1.1508763,-8.371886,-1.244433,0.23629926,calm
160.52884,55.89399,212.1324,0.0019973547,0.0024672553,4.951543285283818,-676.6125,41.92683,1.0629876,6.559773,-1.432222,-6.235399,-7.5641794,-5.515273,-1.1985419,-3.29947,-7.1656756,1.2787784,-3.5298247,calm
173.69687,59.559353,223.62729,0.001727359,0.002141148,4.124278251306022,-668.7138,51.227596,-10.179993,3.2116334,-0.6965866,-0.7499132,-12.747125,-12.50614,-2.306141,0.009655026,-10.635736,-0.9422595,-1.23982,calm
172.33946,57.53035,231.16383,0.0017371568,0.0020855526,3.9783181659953257,-660.61066,47.14738,-3.691421,6.8070436,-3.5633237,-3.2790825,-14.431017,-13.139979,-3.1149957,-1.834307,-9.644931,0.383771,-2.6064508,calm
187.28035,56.61951,246.58151,0.0039006132,0.0047180788,4.806502915709489,-616.02234,50.44261,-12.944897,4.7954593,-0.98419917,-9.414005,-13.3928385,-12.9024315,-3.933604,-5.641971,-9.734017,-2.2200637,-6.112988,happy
189.02596,66.95273,245.35773,0.003822119,0.004915712,4.3645092654894615,-631.8075,40.26138,-19.940786,3.8348937,-2.5936337,-12.419727,-13.928003,-13.80858,-3.0149379,-5.971623,-8.816761,-1.576932,-3.2742183,happy
176.74147,60.18268,224.75885,0.0041185115,0.0051781484,3.1397174254317113,-632.6839,40.302353,-7.6312447,1.109057,-3.3172262,-10.405381,-13.790465,-13.874573,-3.101471,-4.3131804,-9.114543,-1.9991816,-4.615947,happy
152.1148,56.704563,231.92076,0.0041854666,0.005363439,2.854288568574283,-634.8871,42.311073,-8.360535,-0.6934561,0.863074,-8.183629,-13.591534,-12.458862,-2.5964577,-4.3990455,-8.795838,0.26096204,-4.633538,happy
185.5642,76.097305,246.47244,0.015130161,0.02062466,4.816536776265178,-488.8635,26.108833,-25.271788,-5.629978,-10.619021,-17.238188,-14.435699,-17.66879,-6.4250207,-4.4481535,-11.66685,-6.650265,-8.734738,happy
194.66658,78.740166,245.56453,0.014072481,0.016839271,4.690935743953091,-486.4628,30.41607,-18.475525,-2.1427562,-6.25088,-16.476887,-16.22742,-15.679795,-6.833263,-4.492614,-13.986597,-3.9269593,-7.436097,happy
197.81216,74.82995,247.44997,0.014753517,0.017671362,3.5418724244797875,-491.34363,25.803679,-10.758269,-6.729933,-4.4609103,-13.946703,-15.710055,-18.38218,-5.749014,-8.186031,-14.681764,-3.9355352,-9.142538,happy
191.67268,75.49577,241.70377,0.012459993,0.01497651,2.539803482705526,-514.55756,30.131748,-21.742086,-3.6668942,-5.793097,-16.463024,-16.930473,-17.080664,-3.9764757,-6.663964,-14.21848,-3.670919,-7.4858108,happy
167.40628,56.742672,226.8677,0.0029545503,0.003568734,2.497485171181796,-646.46576,45.737156,-8.32163,8.487407,-0.64552593,-9.265505,-10.55017,-13.696409,-1.7560538,-3.9797196,-6.1077294,-0.022557845,-2.4923534,sad
167.21704,60.567787,234.7251,0.0035217563,0.0042974898,4.3199460006749915,-626.4167,40.067535,-12.188789,3.259519,-3.0159178,-11.618671,-13.353295,-14.367669,-2.9446335,-1.9083931,-7.854456,-0.40625325,-3.4981792,sad
178.76428,58.037365,236.42262,0.003534044,0.004308384,3.8143241494397713,-617.51526,37.47058,-11.262452,0.7328586,-2.0700371,-7.028521,-18.986147,-17.275581,-1.2574434,-1.3906231,-10.435694,-0.5353293,-4.3371096,sad
185.55511,54.390972,228.48979,0.0041380487,0.005189195,4.049949375632805,-610.16284,39.740124,-9.521793,-1.0868146,-2.7897358,-6.310919,-18.908272,-17.312046,-0.42397264,-3.4485967,-11.4496975,1.3211412,-3.6951926,sad
180.10675,60.675858,239.04922,0.0037711188,0.004559039,3.746257923168264,-618.3817,42.18591,-13.153544,4.288827,-2.7527027,-11.220782,-11.358028,-15.238571,-5.252112,-2.6748316,-10.263742,-0.52589756,-4.059406,sad
186.86536,64.914406,235.74084,0.0047860704,0.0062660733,4.949133901567226,-596.10565,33.55672,-12.493837,5.9089003,-5.315455,-14.032422,-14.255019,-14.842279,-5.928097,-4.7834764,-7.7841897,0.45556948,-5.146429,sad
192.61707,56.1432,238.43909,0.004452483,0.005449288,3.2110245175101184,-624.3346,35.881046,-6.7805395,0.6464363,0.00047114363,-7.8482366,-15.822225,-17.62361,-6.170792,-3.8968189,-11.878833,-1.1798843,-5.585876,sad
187.34128,53.594685,227.30406,0.004999231,0.0057800673,3.387898037299454,-606.31604,36.13274,-5.807076,7.518305,-2.3098037,-11.661839,-14.143087,-16.385305,-8.707367,-5.1215534,-10.885103,-0.62760174,-7.5626345,sad
168.1869,60.608925,248.78865,0.0053074546,0.0074739065,3.5099561255484306,-571.6844,37.76481,-5.82085,3.9319727,-6.3164535,-9.722172,-10.662988,-11.525834,-5.2523274,-1.026341,-10.620169,0.64767927,-6.088355,angry
159.60489,59.589573,224.074,0.0056507485,0.007649779,5.084207181442644,-607.32947,42.50618,-3.5658958,4.813658,-4.7856455,-9.735051,-7.0139594,-11.060597,-4.8369894,-0.9863993,-8.75366,0.33386967,-6.12544,angry
178.64465,65.39958,246.46677,0.007139028,0.009791747,4.133766086970563,-558.26794,34.33364,-11.11571,-0.34807593,-7.507302,-10.168636,-11.857261,-13.7573185,-5.247752,-2.15669,-10.469803,-0.06635707,-7.7159,angry
180.68358,64.81141,248.84592,0.008520926,0.012147915,4.458342363540667,-532.8106,35.48579,-10.424446,0.42897502,-9.250448,-10.089857,-11.935517,-17.032333,-7.8217726,-2.9732769,-13.677754,-1.1492424,-7.255898,angry
186.55032,71.338646,244.45544,0.019654987,0.025618358,4.650486847841884,-469.5634,25.470451,-17.619274,2.2493916,-13.134789,-13.847134,-11.875315,-15.484395,-4.046135,-6.046223,-9.421472,-3.2297797,-7.057475,angry
199.20357,74.68704,247.34796,0.018880896,0.026278846,4.354577910122793,-480.02,29.367939,-18.08932,0.14280057,-10.668399,-12.795018,-10.137143,-15.986412,-6.5917287,-3.7462368,-11.924495,-2.9919236,-8.239662,angry
206.80873,65.98202,230.92606,0.033184916,0.04366933,3.3037373528804457,-422.48666,18.186617,-17.744637,-0.89298326,-13.128706,-11.181192,-12.75718,-19.053814,-7.028032,-5.4320207,-11.416406,-2.61956,-9.63059,angry
210.04901,65.88988,247.52386,0.03185644,0.039855983,2.8542546232978534,-428.2555,17.340433,-22.53517,-1.5049293,-15.8907175,-12.727555,-14.892117,-19.538425,-6.748685,-4.065892,-13.115835,-2.1665184,-10.128529,angry
143.2195,65.2601,230.39456,0.0048857015,0.006393263,3.417623765629878,-634.9159,58.830063,-9.451161,16.867588,1.5896006,-6.5475736,-5.256483,-8.648918,-9.667604,1.8252425,-6.781282,0.5136937,-4.5732355,neutral
124.07211,52.12576,227.46878,0.0056375614,0.0073412135,2.943488368203636,-604.5341,55.953304,-11.61215,19.241142,3.8962235,-5.003966,0.39941877,-8.028319,-6.984134,3.9652677,-3.754157,1.323845,-2.6003077,neutral
134.18158,60.39708,229.17987,0.006047766,0.007952516,2.1796137996798692,-619.8538,51.11124,-14.483678,15.15336,0.15970379,-6.8240504,-2.8723989,-10.724366,-9.007174,1.7358649,-5.854181,-0.44353193,-3.935398,neutral
142.82037,54.86215,222.39238,0.0060465285,0.00788241,2.3454678719765454,-613.5794,60.292458,-11.229956,15.753427,1.7870954,-7.445361,-4.297419,-11.765463,-8.493497,1.0856879,-6.8050475,-0.111195825,-4.596038,neutral
123.2741,49.59048,237.37662,0.0026989733,0.0038503546,3.2740437588540847,-669.1821,58.15131,0.6317403,15.647347,3.7773178,-1.2059648,-1.7832191,-4.975126,-5.5245204,1.555361,-5.044346,-2.4384348,-2.0434794,calm
120.92338,42.49612,199.29816,0.0025299524,0.0035300828,3.1935147085917825,-692.1074,55.91382,0.1379534,15.04067,3.2476587,-0.9018098,-5.920836,-5.1897554,-7.611775,2.1643817,-5.479968,-1.9914576,-3.1621227,calm
126.82101,48.42539,244.93463,0.003747218,0.005669337,1.9180627566158182,-651.0124,53.248882,-5.003587,12.670809,0.04639953,-2.9303539,-5.1368184,-6.818717,-7.217826,2.1985283,-6.857452,-2.3045752,-4.441719,calm
115.90018,38.7719,181.38821,0.003536742,0.004654818,2.997002997002997,-651.21027,53.396847,-3.3939986,13.957561,0.98765075,-3.8801534,-4.9072433,-7.2462854,-7.246982,1.3136433,-6.3982525,-1.977417,-3.72556,calm
132.31648,43.070568,244.9874,0.0032431101,0.004122438,1.9545565599804542,-644.93805,59.677628,-2.7019746,12.813,3.316403,-3.0975277,-6.767424,-5.1870656,-7.9722877,3.0887141,-7.193861,-2.1981213,-5.2204328,calm
137.7287,55.297485,227.12346,0.0027983128,0.0037856759,3.691940168851969,-667.78406,61.69957,-0.8757062,13.597912,5.287968,-1.0079496,-7.221294,-4.9608364,-7.2074847,3.6395276,-6.1302223,-1.3854444,-4.185903,calm
130.17067,49.04541,245.53325,0.0029575806,0.004166754,2.92388755215789,-665.0556,55.995464,-3.3991013,15.7699795,5.1870365,-2.1703212,-7.3339815,-8.104187,-5.937362,2.99654,-5.6443167,-2.07536,-1.7106744,calm
142.7149,50.246967,210.43518,0.0038744179,0.005634385,2.8438610883237625,-641.3839,57.337753,-3.8205378,14.32891,3.5322254,-1.5731246,-6.4928856,-7.8537693,-7.2533174,4.1376786,-8.905201,-2.8328257,-4.1296854,calm
177.80898,71.26225,239.87584,0.0057690707,0.0076882318,3.5963811414763893,-628.53534,43.044987,-11.973902,9.131984,-2.5364783,-6.521043,-8.714036,-11.733494,-9.382618,-1.8151565,-6.3858943,-2.7511907,-7.702618,happy
172.58038,75.3828,246.13658,0.008936808,0.012546964,4.8930598826430165,-571.02203,39.22376,-11.195938,6.660609,-2.1716106,-6.172249,-7.5992727,-9.965566,-7.8207936,-1.8259523,-7.1814723,-1.4210355,-8.085221,happy
162.90434,51.735985,231.88203,0.006906233,0.009296822,2.162788452254514,-597.3169,38.931843,-10.9475,8.010233,-1.7153715,-7.1543336,-9.484344,-12.857392,-7.8277025,-1.2814535,-7.514573,-1.5271819,-8.031805,happy
161.54071,54.53812,247.4687,0.0066344547,0.008872635,2.1407136986563198,-598.8362,39.812073,-6.6561494,8.879858,-0.65328836,-6.957298,-7.2361016,-12.625212,-7.8264766,-1.2215221,-6.748277,-1.8490437,-7.7616096,happy
176.51393,86.6677,248.07857,0.017926667,0.02686769,3.398601938747924,-498.5769,25.938797,-15.380968,0.076034956,-6.052997,-8.8979225,-8.927691,-9.701568,-10.153631,-1.7452338,-8.376803,-3.9020739,-8.603054,happy
214.6959,72.19706,244.35945,0.019055948,0.028166201,4.0584573959532495,-500.55423,26.06647,-16.415974,-0.7839404,-7.3208456,-9.542841,-10.245661,-9.421071,-11.4055,-2.5066683,-7.134171,-5.5008845,-10.408898,happy
190.43312,71.51728,234.24785,0.01723121,0.025226777,2.162788452254514,-513.15906,28.721893,-13.820332,-2.7494087,-7.6220775,-11.850862,-7.8448834,-12.740187,-10.132619,-1.0865216,-8.757516,-3.4156096,-11.0839205,happy
184.6635,75.82379,245.01097,0.014951703,0.021034475,2.471758231148016,-539.5307,32.852497,-12.655408,1.7214268,-7.5287685,-9.933638,-7.1994042,-13.435705,-10.352299,-0.885125,-9.257987,-3.1108558,-9.847815,happy
136.08823,55.092213,244.26053,0.0028200254,0.003628093,2.219986818828263,-685.1829,56.77426,-9.279393,14.332439,4.4330883,-1.9721189,-6.669956,-8.188231,-9.741962,-0.26063657,-6.9536777,-2.9033687,-3.353001,sad
135.5369,48.912064,230.99129,0.0031325347,0.0040821563,1.8085226630496212,-667.0357,56.434765,-7.3753633,16.152308,2.059237,0.42697743,-6.4256406,-6.4950733,-8.494784,0.50265354,-7.6183996,-3.6554294,-2.3382668,sad
130.8911,49.261265,225.23907,0.0040592,0.0053344243,2.520831874518591,-625.40735,40.644173,-2.311541,12.078315,1.4861194,1.7701395,-7.4219503,-5.7643056,-8.3702755,0.7467508,-6.356929,-1.2204769,-2.1051166,sad
145.1238,49.765717,223.94302,0.0043424997,0.0054300968,2.7245172495998364,-632.04694,45.300716,-2.2456598,15.037587,2.0742764,2.6724975,-7.198554,-5.0130186,-8.241101,0.4229524,-5.8600707,-1.3576437,-1.7761112,sad
184.63145,62.918964,241.8812,0.0056855287,0.008204511,4.448671983610156,-561.9902,48.007534,-7.1938195,14.493483,1.9892403,-2.6474817,-13.66499,-10.182586,-10.158324,-1.0302079,-7.3183923,1.1739428,-1.8165303,sad
166.31883,63.562286,248.67163,0.004205512,0.006576422,4.117991907002017,-600.6645,46.508453,-13.38493,11.750451,2.3509889,-0.9895513,-11.630147,-7.877426,-6.237478,-1.7597888,-7.5983853,0.67269355,-1.515773,sad
144.66751,48.050766,246.42964,0.0038365358,0.0050969967,3.5557248757877358,-644.30444,41.315315,-0.031403232,6.1122546,1.8326997,-0.7837587,-9.765494,-9.470313,-8.68015,-0.518745,-9.923147,-0.36531347,-3.375387,sad
143.52225,59.09966,246.8699,0.0045352303,0.00606493,2.5326808162619217,-593.9766,58.962765,-8.610586,17.575031,6.2194505,2.8982756,-13.9113035,-7.501176,-1.4332045,0.23424873,-6.6753774,3.6565695,1.2910726,sad
157.2738,69.37398,238.08817,0.013515391,0.019915098,2.42181143927497,-535.64233,35.02701,-13.12893,4.2034183,-6.1450987,-5.4085903,-6.368932,-10.659023,-10.414888,-0.60861933,-9.115401,-1.225802,-4.93584,angry
162.90948,66.280396,231.57483,0.014206286,0.020469459,1.8163585794562276,-522.03424,34.71428,-11.944424,5.3010416,-5.9249597,-6.8540826,-7.0804224,-9.757687,-11.186512,-0.24858062,-9.576096,-1.568249,-6.1194806,angry
152.92986,62.89788,222.89163,0.01345558,0.01906305,3.058162426651885,-541.0501,36.531254,-11.963239,5.257356,-4.6728616,-5.915493,-6.44163,-9.339051,-9.365705,-2.645866,-8.393863,-2.5105631,-6.637731,angry
179.96251,72.324066,248.50363,0.013144564,0.018117588,1.7981905707381947,-542.0504,32.139454,-10.928917,2.8826175,-6.976838,-8.977454,-7.1504245,-9.9906645,-12.644738,-1.2760596,-11.006002,-4.143057,-6.966831,angry
155.10109,83.66246,233.0837,0.038275037,0.057795208,2.9382058580479296,-410.71396,22.941875,-16.990278,-0.33953723,-10.303412,-7.0093026,-7.538615,-6.657561,-12.333834,-1.6027471,-5.9649863,-3.0672956,-5.5632677,angry
160.43181,84.4356,244.8294,0.038339697,0.05708585,2.3975874276509264,-433.9316,23.935366,-19.855581,-0.033613924,-10.60352,-6.670963,-7.7322702,-7.7934804,-10.180235,-3.0851543,-6.959725,-2.280251,-7.483617,angry
138.41353,84.66115,246.68005,0.045843527,0.08163239,2.162788452254514,-393.44562,17.233635,-19.483671,-2.0502286,-8.180153,-5.2279677,-9.664467,-7.4564834,-9.323901,-3.1989512,-6.179779,-1.650268,-6.8047066,angry
148.52106,80.70134,229.35944,0.03917575,0.07087292,2.42181143927497,-401.94135,19.294104,-17.343254,-1.4098945,-9.424719,-7.6310215,-7.8191023,-9.140563,-11.030894,-3.032478,-8.619987,-3.3306804,-8.333563,angry
211.71033,36.594807,217.07782,0.002628567,0.0033470818,2.6999662504218698,-678.5724,37.03442,-8.621847,-0.60413706,-11.685982,-9.0674925,-16.631886,-10.340189,-8.787601,-8.638319,-5.0381513,-5.97613,-5.315438,neutral
212.12703,43.44333,213.98602,0.0024169828,0.0031296888,3.84932636788562,-674.1036,33.93589,-13.615335,1.2218255,-14.1093855,-9.204208,-16.17704,-10.548537,-7.2016163,-9.8110895,-4.800002,-5.6498775,-7.1968384,neutral
217.72137,53.359974,231.07286,0.0029631236,0.0038045456,3.5743744844652188,-669.3549,36.68095,-6.75931,0.3864803,-10.793032,-7.763473,-17.392103,-7.320591,-7.0578313,-6.4746103,-2.009134,-7.14262,-3.7247102,neutral
223.88918,40.469776,209.54657,0.0035570741,0.0048430106,3.8849769329494603,-657.7114,31.640663,-4.546483,-0.4594094,-9.700078,-10.726337,-18.99888,-8.944488,-8.0556755,-8.206596,-2.7225435,-4.466248,-5.1235523,neutral
203.84279,53.455387,234.57495,0.0013846784,0.0017590548,3.361109166024788,-737.494,36.29954,-4.7462487,2.9253833,-7.4082847,-8.30639,-17.553785,-11.158881,-9.180402,-7.624138,-6.273549,-8.495468,-5.276078,calm
221.53261,44.630775,235.91153,0.0014923253,0.0018257061,4.566861709718853,-734.06586,38.955914,-2.5268524,1.3424859,-9.65882,-6.260407,-13.764549,-10.832585,-7.1835394,-6.742521,-5.8940506,-6.8900523,-3.9410636,calm
190.66231,53.136684,234.19856,0.0016403146,0.0017914781,3.1003245652279223,-720.2902,32.798286,3.631871,5.2480516,-8.695307,-5.761563,-15.748084,-6.323586,-9.555262,-3.076384,-5.668606,-5.2981277,-3.1149418,calm
205.09763,51.501728,229.98312,0.0024157406,0.0030123347,3.240014175062016,-685.3849,38.319084,-0.42353886,-0.14513746,-2.7424676,-10.342487,-14.305802,-9.380312,-8.362646,-7.5630555,-4.2712774,-5.1227365,-4.6506023,calm
215.64967,43.97381,220.89746,0.0027085787,0.0035541477,3.411202144184205,-661.0733,34.44173,-12.306262,-1.3814243,-11.037556,-9.913603,-14.676886,-9.01462,-8.979636,-7.436839,-4.4768085,-6.9662356,-6.307945,calm
213.10191,47.741707,217.3356,0.0018830423,0.0021901461,3.1935147085917825,-688.14795,39.731567,-4.236205,4.52935,-7.868507,-6.533428,-12.615175,-9.157621,-10.960863,-3.8836665,-6.201315,-8.132658,-3.9842663,calm
221.69945,48.392567,234.82535,0.002087201,0.0024199975,2.9722282423604445,-696.184,43.292347,-1.338744,-2.8632953,-9.726071,-10.746274,-12.6231985,-10.7515745,-11.628092,-4.9096727,-5.909744,-7.194377,-4.3167205,calm
213.32422,43.998714,220.26541,0.0023956825,0.002639786,2.6802302561447324,-676.0426,36.991802,-5.0138197,0.082524024,-7.3014383,-11.217641,-11.102207,-10.098041,-11.162698,-4.3059688,-7.1337485,-7.0120983,-5.109621,calm
217.77539,42.65238,235.79951,0.0034691733,0.0046973373,3.6074785805959277,-640.97876,33.42422,-12.551734,0.3886745,-11.189885,-9.019798,-11.488917,-9.947658,-9.267205,-9.244497,-3.0747852,-7.8496833,-4.337741,happy
209.16647,41.425644,224.29651,0.003554937,0.0042759283,3.5861229848070058,-636.1864,35.093945,-15.7744055,5.2202563,-10.976141,-8.533617,-11.962797,-9.089864,-6.0803666,-9.606174,-2.1991353,-6.7766848,-5.8811464,happy
205.93791,54.04602,224.50937,0.0034277458,0.004418343,1.7125731411445697,-668.3054,41.816498,-16.079533,-0.73487884,-9.821929,-9.342048,-14.271702,-8.601694,-8.124055,-6.5898466,-2.371489,-6.9995723,-3.8701682,happy
221.91069,41.07548,189.2815,0.00552525,0.00788814,2.408308664893884,-600.48145,24.434498,-16.068258,-0.3728433,-12.014859,-12.652569,-13.9835205,-8.642667,-10.415514,-6.4817147,-3.491068,-8.127217,-4.7570357,happy
223.23328,54.3547,241.83768,0.01068436,0.013776124,2.997002997002997,-515.98785,23.741026,-20.90579,6.117326,-20.578907,-9.07874,-12.011216,-8.207965,-3.591193,-8.536891,2.247492,-7.717604,-0.8794285,happy
197.78778,66.152985,246.23383,0.010967626,0.015382056,4.243539377061681,-515.3344,23.095596,-17.1126,9.630706,-16.602121,-6.708654,-9.856129,-7.235581,-2.074243,-7.765179,4.526886,-2.1882572,-1.6883637,happy
238.50609,54.159477,241.2337,0.01134916,0.013449103,4.133766086970563,-527.3996,19.257473,-19.323967,0.5382199,-18.14619,-14.3207245,-14.507957,-12.432185,-6.0655828,-7.664324,-1.6444933,-8.852769,-2.0378766,happy
214.93552,69.427345,237.84802,0.018495105,0.022869963,2.583603804356602,-495.75723,11.87912,-22.09477,-6.1196785,-20.334364,-14.4830675,-13.45019,-10.1778965,-7.1718187,-9.943533,-4.5067983,-8.044219,-2.8848393,happy
203.81783,50.690887,223.08018,0.0018339402,0.002780393,3.411202144184205,-671.54443,42.576103,-2.0936,3.8099773,-6.6275167,-11.576194,-13.153342,-9.508355,-8.805628,-8.411629,-6.204365,-4.6985717,-3.6872714,sad
201.568,43.412327,243.16043,0.0015072431,0.0019144162,4.029592318589643,-705.0078,45.58568,2.472756,5.667331,-6.4078074,-6.038284,-12.965172,-7.007668,-5.2584205,-7.685589,-4.2081475,-4.094652,-0.983822,sad
198.21397,44.890896,199.01056,0.0026966434,0.0043334775,2.5446191906697293,-685.64124,36.114017,-7.266068,-0.8868048,-10.7559805,-6.5981708,-17.91143,-10.54861,-9.497459,-8.720535,-3.750564,-7.991528,-3.1079223,sad
208.9731,50.37992,209.42131,0.0020552843,0.0030925444,3.387898037299454,-678.249,44.94528,2.6739137,2.3980675,-7.766511,-6.603544,-12.058414,-7.3254213,-9.514661,-4.8028955,-5.3737535,-4.2692313,-3.752944,sad
227.60036,56.567654,241.91956,0.00815987,0.011557518,3.6326999758766014,-556.6567,29.701183,-22.804651,0.34741908,-20.103884,-15.22065,-19.5466,-20.03114,0.19252136,-9.240677,-7.081753,4.22669,-10.075788,sad
202.58484,69.112335,248.63748,0.0056597292,0.007556205,3.937653814602133,-564.8882,43.399483,-13.282369,2.9298043,-18.95487,-8.515828,-11.820326,-15.350005,-1.309817,-8.896291,-2.1482248,-0.017625235,-5.3466554,sad
219.78014,71.82688,244.84845,0.006413289,0.007653227,5.2328001427127315,-557.0929,44.583458,-6.7210984,1.6531631,-10.679313,-16.142725,-22.875536,-19.740643,-5.167683,-15.81422,-6.3352456,0.06850237,-9.226799,sad
225.29758,55.836792,219.50795,0.0027221052,0.003461874,2.9969762650183296,-656.8761,38.328247,-2.483148,-4.405917,-10.199001,-7.7772818,-12.084178,-13.6303625,-6.9207664,-8.330552,-5.2420564,-3.3979225,-6.115059,sad
205.38577,63.300636,238.2891,0.014781212,0.020675696,4.142174032223678,-494.1848,24.564861,-18.55389,-2.1441102,-20.52885,-5.709611,-12.355325,-11.230833,-1.8506304,-8.965132,0.833185,-5.668356,-4.1827087,angry
221.69768,70.533775,241.86234,0.016698536,0.022895902,3.211078219858512,-492.42822,21.744793,-17.515087,-1.9745373,-16.484747,-8.094306,-10.101716,-10.009421,-3.5671704,-6.27338,-0.8462008,-2.9284837,-5.184598,angry
183.84555,65.90138,236.47992,0.0125410445,0.018898448,2.7245172495998364,-513.3215,24.677711,-14.886549,1.6734217,-15.765345,-6.8137684,-13.883917,-12.112386,-3.5680745,-5.9069414,1.28957,-4.210888,-4.5849338,angry
197.2081,73.67361,245.39377,0.017638195,0.022169793,3.3300132308561405,-481.84042,27.744371,-21.25053,-2.052127,-18.690374,-13.239826,-14.489389,-15.271253,-2.595581,-6.1513467,-0.80364126,-5.6819167,-3.249017,angry
211.97823,71.96039,243.52863,0.032064967,0.044042736,4.346769235168795,-408.45306,16.834946,-16.846643,-2.998918,-25.302,-5.5216103,-11.707304,-11.492783,-4.6503873,-10.605936,2.181368,-8.772402,-3.4276175,angry
218.48894,61.73563,234.29076,0.0243945,0.033061456,3.43165992250168,-449.37433,18.521448,-20.196836,-2.0739417,-22.038633,-7.4843445,-10.935052,-12.424864,-2.0356658,-10.774783,2.2313778,-5.71453,-6.0969067,angry
176.2404,82.52761,239.77371,0.017715706,0.02285378,4.075883357808614,-487.68237,27.743204,-13.423428,-4.606196,-16.133175,-7.778649,-14.518955,-11.584447,-4.902125,-5.864392,3.039779,-5.138292,-2.7287629,angry
211.49998,71.49661,247.41747,0.019730454,0.026552849,3.721750202002889,-478.7772,15.383598,-15.120848,-5.969349,-21.781544,-4.8651056,-14.5371,-10.396808,-5.4164133,-7.8005495,2.1604607,-7.1259775,-5.5554266,angry
102.87703,63.53572,226.00635,0.00232657,0.003231724,3.632717158912455,-694.2315,50.040554,0.5522665,14.5456295,3.4447615,-2.4693272,-3.988867,-10.599405,-7.2048903,1.9541297,-4.2952824,2.2685385,-5.363429,neutral
103.47605,67.35614,222.68932,0.0025044002,0.003449438,3.5963811414763893,-683.9196,49.147438,-1.7723215,19.475557,1.9769548,-0.55906355,-4.7360053,-12.186052,-5.4750223,2.4511197,-4.1994586,1.8152306,-5.2390347,neutral
111.4511,70.03748,242.03323,0.0028462077,0.004172237,2.4465299413215083,-678.07904,51.52771,-0.038086716,14.368165,0.83389103,-0.18541197,-6.124986,-10.725261,-7.61419,1.4321214,-3.8672495,2.2190194,-5.85153,neutral
96.39853,54.784725,214.88795,0.0026602722,0.004046586,2.2082889703852673,-674.43964,50.828194,1.7249596,14.461128,3.0742104,1.7510952,-7.570892,-11.271994,-7.13256,2.0016143,-2.7141168,0.93273896,-4.972868,neutral
108.90361,59.706055,222.93365,0.0017037225,0.0024023345,3.1100901219296695,-709.8828,56.29944,2.6625311,16.805483,3.5649443,-0.87476563,-5.6444244,-8.770026,-8.92341,2.0694683,-4.683158,1.2033601,-5.316927,calm
103.051796,49.089993,222.60394,0.0018082878,0.0024866087,1.9424884664747302,-695.86975,61.8713,-0.80428153,14.567588,4.735579,-2.691877,-7.006919,-8.064504,-8.452818,2.1760664,-3.8065197,0.007257048,-5.678415,calm
93.06304,41.600002,182.05289,0.0026406036,0.00334207,2.854288568574283,-688.434,58.455845,0.19532253,14.347581,2.1475272,1.7945907,-6.2172914,-8.7956705,-8.008652,2.5240705,-2.2556846,0.74966043,-5.33911,calm
101.90568,57.7944,247.37198,0.0026975293,0.0035874718,2.593519802604326,-685.4515,62.541225,-0.8261392,16.144678,2.891825,1.5114291,-6.2234745,-8.806564,-7.2023883,1.1583246,-2.26379,1.3000516,-4.9428387,calm
91.56138,31.811216,181.15863,0.0015352227,0.0018540435,2.429969625379683,-718.6157,64.94728,1.9010295,16.33155,4.00424,-1.5176964,-5.845613,-5.3711743,-8.0974455,2.530768,-1.2224076,-0.30089906,-5.0555024,calm
102.491196,51.905273,247.6291,0.0016447079,0.0020441432,2.7472527472527477,-678.8852,60.24432,-2.4052532,13.981015,1.6262014,-2.2108362,-8.577353,-8.015344,-8.345557,2.9916987,-2.512611,-1.5247272,-5.6491785,calm
105.64245,45.567158,238.64197,0.002116277,0.002224195,3.092109175239341,-687.784,61.919678,2.9957113,11.420323,4.4978356,1.2314442,-8.976568,-6.934919,-8.936617,3.1329415,0.26412797,0.36995727,-4.836611,calm
105.971405,58.058254,222.1202,0.0021466464,0.0026160097,3.4965034965034967,-669.3351,56.18406,-3.906476,15.831812,2.221315,0.40576276,-10.832254,-10.301562,-7.9346514,4.7955494,-2.0441551,-0.63307667,-7.124411,calm
127.13436,71.73619,232.915,0.004352341,0.005670822,3.458026403472435,-630.4844,55.85235,-4.846811,14.766146,-2.3529181,-4.4143267,-8.338184,-11.595629,-6.6747727,0.13697669,-8.877774,2.5722437,-8.064328,happy
130.6854,80.44659,247.92522,0.00506359,0.0065703643,2.8817405713050683,-610.3609,53.820595,-5.1030164,17.301195,0.7623974,-5.3264484,-6.624515,-12.669138,-6.569199,2.280546,-8.218486,5.0824437,-7.7346764,happy
114.58497,68.3624,228.05537,0.003816953,0.005121639,3.1100901219296695,-642.2666,54.73978,-1.5624722,12.108255,-1.5802337,-2.6530116,-9.055992,-13.778261,-8.004792,3.8767343,-8.001145,2.6074367,-6.2283783,happy
122.07103,73.70727,243.91017,0.0038037465,0.0045965523,2.6999662504218698,-635.335,48.80488,2.6291344,17.269691,-2.415,-0.032664906,-7.1056347,-13.695679,-8.430627,1.7542454,-5.9194765,3.1524143,-6.757477,happy
164.8262,74.14301,245.31369,0.0066550556,0.008765106,3.5418724244797875,-583.44666,43.252106,-6.6012535,5.285235,-3.2655194,-6.4368243,-15.119597,-9.423281,-14.164572,0.6129295,-9.420697,0.22905579,-8.01488,happy
157.80475,71.142685,238.12021,0.008501559,0.011661697,3.5743744844652188,-553.58167,48.836487,-12.89195,7.229859,-0.27535704,-7.637723,-12.393135,-12.6224165,-13.238041,5.5585165,-10.277538,0.57839835,-5.8990626,happy
124.19847,63.845013,191.02908,0.011079373,0.013439035,3.5557813194488537,-503.05002,39.735077,-10.254747,7.5195665,-3.3695002,-6.8978252,-13.012488,-16.885265,-11.619035,2.6081374,-12.242265,2.803939,-9.192976,happy
127.2673,59.92632,221.6824,0.010275038,0.012453326,4.063685572328841,-526.5468,41.82679,-10.284768,6.713706,-5.5285783,-6.70969,-13.495095,-16.288134,-13.732458,0.29332218,-9.905761,2.5674846,-8.198202,happy
152.2497,69.633675,234.37833,0.002244188,0.0029766974,2.8666829546379997,-672.90015,56.015125,-3.0299668,18.127066,-1.5164067,-2.1759303,-8.54333,-12.892447,-7.3388257,-3.871756,-2.8191938,-0.88463205,-8.236105,sad
141.7195,65.39838,240.83531,0.0020603363,0.0027879754,4.201386457530985,-682.63196,58.302124,-2.717058,20.004091,0.23189518,1.0483509,-6.7968435,-11.829402,-8.780702,-1.4136031,-3.3442798,-1.7505805,-4.579512,sad
144.17162,63.642925,205.96417,0.0017757633,0.002422334,1.998001998001998,-724.79913,53.721565,-4.574374,16.966187,-0.8659846,-1.1190157,-7.107028,-12.358786,-7.3665285,-0.2850748,-2.7335439,-1.033776,-5.21055,sad
134.89046,66.73037,237.2724,0.0023393247,0.0031282853,3.2640344207266185,-701.4147,54.7576,-0.23666295,18.080446,-0.94446725,2.6285307,-6.0568857,-14.143858,-7.779832,-1.5049689,-4.02643,0.4234725,-6.8546195,sad
147.51251,74.868095,243.64122,0.0030094625,0.0036325234,2.6289413581768293,-663.14905,57.373806,0.19014892,20.2237,-0.32565823,-0.20812967,-6.662887,-10.965925,-4.409886,-1.3257084,-3.9688861,0.59654987,-7.160889,sad
147.11053,70.73163,231.52753,0.004993199,0.0069952155,5.3999325008437395,-616.93207,44.39538,-5.405289,11.927895,-1.8766825,-7.3231387,-9.726254,-14.286551,-10.135011,-0.31393465,-9.5801115,2.3014092,-9.510462,sad
147.32645,67.538536,246.6189,0.0051084375,0.0066203815,3.4786098939692947,-607.47,47.07704,-4.7926445,14.605791,-1.8017406,-5.252694,-10.085373,-18.825283,-10.671867,-0.82557464,-9.259229,1.567165,-8.888568,sad
137.33203,62.643993,246.75514,0.006202208,0.0074808006,2.943488368203636,-592.2696,43.400246,-3.3186479,13.34333,-3.2777643,-5.0254827,-10.850559,-16.18702,-9.394396,0.27408835,-8.029783,1.4333239,-9.90445,sad
150.73148,61.017986,248.23917,0.009044389,0.012000446,3.875405706534903,-534.05237,34.97803,-3.5949755,11.610252,-5.7629566,-3.454508,-3.7988544,-9.873667,-10.285377,1.0964575,-7.119155,0.7013888,-7.5805855,angry
179.52086,66.01964,239.99387,0.009964891,0.012084132,4.8256266171404985,-519.04816,34.33238,-5.342272,7.6891265,-7.7284293,-4.142185,-11.348422,-12.635181,-11.618584,-2.9119444,-9.606558,-1.5926796,-7.8452177,angry
128.7216,60.264534,221.03825,0.0069882465,0.009656743,3.710575139146568,-565.1883,40.05792,-0.66624534,10.573721,-4.0504355,-3.0465865,-8.571688,-13.228571,-8.996064,-1.9644209,-6.4761395,-0.017762693,-7.9158025,angry
157.0167,69.440094,245.43823,0.01093892,0.014677234,2.943488368203636,-526.5581,40.196915,-3.795885,9.093004,-4.7611094,-3.3927867,-7.620163,-14.923835,-10.370462,-0.8040029,-8.394026,2.3007565,-9.210727,angry
208.23608,73.94706,240.71034,0.055185016,0.06896462,4.142174032223678,-337.24527,21.516478,-18.826561,-1.507301,-12.813228,-5.734181,-19.068003,-12.460266,-13.387141,-3.08085,-8.350034,-4.607519,-8.893252,angry
229.96214,53.834446,245.02707,0.03357372,0.041437894,4.804323891502352,-357.61752,13.785372,-17.025623,0.0066479314,-12.294667,-8.079639,-13.780132,-13.327694,-15.969634,-1.8088096,-12.337055,-1.6457758,-7.8102527,angry
210.82668,60.286728,243.20325,0.033048097,0.044503026,5.80060422960725,-388.71484,23.06024,-14.33846,3.2727418,-9.04869,-6.725444,-14.610427,-15.102851,-13.343773,-1.1652555,-12.54646,0.13693707,-9.1742115,angry
220.54494,66.53455,239.9979,0.09415732,0.11517618,3.154707414970777,-288.956,14.999517,-20.249802,-4.9438157,-11.165282,-11.91894,-18.40666,-13.783508,-15.445488,0.046605624,-11.657056,-3.6020389,-7.1541166,angry
181.12993,67.359474,229.15993,0.0037567436,0.0052267276,3.024470717624416,-636.0037,47.217148,-9.615251,8.324897,-9.739891,-1.6216106,-12.593926,-4.4776073,-3.6764805,-2.4645076,-5.582109,-2.1129625,-3.498983,neutral
164.9714,70.47062,214.78519,0.0036747695,0.004904747,4.162475285302993,-636.7239,41.088577,-8.436254,10.376582,-11.068367,-0.469257,-12.251808,-2.2844362,-4.573607,-1.0807079,-5.5849495,-2.5436957,-3.3170648,neutral
168.7005,71.72117,243.07117,0.005464765,0.007741103,2.9174333217299053,-610.9205,45.361523,-11.656629,5.208721,-8.862896,-1.6351974,-13.172316,-5.7332516,-4.930278,-2.6334124,-6.4117985,-3.2142515,-1.2155621,neutral
188.14798,60.800484,211.85384,0.004915848,0.0068723024,3.0524818758888617,-628.39044,40.946583,-10.537265,4.976801,-11.821715,-2.828456,-14.484905,-6.8018875,-6.1801066,-3.6070802,-7.047058,-5.619368,-3.1504579,neutral
179.79395,62.84438,231.16199,0.0033986184,0.004499581,3.127290495968727,-648.3293,45.18541,-3.1360536,10.040802,-9.445921,1.2931193,-11.179779,-2.9647462,-4.6520967,-1.2064406,-7.5382385,-1.2213562,-1.9448707,calm
192.45145,58.85082,231.6702,0.0034752493,0.0043881307,3.9960039960039966,-644.66785,40.272358,-8.632745,7.6384616,-10.623949,0.088277794,-13.193527,-3.0913126,-5.4093533,-1.9323789,-10.143743,-1.8862395,-1.9979761,calm
208.89453,41.321644,212.85757,0.0036827147,0.004846888,2.6060754133072725,-642.4061,40.307762,-7.7545056,3.5683858,-8.75831,-3.376204,-13.013106,-5.985577,-5.7069135,-3.8865416,-8.712006,-3.5710123,-3.0694592,calm
207.55414,49.181694,235.77602,0.0036329855,0.0046496,3.5258932787659374,-635.1071,42.24308,-14.361285,1.4533681,-11.140609,-3.9639778,-16.19072,-7.2284627,-7.006432,-4.8499174,-10.062667,-6.4693666,-4.6876354,calm
184.1895,59.663773,234.61597,0.002818034,0.0039054384,4.350453172205438,-630.3904,36.775635,-5.8859143,6.30402,-11.277266,-1.8222632,-10.184118,-6.4628353,-4.791795,-2.7717764,-9.55681,-2.6862833,-4.863838,calm
212.70016,34.253834,169.3038,0.0030887395,0.00424451,3.4675996160871856,-642.05493,38.531796,-8.6741295,5.2387304,-11.573377,0.09110355,-12.967489,-5.041976,-6.375588,-1.0715592,-10.369433,-3.2001255,-3.0046916,calm
214.62659,41.14258,212.68738,0.0034034988,0.004510395,3.6548594401973626,-646.2036,35.871178,-8.476862,-0.610477,-9.165857,-3.2892768,-16.534803,-8.402836,-6.7084866,-4.603968,-13.080854,-4.316427,-5.749,calm
199.0445,50.74727,194.90877,0.0033048296,0.003937457,2.92388755215789,-648.55,42.5121,-6.8795514,1.5120811,-8.749971,-2.32405,-15.247409,-6.1844153,-4.831167,-3.0997024,-13.484154,-4.4115586,-4.7326584,calm
199.00409,58.759235,229.42462,0.0070742676,0.010329715,4.439973637656526,-575.56647,34.56,-20.44198,10.08179,-14.415045,-0.73521113,-15.927071,-6.6261506,-5.0520988,-3.867697,-5.914289,-6.3140626,-2.7805848,happy
183.47438,65.57457,238.32785,0.006294743,0.008834623,2.970012993806848,-590.3561,35.84345,-15.852815,12.687764,-14.8188095,-0.8924765,-15.651283,-5.3753757,-5.5838017,-5.0559726,-4.827754,-5.4407096,-1.7643281,happy
211.20213,47.496994,222.73383,0.0068909307,0.009925541,2.6522121106635503,-588.6567,33.769527,-21.027287,6.0000205,-13.921865,-4.5616026,-19.635471,-7.2073016,-5.20015,-6.889899,-5.9445634,-8.01877,-2.5668952,happy
206.10689,60.3801,228.22961,0.006723855,0.009794743,3.7461952704284713,-576.17664,38.16653,-15.160164,8.3085165,-12.696085,-4.5295243,-17.790192,-4.814531,-3.6476457,-5.14966,-5.366017,-5.7171726,-2.813642,happy
217.41309,38.026573,202.29716,0.01706217,0.026373615,3.779952750590618,-467.28952,21.498287,-29.042463,8.598585,-23.426256,-6.3968863,-17.744053,-6.5705986,-8.541159,-8.708086,-4.8875904,-9.502911,-1.4834577,happy
214.94955,36.47916,192.58253,0.017462073,0.027081057,4.3592275993597385,-475.95993,26.059141,-31.481194,9.232283,-22.115576,-9.030833,-17.058064,-7.136226,-6.8231688,-8.191174,-3.3823295,-8.546258,-0.0025457963,happy
222.4293,33.0023,131.60394,0.011874975,0.017307386,4.3199460006749915,-519.7252,29.09778,-23.909935,6.375044,-15.418093,-10.565143,-19.204975,-6.9594793,-4.1870775,-10.506055,-4.867059,-9.175409,-1.8641891,happy
222.97974,33.302315,178.80388,0.013208044,0.018761352,4.908847228277543,-525.23016,28.007957,-23.94529,5.535913,-18.182102,-8.698696,-17.575865,-8.557472,-7.2676353,-9.86933,-4.94149,-9.404229,-1.2718928,happy
221.38957,33.29644,225.69653,0.0029445493,0.0036702491,3.387898037299454,-661.7297,44.804882,-10.804073,6.920489,-11.22277,-2.6543956,-14.453998,-6.645709,-6.761495,-2.8733408,-8.886383,-1.3246579,-1.8440049,sad
210.27513,47.763214,224.38513,0.003260445,0.004462061,2.9174333217299053,-655.25543,47.70796,-9.586622,8.581194,-10.181234,-0.5807554,-12.210507,-6.970481,-4.568159,-2.6826112,-7.2278185,-2.128292,-2.8990576,sad
212.00981,24.858778,105.897064,0.0033184881,0.0047836127,2.408308664893884,-641.8625,37.142788,-6.2339764,3.7232869,-8.89117,-5.0442767,-16.173445,-5.607727,-4.734195,-4.800427,-6.3860397,-4.0936656,-2.8833134,sad
200.42897,46.779945,229.4003,0.0030139687,0.0045347535,2.6522121106635503,-669.4748,38.79513,-6.65788,6.892104,-7.7545347,-3.2849917,-13.345054,-6.3401165,-2.9490132,-3.8042212,-6.810326,-3.236231,-3.5928884,sad
235.70535,55.938477,216.9016,0.0027671803,0.0044806427,5.35170752918353,-651.2147,41.246716,-9.554459,4.6318245,-13.768058,-5.311481,-18.685673,-10.617203,-7.504853,-5.652767,-6.2134337,-3.3703692,0.7407991,sad
228.37332,53.745667,246.10942,0.0025257429,0.0035792987,5.834866643459811,-667.14594,48.2633,-5.736799,7.1099567,-9.536586,-5.3226066,-17.201653,-9.721913,-7.4023066,-4.317484,-6.9582753,-3.628138,-3.6895993,sad
212.04489,66.90436,239.84789,0.003729607,0.005444121,2.160009450041344,-643.8424,37.35697,-7.4872966,2.3082392,-9.799145,-6.106618,-18.84972,-11.817945,-7.944468,-6.3030157,-7.467217,-6.9283996,-3.2020948,sad
238.92482,55.348812,238.59564,0.00317815,0.004470376,3.269420699519804,-652.25946,39.34532,-7.851787,5.325517,-10.203531,-9.009614,-18.816294,-10.453232,-5.7152987,-7.7533092,-7.561572,-6.0749273,-2.509357,sad
193.38174,61.70041,230.409,0.0071743196,0.009689838,4.086775874399755,-550.73724,37.56858,-10.727389,6.3391743,-11.999157,-0.26560912,-12.615318,-5.800432,-4.342357,-1.2875329,-4.799665,-2.3008814,-1.5252172,angry
197.68713,62.88375,228.47943,0.007675145,0.010491067,4.631679324319722,-518.34424,33.483746,-15.364244,7.2370543,-13.406077,-0.6334465,-14.279336,-3.8212495,-2.6679273,-0.26545158,-4.303964,-1.5549442,-2.7879713,angry
195.15842,67.740166,245.55609,0.008298784,0.010795244,2.9174333217299053,-560.73334,39.716434,-10.122116,2.9244695,-11.988493,-0.7785301,-14.063239,-6.9861255,-4.458594,-3.8761787,-5.436152,-4.3007097,-2.251304,angry
195.22998,65.45153,227.3174,0.008116409,0.011263123,3.680517901447561,-551.6887,34.088238,-15.944753,2.85299,-17.095324,-1.475096,-15.322733,-7.680968,-5.2025914,-3.0827336,-5.9764543,-5.1476393,-0.93714774,angry
178.15904,67.82963,226.63333,0.025319114,0.03393147,4.098426268350863,-432.71875,21.555214,-22.668694,2.1611903,-21.297647,1.123419,-15.554523,-4.871289,-5.3507085,-2.901869,-5.2019796,-5.3564587,-2.5155025,angry
191.53522,72.22141,228.44615,0.020013217,0.026108066,4.745254745254746,-456.8085,24.174524,-23.839731,2.4040718,-21.551176,3.7406673,-13.080794,-6.2039256,-6.1181912,-2.4272723,-4.262736,-6.2252603,-1.6108105,angry
183.94398,65.884026,244.82947,0.04707495,0.0643976,3.7462537462537466,-415.46585,17.28518,-32.295326,-4.296878,-26.129196,-2.3503354,-18.796724,-11.124055,-8.553033,-7.5725894,-7.1492105,-9.872754,-5.4236336,angry
200.7543,67.932495,241.08984,0.04156319,0.05411535,2.4975024975024978,-405.85956,14.742742,-31.43264,-2.7801087,-26.529339,-0.48278657,-18.019737,-9.227822,-8.589961,-7.119164,-7.4828672,-9.932629,-5.1527996,angry
166.38495,65.450775,232.54855,0.0041432837,0.005774634,3.4916074123915695,-605.3704,52.065643,-3.5499582,12.641196,-1.0477065,-7.9262433,-14.044399,-1.9218712,-11.203294,-1.6824522,-4.890337,-3.2302532,-3.5501049,neutral
170.57954,66.774475,238.32913,0.0038572697,0.0050201216,3.996003996003996,-610.591,64.8674,4.02824,20.323757,5.0422173,-3.2969048,-10.19585,2.1170726,-6.4683948,1.0953616,-1.4604527,1.9385353,-0.8315549,neutral
143.46117,59.465965,232.5498,0.004245707,0.005534187,2.2834308548594264,-617.8989,54.15126,-0.7784679,14.07494,1.9045905,-8.058161,-14.389944,-2.223073,-11.706516,0.8047644,-6.808101,-1.7574677,-2.5882938,neutral
193.15323,68.289955,235.48976,0.0045279292,0.0067033744,2.593519802604326,-604.2022,51.353455,2.6298325,12.275449,4.3457336,-9.002095,-16.881561,-4.2131,-12.478397,-1.835058,-5.339708,-1.88812,-3.7989576,neutral
150.44841,70.793976,248.25163,0.0028372123,0.0033296652,3.387898037299454,-625.76044,60.696125,3.9557917,12.989758,2.7514832,-7.266703,-12.424478,0.8839522,-9.6563635,4.7440796,-7.2091312,-0.98797446,-4.981677,calm
162.98233,75.17666,239.80814,0.0030537862,0.0036620446,3.746257923168264,-609.9588,55.217766,-1.3977827,12.6617365,-0.47255138,-8.731665,-13.416538,0.32859102,-9.664697,4.244092,-8.426782,-1.9148546,-4.794271,calm
151.66022,72.438156,239.92548,0.002981423,0.0032449318,3.127290495968727,-618.0184,64.85857,-4.3299227,12.686353,7.6448383,-17.108683,-11.851502,2.9017138,-14.344784,7.799159,-10.633655,-0.7203482,-6.343252,calm
152.81454,51.6096,229.87482,0.008103795,0.008586004,3.5258932787659374,-536.76025,49.52007,-4.5837536,6.2485833,3.6746593,-10.491412,-15.300713,1.4155877,-13.805319,7.0871286,-10.057833,-2.0495272,-4.7742305,calm
179.50233,77.02427,222.40219,0.0046464847,0.0054152356,4.458342363540667,-531.9299,68.00653,-18.149475,6.333106,-5.2052402,-13.616179,-18.479008,0.8603651,-17.205322,15.210831,-8.908315,-0.91393405,-3.6277568,calm
169.75436,63.48921,246.11461,0.008032117,0.009672122,3.0221466685555085,-509.2458,51.345978,-14.08835,11.127558,-0.87366873,-9.254969,-17.597315,-4.157838,-10.310156,5.6119475,-7.2990923,-0.5725799,-4.79635,calm
156.51115,66.8871,249.49362,0.009464693,0.009209934,3.3836858006042294,-512.3522,54.793114,-6.585462,9.976854,3.8087168,-9.244821,-13.692734,1.7670772,-12.845668,13.55229,-8.32149,1.8012103,-1.031538,calm
162.4551,45.62889,215.6106,0.008872423,0.008918608,2.997002997002997,-517.6456,53.96712,-6.1975927,7.010487,2.5989976,-8.59948,-18.195944,2.654349,-12.219848,12.141767,-11.56598,0.37614068,-2.886542,calm
168.38202,54.30965,237.741,0.008088582,0.009983732,5.569645432393456,-525.6248,55.311363,-13.527853,7.1716485,0.25105867,-8.140514,-18.587399,-8.6833935,-13.678779,4.59522,-9.880723,-3.1950984,-4.9320774,happy
185.30238,66.01027,228.43343,0.011050595,0.013153708,4.162475285302993,-501.91025,52.51361,-16.560728,-1.7579428,-4.4264207,-6.0451155,-19.524786,-7.724978,-16.681986,2.9899228,-12.427394,-2.926539,-5.9859247,happy
200.9063,65.79459,236.65062,0.010165871,0.012652843,4.852290566576281,-517.07733,40.817036,-7.6742954,4.6699176,0.31733117,-12.788863,-19.671412,-6.3987813,-16.59683,-1.9567863,-12.638901,-4.302723,-6.989493,happy
163.43109,60.284195,217.14497,0.006860233,0.008881993,4.281432852861425,-544.24524,46.07547,-5.1265793,-0.6096621,0.89028096,-7.231537,-20.172327,-4.5028243,-14.905431,1.6480557,-10.777595,-3.329653,-6.670936,happy
221.11206,65.86818,208.27531,0.023344193,0.029062726,3.9495273635452817,-419.44714,40.801025,-13.675852,-6.3401113,-7.057591,-7.288797,-19.63611,-4.650802,-18.267654,5.002032,-12.071606,-3.5205486,-3.9434502,happy
223.04398,49.919224,212.22833,0.03539571,0.04416384,5.449049963814902,-382.6238,36.286263,-18.93256,-7.0742407,-11.702386,-4.5763984,-21.447712,-8.804644,-20.971643,4.706375,-13.540973,-2.8020408,-4.7714324,happy
226.57921,51.55426,233.90549,0.043740638,0.051050067,7.2507552870090635,-335.6979,38.88396,-8.882303,-6.3126907,-9.51804,-3.3685198,-22.24392,-10.699845,-22.884953,-2.5937886,-8.918055,-7.902939,-1.1923609,happy
204.43768,61.536976,241.0342,0.024639754,0.028591858,4.690935743953091,-386.11536,41.989002,-15.962966,-6.1334505,-1.2833973,-7.643854,-18.983004,-7.288993,-17.860725,3.1316798,-13.485073,-2.9451766,-4.1364803,happy
166.50203,69.96548,229.90845,0.0024530126,0.0031041044,3.8849769329494603,-641.46704,68.45126,-5.882385,13.204384,2.7953758,-4.4865975,-13.052399,-1.6702626,-10.931586,2.2470121,-7.8352494,-1.3064011,-4.804068,sad
165.71376,68.239426,244.18878,0.002494309,0.0026127913,3.0810167355227223,-647.3485,68.36067,-1.8403971,13.729383,2.4412024,-5.609809,-11.662786,0.049254894,-8.333211,-0.5902111,-6.124065,-1.198769,-4.5959826,sad
171.83452,64.88914,241.23346,0.004267366,0.004663136,2.2407394440165254,-584.3378,56.99113,-6.6166596,14.815618,0.040612,-8.548773,-16.720316,-3.656844,-11.856853,2.120978,-7.157086,-1.7082522,-1.7651497,sad
155.44893,59.637432,201.19153,0.0039664907,0.0042993673,2.2618837250397594,-593.80176,63.254448,1.1404195,14.188267,4.526862,-7.3733373,-17.603994,-0.1783958,-12.402401,2.9916441,-5.1657386,-1.9991834,-2.7629986,sad
213.93094,55.04227,229.85275,0.012578955,0.014372539,5.304424221327101,-501.0043,53.901875,-19.083096,0.10819474,-6.139187,-13.882076,-23.052483,-16.910767,-24.403227,-5.9518795,-10.447678,-10.077684,-7.8987975,sad
205.43242,59.96417,247.4431,0.018097686,0.02045792,3.648505578630181,-458.2557,43.595623,-10.64163,6.259496,-5.03839,-8.552891,-21.40116,-9.967009,-17.562042,-2.798025,-12.9755335,-8.6484375,-7.9944963,sad
207.2773,48.1641,239.92633,0.020573907,0.024971182,4.610784914088109,-411.3552,46.38253,-12.695389,10.72613,1.2421528,-6.660691,-20.652689,-14.227688,-16.664972,-2.74189,-12.15104,-3.0092297,-6.751784,sad
195.0731,48.26469,239.00935,0.018002184,0.019536702,4.05001771882752,-463.14334,51.482315,-8.501839,9.627775,1.3001814,-5.2740126,-15.987359,-11.336804,-16.95587,-1.4735289,-9.562808,-3.7284994,-4.568553,sad
183.42764,72.04455,215.99716,0.0024216573,0.003114699,5.744255744255745,-597.7181,61.76627,1.6415744,20.636482,-2.4163954,-2.579511,-15.746782,-7.715466,-7.4509754,-4.5810575,-7.1497865,-0.7862218,-7.0318866,angry
198.95578,63.77136,234.38055,0.009321926,0.012402415,5.404409506847632,-493.8569,49.726307,-10.865115,17.119293,-4.891275,-3.581833,-16.284327,-8.028776,-9.572943,-8.272334,-6.8261647,-1.3360224,-6.9680586,angry
187.68378,74.20717,230.3563,0.0071657444,0.008935292,2.8918354939945123,-510.26706,51.94775,-11.061631,15.231691,-5.318876,-6.277731,-21.411749,-9.318351,-9.165992,-6.383355,-5.9943647,0.1521506,-10.016002,angry
212.17079,62.237408,239.91908,0.011459789,0.0136255035,3.909113119960909,-467.94275,50.309147,-12.690532,7.8618083,-4.5725627,-9.499408,-19.64575,-9.548532,-11.381087,-5.913238,-6.556188,-1.6893082,-8.808485,angry
256.4624,27.57791,129.96162,0.05678521,0.06832148,3.405656227384314,-319.91348,32.267933,-15.903734,7.1104794,-16.408886,1.9007488,-19.905964,-7.054975,-8.828398,-6.0200715,-4.5513477,-2.4012628,-4.7628527,angry
253.17989,41.379986,233.78595,0.05313732,0.06916254,3.6326999758766014,-313.47934,33.097485,-12.688882,9.200244,-10.698275,-1.975497,-18.608356,-8.868605,-6.9697804,-6.0985303,-6.6954694,-2.0313861,-4.3978643,angry
228.16466,57.74898,246.90874,0.049135048,0.061733298,2.831816639872568,-335.29968,40.22,-13.787662,4.8725166,-14.800355,0.11373368,-19.083288,-10.660646,-8.962129,-4.4754887,-6.2266083,-2.4897416,-5.849566,angry
236.37053,46.297485,230.78564,0.06745743,0.07922943,3.774003774003774,-306.3432,34.922363,-12.558213,4.1423926,-15.719652,0.7458074,-16.59764,-10.563545,-9.43487,-1.4686439,-6.8158636,-3.6078625,-3.8569067,angry
194.17233,57.20179,247.96191,0.0025319946,0.0034369533,3.632717158912455,-677.94476,35.23896,-7.2834353,8.69261,-9.58642,-3.4340105,-14.717254,-9.435569,-5.558243,-1.9972708,-9.25077,-2.2610192,-1.8935958,neutral
204.10713,53.994877,242.34422,0.0028319117,0.0037054883,3.2640344207266185,-688.4339,37.54245,-7.9880924,4.780406,-13.725825,-6.1412444,-17.635319,-13.092542,-8.472346,-3.0177226,-10.802325,-2.9054034,-3.8690002,neutral
211.62816,45.025177,217.92105,0.0025759898,0.0036484816,2.4465299413215083,-710.958,41.484127,-8.829069,0.998667,-9.442898,-5.2897215,-18.393192,-11.014777,-8.339493,-4.706893,-11.821723,-3.7245922,-4.8412933,neutral
205.5732,39.19271,205.4355,0.0021598856,0.0030401505,2.162788452254514,-709.4792,40.935883,-6.1835756,1.1713579,-9.307296,-4.977548,-17.343803,-11.182724,-8.109768,-3.9361076,-11.1767,-3.9931216,-3.8576586,neutral
196.52673,53.618637,245.60123,0.002835814,0.00348707,2.8918354939945123,-648.47986,44.38283,-11.718193,2.108513,-15.330507,-6.1826634,-18.276102,-12.707586,-8.581088,-2.251205,-11.898888,-1.6545117,-3.82582,calm
214.27068,55.116863,246.07353,0.0030491508,0.0035310348,2.943488368203636,-644.88214,44.720345,-18.686066,4.7844687,-12.87791,-6.169444,-18.015488,-9.703301,-7.1046185,-1.0962623,-12.304978,-1.0873417,-3.4044526,calm
192.60706,69.20481,229.8292,0.003944027,0.004605957,2.7495188342040144,-633.8921,43.239487,-5.840093,3.715692,-11.745743,-3.6226702,-17.064133,-10.543144,-7.159626,-1.8608035,-8.800904,0.03143155,-5.2212925,calm
234.55585,41.289394,245.96765,0.0026968208,0.0032480515,3.361109166024788,-644.8556,47.48312,-15.512452,-0.42329925,-11.182801,-5.8188257,-24.641562,-12.885798,-6.169862,-4.761358,-10.780505,-4.38508,-1.8662974,calm
222.63832,53.154385,237.9359,0.0026588577,0.0031737192,2.7703447190303794,-653.79114,41.269814,-11.523745,0.66875064,-11.337829,-5.664199,-17.737864,-10.196642,-7.431841,-1.9529612,-13.27369,-3.1476517,-5.425067,calm
226.31651,42.212944,234.39795,0.0027758623,0.003377165,3.417623765629878,-622.28186,50.472588,-20.237219,4.303772,-11.154396,-7.826688,-26.39517,-13.672393,-6.481865,-3.8376036,-12.501197,-0.036982067,-2.243666,calm
220.09569,58.337498,246.79852,0.0032128969,0.0036156934,4.732094444718292,-601.62286,46.322044,-15.462374,3.5920012,-13.0512295,-4.452495,-25.80035,-8.499123,-5.700095,-3.3527422,-11.208068,0.21924648,-2.0069425,calm
209.10742,43.203682,237.07454,0.002790134,0.003154487,2.9722282423604445,-658.0129,42.040047,-7.5752153,-1.2699387,-12.212925,-9.837415,-21.844261,-9.841665,-8.430168,-6.760347,-14.926314,-1.9016323,-9.299111,calm
202.77869,41.775585,221.41626,0.004623377,0.0059612566,4.281432852861425,-636.1737,37.732914,-16.325485,6.643514,-15.1037445,-5.2286134,-16.969698,-10.444921,-6.88616,-6.443862,-12.228757,-3.1962142,-3.9336152,happy
212.05313,65.37002,231.53241,0.0068835714,0.009114597,3.958296518819579,-585.34546,31.95112,-21.150043,8.579861,-17.25172,-4.5593977,-15.895219,-11.938787,-5.140269,-5.3191986,-11.044284,-3.7674615,-4.238056,happy
197.8682,59.619717,216.1539,0.0053363717,0.006568459,2.854288568574283,-610.19617,37.73235,-13.4662485,10.330742,-12.400411,-2.207361,-13.467193,-9.535257,-7.6965127,-3.66338,-8.784416,-3.1634808,-4.702215,happy
183.7065,75.73125,244.80254,0.0070922794,0.009002631,3.200640128025605,-595.5372,37.511665,-17.363686,8.918422,-13.315535,-5.3310556,-15.860874,-8.45094,-5.126821,-5.112829,-8.232497,-2.3170717,-5.625738,happy
186.42899,87.2769,248.40727,0.0140070515,0.019036194,5.425567989148864,-484.34375,27.359856,-24.793657,5.6837945,-14.489753,-2.7424352,-17.00688,-11.633932,-1.9623954,-2.2246826,-11.787113,1.8340197,3.615936,happy
207.17607,73.60569,247.91016,0.018768916,0.02510431,3.0810167355227223,-487.21255,14.753232,-22.798758,4.929011,-17.831228,-1.8867567,-12.913535,-8.13188,-4.1381474,-5.536004,-9.919835,-3.1022713,1.3645717,happy
219.93619,57.93182,247.18777,0.015859904,0.021909889,3.0524818758888617,-513.2278,17.4532,-19.309229,2.2622921,-17.166376,-7.2286386,-17.2634,-10.970898,-6.5555105,-6.50995,-8.500915,-4.816907,-5.472682,happy
202.48228,76.285164,240.2588,0.024779351,0.032527246,3.4478757438626153,-452.78345,18.475039,-26.987535,4.0883975,-18.751585,-9.410864,-22.086824,-8.354926,-6.5254173,-8.770475,-15.150467,-2.3708515,-1.0930747,happy
200.2917,67.987976,247.09479,0.0025464918,0.0036416564,2.9673040188423805,-679.3742,39.63042,-0.9428732,8.634202,-10.002131,-2.2093358,-12.745069,-10.947869,-9.837887,-3.218743,-9.503609,-4.9273596,-3.2455957,sad
194.17703,82.797935,238.48447,0.0074914615,0.009987859,3.5258470296575153,-582.132,28.31071,-11.768606,1.9811018,-13.712892,-3.4780815,-15.652914,-12.164551,-6.0779233,-3.499487,-9.409814,-5.2475724,0.6059786,sad
181.14186,79.15333,233.73997,0.0078058164,0.009898107,4.073541981123498,-581.4617,27.31793,-13.19148,4.869644,-15.845637,-7.3247523,-17.472017,-13.386299,-8.626512,-6.6930485,-10.154481,-4.7317724,-1.9603636,sad
252.97794,49.54177,229.19128,0.0069348738,0.009462552,4.322610856957603,-591.2633,19.594982,-14.472469,0.5637067,-18.449865,-8.799789,-17.929295,-14.384125,-6.2707143,-7.5540137,-8.983641,-4.047375,-1.2033813,sad
174.53871,78.844696,247.55995,0.013278197,0.016473487,3.5418724244797875,-525.5133,14.993332,-23.90636,3.0606196,-18.343678,-10.693089,-18.962181,-12.58231,-3.2895772,-4.3011036,-6.7530193,0.93617237,7.9533024,sad
158.89687,81.92888,248.54897,0.016382167,0.021813735,4.508760588128036,-490.0753,13.603893,-16.902891,-1.6763875,-16.87155,-4.3562174,-12.240454,-10.446941,-3.0189037,0.21593912,-1.5634232,5.8358955,12.898401,sad
181.57874,72.34695,243.29248,0.031364333,0.039196108,3.7130969549289707,-442.1583,-1.2864349,-32.52623,-4.559009,-23.653055,-14.996437,-23.251904,-13.771813,-6.212038,-5.2355895,-1.3317348,12.916536,17.411734,sad
219.7742,75.84812,238.46565,0.020779096,0.025011294,4.243539377061681,-468.98474,5.150731,-27.597212,1.854007,-21.124884,-11.456026,-18.540709,-12.914242,-8.250497,-7.7289267,-9.208914,3.6064625,11.434666,sad
203.7207,55.332687,198.80267,0.008242286,0.011552805,4.589942625717178,-551.51117,28.631046,-10.684643,2.556576,-14.668475,-4.5045085,-16.3578,-10.230871,-7.5538564,-3.195105,-10.666186,-1.2563993,-6.7497287,angry
201.31024,59.274044,226.56018,0.010670284,0.014909642,3.8849769329494603,-532.80493,23.235403,-12.505589,1.1504376,-17.045172,-1.1903347,-15.106155,-9.452412,-5.498082,-2.0402186,-8.46029,-1.7437941,-0.83082664,angry
202.8935,77.028946,246.2873,0.011288925,0.014937194,3.746262742696589,-544.9226,24.147482,-13.744856,-0.31920266,-17.04877,-5.720909,-18.571207,-12.059909,-8.782347,-3.5501666,-10.84663,-5.909293,-6.6986113,angry
208.7017,63.75762,239.4672,0.007735093,0.009745375,3.478668071513388,-563.3425,27.84358,-12.425101,0.06734314,-16.345554,-5.1944346,-18.413921,-11.508207,-6.2721786,-2.8506896,-10.33984,-3.0137663,-5.6425304,angry
161.07494,83.34904,244.10983,0.038626067,0.056994464,4.773981799194391,-402.55942,10.858131,-18.84166,-1.4402703,-19.70043,2.9279583,-18.05344,-6.953863,-8.633543,-2.4267313,-6.6744323,1.1717635,4.816839,angry
178.9334,79.21595,246.46614,0.029490784,0.04039252,4.133766086970563,-425.76364,12.327039,-16.88456,-2.4892254,-19.84592,0.0055505894,-19.249565,-8.4815445,-6.404773,-2.4601648,-4.829685,2.4968169,2.805856,angry
189.26816,93.175064,246.68246,0.040147137,0.058574304,4.05001771882752,-394.85617,7.2096267,-19.137653,0.94850236,-21.493935,-3.4902165,-22.085016,-7.560627,-5.702702,-1.8971647,-10.18516,-2.1201012,-4.5719805,angry
184.2991,83.94996,237.13353,0.02747394,0.03501463,3.648505578630181,-457.07962,7.2730002,-21.614006,-9.712128,-23.911133,-2.7276752,-23.084108,-8.714644,-11.141936,-3.1009803,-7.58874,0.2722182,-1.7014916,angry
144.7276,62.11103,218.8725,0.0015857061,0.0021990072,4.162475285302993,-694.95447,65.57129,4.6082516,20.009977,3.413312,1.370124,-3.7048144,-0.64190865,0.23009479,3.7237074,0.18685123,1.6445614,-0.87327594,neutral
119.69171,56.13817,223.76007,0.0013186061,0.001779757,3.84932636788562,-718.92523,67.674484,3.338911,24.244541,4.4219847,5.541756,-4.2090864,0.3769833,3.2291949,5.3836465,1.6046892,1.3863757,0.47241673,neutral
137.73174,69.17602,228.11711,0.0021956055,0.0029654952,4.5115810674723065,-675.5972,61.05691,2.5937567,21.049295,0.48658234,3.3203127,-4.5387244,-8.106775,0.45907608,4.083758,0.07614975,0.7584551,-1.006412,neutral
141.83733,73.1083,217.89807,0.0017732366,0.002320185,3.3299802282423947,-704.4966,67.00028,6.647403,21.148386,1.3566206,5.0670114,-5.9821086,-5.141429,2.1501265,3.298195,2.8789835,1.6396558,-0.839968,neutral
140.90776,74.63862,227.15407,0.0011450547,0.0014472975,4.210656676677297,-722.9186,70.09813,10.582183,21.049074,0.6222922,2.4033237,-3.3643107,2.840005,1.4001571,5.3244176,2.2523794,-0.024681753,-0.4330357,calm
119.02337,54.690926,233.19818,0.0007237227,0.000897302,4.3858313282368355,-760.33673,66.31718,15.760124,24.779142,-0.33042577,7.8453956,-3.3441768,6.228854,1.8464535,5.7395425,3.5543084,-0.08873719,-0.12935925,calm
133.7345,63.31662,222.39484,0.0010763266,0.0012994703,3.8670694864048336,-734.0181,67.69579,14.205129,19.777925,0.7721124,5.8247213,-5.83581,-0.3615299,3.5254264,6.771553,1.1795206,1.443416,-0.73760766,calm
154.23029,79.19954,224.5139,0.0017976839,0.0023365368,2.831816639872568,-698.3112,62.113426,13.36002,12.271956,0.4161735,3.4226134,-6.8121557,-0.8023918,2.0690312,6.5355453,-0.52433175,0.53355867,-2.1280317,calm
123.45596,61.67228,230.62802,0.0010555418,0.0011551982,2.321624081573428,-712.5158,63.48693,9.328262,21.24106,1.2423627,3.496943,-3.1912835,4.634854,1.5902585,8.482593,1.712352,0.9923834,0.6487559,calm
113.99153,49.930103,225.08394,0.00051784323,0.0008854913,2.8860028860028857,-778.2353,59.718098,17.918856,22.616179,4.754821,5.741503,-3.3407454,5.105936,6.25017,8.806356,2.607124,2.1055872,1.5202707,calm
138.44118,59.570507,225.8931,0.00086935185,0.0011945551,3.3532871383099954,-746.8101,61.997707,19.30777,21.775013,-2.079888,4.28849,-3.6239934,1.9345858,6.246548,5.843399,2.2309008,-1.5922575,-2.154749,calm
118.26626,49.405792,222.7279,0.0007088385,0.0009511124,4.414177641609433,-767.4434,62.400375,21.424013,25.244246,2.1422665,6.296928,-5.993276,2.4719255,7.544647,6.687183,2.6913648,0.2777898,-0.20692325,calm
171.98819,70.37136,247.19131,0.0024478443,0.0030540293,3.246753246753247,-662.53937,60.295494,2.9933038,18.024677,3.8237321,0.86480397,-1.9272299,-8.197408,-8.433602,8.203479,-4.410061,0.5097235,0.5604533,happy
133.21065,67.49878,244.0654,0.0031769825,0.0042625377,4.325576904509028,-644.7648,56.8523,-1.8912305,18.121998,3.7594898,-0.22332361,-0.58214533,-3.7252417,-3.309216,5.8182583,-2.924038,0.34774518,-0.30976042,happy
172.72992,80.90518,230.62347,0.0023745857,0.0032116023,2.3738432150739044,-673.11255,51.505642,7.530085,17.185442,2.1151547,1.9513148,-4.0540857,-3.5129352,-1.4189848,3.5562375,-2.0919437,-0.27204984,-1.5608196,happy
150.30458,57.31914,239.36172,0.0048090224,0.0057893074,2.3869908995971953,-603.1416,63.798122,-0.81845963,13.286582,-2.800992,-2.5253444,-7.077532,-8.519762,-4.384212,4.3706875,-4.97359,0.25163218,-2.065709,happy
180.87946,80.49689,245.77434,0.0038603228,0.004317409,4.1087613293051355,-608.3717,49.12845,2.6298983,5.54836,-5.507763,-2.959051,-8.079324,-7.361893,-11.781687,4.1723475,-7.335918,-2.0402553,0.8643752,happy
182.78104,84.379456,245.37473,0.009616889,0.010667425,3.875405706534903,-530.94867,50.629944,-14.29396,5.4709845,-1.7053508,-7.6366205,-7.974494,-8.499089,-12.545515,7.6958995,-8.812494,0.93689585,1.0241454,happy
178.94958,57.66808,234.16501,0.008873144,0.009908465,4.162475285302993,-543.48584,52.95202,-5.0053287,9.305811,-0.35242942,-6.439281,-9.830727,-15.39121,-11.238084,5.423502,-9.563885,-2.5602505,-1.2189015,happy
179.9321,71.402054,232.62009,0.008307177,0.010216659,3.2320264438527224,-556.7518,40.623146,-1.2850348,5.965821,-0.96150124,-3.0762196,-7.6506534,-7.630188,-12.753034,3.013214,-6.846475,-3.3066673,-0.43967074,happy
138.59033,72.5054,228.15555,0.000751124,0.00091746513,5.5046923679733935,-765.32745,74.26958,14.475068,25.725832,4.716945,7.6081295,-5.203042,0.763229,3.4138317,2.9970224,3.9704797,0.89551485,-0.239656,sad
157.48405,82.16593,230.34473,0.0007790033,0.00096842035,6.598845202089635,-736.49194,71.961006,7.129604,26.152588,2.22733,4.5449185,-5.958936,-0.60947245,4.196563,4.9526315,-0.6391383,-0.29937062,-1.615057,sad
139.71275,67.48406,228.36415,0.00081029156,0.0010127218,4.833836858006042,-763.7938,65.75403,12.82131,21.688856,6.0503454,6.534741,-5.582492,-3.5436962,3.3712032,6.503926,-2.02214,0.44965142,-0.088917464,sad
141.31812,72.710236,225.869,0.0009182839,0.0010214323,3.510015356317184,-731.9825,75.852486,15.06025,25.037106,2.159351,6.561504,-5.996243,-1.7399925,5.0681286,6.903081,-0.17669849,0.955824,-0.6460542,sad
167.83076,70.759155,227.73138,0.0012483489,0.0015630986,5.089238381339459,-729.7252,70.27567,12.691673,23.456324,1.6109531,2.9041803,-5.2429676,1.3093085,-2.0036097,3.9116886,-2.3493466,1.3083894,0.9211251,sad
151.72087,76.38417,231.43199,0.0009752517,0.0013097476,5.5046923679733935,-744.1347,66.81253,7.1913357,28.532587,7.665341,0.6843233,-6.973383,1.4431652,-1.5857329,4.297995,-2.1211064,1.02673,0.044823404,sad
141.82213,58.230145,223.05905,0.0014370679,0.0021964028,3.363978669317074,-707.4228,54.38065,8.910645,20.98366,-0.71238184,1.4687188,-6.9295974,-0.35533482,-1.0791339,3.5243397,-2.017445,-0.64842194,0.3880325,sad
150.73447,71.15853,228.77344,0.0012729968,0.0019351216,2.550613741431532,-740.5418,64.86332,4.41607,22.005268,5.629016,2.0867052,-3.7247248,-3.1186278,-1.1589687,6.7193894,-0.7294603,-0.7455024,-0.3006924,sad
171.70253,82.37326,228.34604,0.011276408,0.013705168,4.908847228277543,-514.49347,51.899277,-17.21837,15.12373,-8.328518,-10.664885,-4.965016,-5.820628,-8.433839,3.0380738,-5.4757876,0.30697688,-3.8319578,angry
161.72064,63.379227,229.10458,0.009851159,0.012687412,3.680517901447561,-531.345,48.527214,-4.7701564,18.773739,-5.02389,-8.554393,-2.0205607,-1.3233994,-4.8818436,3.4491925,-2.8186774,1.4856555,-0.32427135,angry
161.05214,71.44222,231.23927,0.0034420174,0.0039084447,4.421789596511699,-602.4079,72.77388,-0.14709127,14.987221,-2.4237983,-4.152984,-5.597727,-8.937701,-0.6591872,2.9061258,-0.28609383,3.9663758,-4.305485,angry
181.63165,71.58319,247.20876,0.005798164,0.0063510616,4.086787472861177,-561.39154,63.543648,-4.2822,17.52501,-9.242341,-3.7108681,-6.155436,-7.4542694,-3.969111,1.8058965,-1.0896423,-1.6660405,-0.2420513,angry
188.71194,86.42483,240.03725,0.040442392,0.055678524,3.8196676154623086,-373.9096,27.493198,-18.831978,4.0360727,-7.853551,-14.498438,-7.3519154,-6.9469137,-9.523285,2.3141978,-6.0353227,-1.4614674,-3.7776926,angry
209.84251,75.236946,248.76038,0.037225753,0.048082862,3.9212940270289196,-409.36996,33.566372,-10.605805,7.3566465,-7.733873,-10.856491,-7.85288,-4.7250094,-8.582427,2.282699,-5.5434003,-0.7782217,-3.4570422,angry
185.79633,67.15209,229.97862,0.05661946,0.09243187,2.7495188342040144,-341.07364,26.847841,-13.980812,-0.36423105,-4.083386,-16.579199,-8.0478,-7.706893,-12.17491,5.8845186,-2.9946904,-3.1515837,-2.4744017,angry
173.03609,83.97789,240.63055,0.062482983,0.08962737,2.1996150673632116,-335.20407,25.579859,-18.460676,-2.0750017,-5.82816,-15.333792,-5.2458067,-9.163824,-15.654935,5.7823067,-4.4539495,-2.3866444,-1.2616909,angry
189.86867,56.281166,224.10909,0.0016340386,0.0021887682,2.996984284563658,-722.0604,41.873688,-19.457798,12.719222,-9.44599,-9.337993,-12.549752,-8.898151,-2.0168102,-4.2189307,-6.486102,-5.6160517,-7.547385,neutral
194.55739,47.61614,227.93573,0.002005674,0.0024857274,3.3299802282423947,-682.1545,42.45052,-17.928791,16.734245,-12.533393,-11.295298,-13.809411,-5.463478,0.25919092,-2.9206173,-3.6212628,-4.698546,-4.1676397,neutral
182.57352,63.424232,226.50278,0.0021815815,0.003010985,1.7629235148287576,-691.38214,42.983837,-11.588965,10.904542,-7.803283,-11.645373,-13.564946,-7.7744036,-0.69849545,-4.9505577,-3.6157608,-2.946193,-6.1668587,neutral
193.31741,43.27664,194.77646,0.0021666668,0.0027085356,2.036770990561749,-698.0871,44.5876,-15.990691,11.151659,-9.6734295,-12.849934,-15.060366,-8.32735,-1.7320963,-7.204502,-5.0050898,-4.746209,-5.659586,neutral
186.8827,42.018143,222.44937,0.00083731516,0.0010970823,2.9722282423604445,-717.62085,41.714264,-5.380075,12.928674,-3.7990966,-15.677536,-16.398626,-2.39725,-3.3349395,-4.0918503,-9.60983,-3.9473975,-3.8892205,calm
184.90956,51.925426,224.3509,0.0009832788,0.0009796951,3.1675448481710475,-712.0949,48.510178,-9.030866,13.534326,-2.42536,-15.575908,-20.359571,-3.1090772,-0.5157059,-4.6719704,-10.192438,-3.3722346,-3.5131223,calm
184.6972,51.754807,214.8255,0.0013655466,0.0014071395,4.7851408783252,-688.2235,58.223,-8.267816,8.359203,-1.9129163,-15.288422,-20.918486,-4.308412,2.048251,-3.330435,-8.922206,-2.422576,-5.9789143,calm
169.17876,57.800777,195.56476,0.0019952203,0.002348459,2.6164389671012533,-668.7927,55.584644,-13.555139,7.085626,-3.9830017,-20.95048,-21.329865,-1.3895099,0.52140856,-8.511779,-6.594418,-1.7402835,-8.9281025,calm
188.80888,50.08546,226.06163,0.0009980282,0.0013633193,3.552003552003552,-688.1313,45.46295,-11.293562,16.296425,-7.134106,-14.828129,-16.990967,-0.74401796,-2.8046932,-3.842228,-5.5155134,-4.6840177,-3.647746,calm
184.42148,41.656216,218.70293,0.0010023342,0.0012131209,2.58732212160414,-698.0237,46.172165,-8.234144,11.681765,-7.6363087,-12.669243,-16.851633,-0.56123036,-2.3530934,-3.822972,-9.0805235,-2.8255005,-2.8087885,calm
190.9428,40.178684,221.97644,0.0015378572,0.0018929,3.4580637724594037,-698.0421,51.881004,-4.4925985,2.3924472,-5.61549,-15.795091,-22.685917,-7.1281343,-2.659892,-7.896928,-10.227677,-6.500164,-7.9217477,calm
175.04501,51.61918,208.44608,0.0010863397,0.0012070697,2.934126246021246,-720.6929,57.271523,-5.593809,4.0453835,-5.2804623,-11.09529,-16.654394,-5.8320527,-2.5123858,-0.2230044,-10.4135275,-4.9301324,-2.5684004,calm
218.87427,32.423996,157.36867,0.003837987,0.004856066,2.8273546562996996,-597.3833,45.08329,-39.32348,23.857508,-18.65952,-22.754873,-17.677221,-7.5579777,0.37537202,-13.309182,-5.502467,-2.022516,-5.3021817,happy
213.93631,56.86787,219.80809,0.005622035,0.0066725,3.6074785805959277,-558.48926,24.931477,-48.977272,15.418267,-21.005724,-22.12149,-18.374754,-15.699875,4.0372643,-15.0675955,-6.0433593,-5.5402718,-10.056983,happy
227.25124,34.500072,136.47888,0.0036630698,0.0047300668,3.169914628435575,-630.8022,31.956097,-31.880068,11.836698,-18.18672,-16.495396,-20.18819,-10.675345,0.11694556,-13.362466,-4.976549,-4.625815,-10.755238,happy
204.08757,63.861183,235.88148,0.0045388886,0.007017144,2.618705559293677,-602.2009,31.456846,-30.673267,14.305809,-15.264306,-16.564045,-16.296555,-12.593367,3.2003508,-10.144606,-5.51995,-2.350116,-8.776893,happy
211.08302,33.818253,123.19063,0.02886197,0.035092004,3.996003996003996,-416.28003,0.5238725,-51.258976,0.40139312,-12.324099,-28.946884,-16.546518,-16.611206,5.796569,4.210566,13.865549,20.997953,0.08143251,happy
221.73178,28.655352,161.38206,0.02606566,0.031407014,4.610784914088109,-445.16818,-0.69549084,-48.20395,-1.3083125,-16.077564,-22.547775,-14.904644,-18.855207,-1.9782209,-8.471564,2.6195133,19.05047,12.454852,happy
172.7565,68.234695,243.4185,0.026269019,0.0312152,3.9212940270289196,-443.48187,-2.712897,-51.034355,0.998353,-20.869871,-24.198542,-17.984724,-16.285002,0.2940884,-8.627251,5.273811,19.845417,16.557547,happy
233.44803,37.732098,150.6288,0.030436749,0.03756227,4.162475285302993,-423.2666,8.30919,-48.228302,4.178128,-18.49539,-26.73256,-15.7451,-13.578415,1.2253327,-9.459165,3.7119215,17.809105,15.830141,happy
199.48083,54.832355,204.06154,0.001030619,0.0012218546,5.321756179539248,-737.5176,47.21126,-2.7299144,13.839438,-2.821659,-8.121937,-14.647422,-3.515419,-2.0929315,-0.2042489,-6.205542,-0.8891082,-6.317991,sad
206.62428,56.270054,246.31636,0.0011236244,0.0012606244,4.162475285302993,-713.55334,48.022297,-10.814935,20.088758,-7.3686566,-12.082656,-16.668924,-3.1986775,-1.409695,-5.365343,-7.8851194,0.67036986,-5.871758,sad
200.82083,46.478546,223.27689,0.0019600648,0.0026953677,1.7290132017362174,-699.93884,44.65175,-8.433618,3.1003065,-8.445564,-12.916184,-16.845236,-10.0447445,-3.1594684,-6.6656356,-4.6137843,-5.590557,-8.237592,sad
184.85582,57.982403,220.66211,0.0015592972,0.0018696787,2.327738274927713,-731.186,49.583572,-7.06225,5.694207,-5.0093284,-13.245,-15.883095,-7.759565,-1.9816809,-5.331183,-5.010784,-3.8056319,-7.024789,sad
161.48323,48.754585,183.91956,0.011189192,0.013322742,5.232877934202507,-499.4474,4.6560597,-37.92926,12.738629,-18.372906,-11.557202,-8.938998,-14.308174,6.8020234,-10.179055,2.4609032,6.991937,4.714147,sad
207.68204,63.083485,223.74751,0.0012128508,0.0015317829,4.87314592026315,-684.65906,29.696213,-17.168295,7.695626,-16.427492,-12.535908,-15.950051,-10.344209,4.566371,-4.585552,-2.3097625,2.7556634,0.5120294,sad
181.06499,51.405186,217.98701,0.008619099,0.012446605,6.73236148437712,-506.01062,23.134636,-24.256254,1.3087447,-19.724854,-11.608074,-13.883394,-11.578567,-0.27165562,-13.679788,-7.795265,4.9422274,6.486634,sad
213.71118,52.27606,239.68082,0.004980984,0.005537771,4.706028050404037,-551.5079,16.115885,-33.704033,8.939493,-23.05798,-23.517277,-19.233364,-19.147882,8.32583,-15.355114,-3.460869,-1.739183,-7.8887033,sad
206.3641,52.81892,223.03685,0.0038242869,0.0047136145,3.9783181659953257,-610.0774,31.069881,-17.724298,9.7978325,-13.134755,-10.224778,-13.226713,-7.5064535,-1.6815505,-6.608703,-5.5165734,-2.8613243,-8.673733,angry
202.7767,68.27946,239.58344,0.0042393617,0.0050844587,4.281441838501495,-597.00104,44.654655,-7.468819,15.615365,-11.611397,-8.323432,-12.192338,-8.237631,0.30869275,-2.2239137,-3.3213642,-2.9156816,-3.7547731,angry
204.82039,69.21511,247.53545,0.005962201,0.0074695502,4.519303670447619,-565.3656,32.358273,-22.404106,5.3818383,-20.84069,-14.182734,-15.806365,-12.443656,-0.0658967,-6.5873384,-5.7813125,-6.1504993,-6.08477,angry
210.0407,65.85005,247.29355,0.0075590764,0.010866817,3.073819701263148,-534.6688,26.09658,-15.900753,3.4285183,-15.78377,-12.815816,-10.745908,-12.200352,-1.0559704,-5.3835278,-5.511965,-4.9265676,-4.759536,angry
200.74063,67.94661,226.44383,0.07123563,0.09171118,4.87314592026315,-336.9712,13.000469,-46.030613,-4.889572,-23.955256,-13.712485,-13.202068,-12.428265,2.6173797,0.656356,9.69867,12.529141,3.334194,angry
192.36092,63.61896,221.81534,0.06585348,0.08095271,4.757161758365915,-347.08514,11.069328,-43.032684,-2.4728093,-22.55399,-13.417748,-12.1585245,-10.457847,-1.1997327,0.49559182,8.164956,12.598857,4.499142,angry
179.85963,72.790665,228.36292,0.057409644,0.07044487,3.605379902823745,-358.94974,14.236514,-39.327686,-6.294675,-24.534136,-14.129556,-11.325016,-15.104382,0.472444,-8.91378,-2.844247,3.5023053,6.524588,angry
199.3497,59.003338,215.35411,0.054722358,0.06853096,4.025832424725321,-368.82602,11.6907,-38.813866,-1.5940578,-23.56113,-9.64809,-12.033606,-15.944119,-1.6633104,-9.383702,-1.9348629,11.12353,15.575277,angry
148.34486,60.058064,232.98882,0.0027532196,0.0032632765,3.073819701263148,-636.9541,67.286476,3.642198,21.613916,0.6343798,-3.9612865,-12.359488,1.0399615,-4.3610115,-4.150079,-1.5514401,2.4010801,-7.5163083,neutral
135.19432,54.264717,245.00313,0.0029242767,0.003456703,3.154729629812195,-633.7257,70.26573,5.0449767,22.82664,1.1177511,-3.5741675,-12.700101,2.0703013,-2.3105307,-3.1895075,1.7872478,3.9124599,-6.86061,neutral
153.38258,67.79954,227.468,0.0031475287,0.003861638,2.900302114803625,-640.16895,63.253906,3.1036897,16.200657,3.2765222,-6.2699347,-16.204247,-3.5892825,-5.7615123,-6.482348,-3.7727454,0.48029825,-9.176029,neutral
132.47108,61.05353,217.7409,0.0025170043,0.0030213478,4.281437626478016,-635.67444,69.79143,9.546549,18.648058,1.2673197,-3.3640609,-13.338555,3.9683423,-5.663775,-2.692962,1.0590837,1.668379,-5.103737,neutral
136.21567,69.14175,218.96693,0.001859407,0.0023955656,3.458088685566082,-677.33234,74.07463,1.8435494,19.37133,4.912691,-4.1610994,-9.631204,1.102188,-1.2135642,-3.8173654,2.8628128,1.8762801,-5.095312,calm
119.4645,53.375572,233.02493,0.0016249813,0.0019524008,3.211078219858512,-690.5261,77.1512,-3.337608,18.001385,2.8592665,-3.5348492,-11.289219,0.93459785,-1.8440044,-3.9337943,0.7608697,2.9609969,-6.7718334,calm
147.82074,66.38624,205.61261,0.0019012687,0.002098486,3.4251462822891394,-671.4158,80.86929,9.807168,23.243011,12.490922,5.3318744,-8.478577,2.8108153,1.5348705,1.5205562,1.9891756,8.459321,-3.3747072,calm
161.86674,69.97553,227.84872,0.001994461,0.0023640138,3.1100901219296695,-670.95166,74.90943,-2.1326787,18.665783,5.4156957,-0.37122202,-13.475189,-2.9162638,-1.3570448,-5.3647723,-0.257379,3.4967604,-8.084199,calm
143.01926,66.61391,244.94026,0.0018168712,0.0017381241,3.4965034965034967,-616.25916,60.59034,0.14050198,30.0312,4.7654605,-9.6295805,-17.255598,7.4396815,-4.1933165,1.5939909,-0.14413589,3.5563972,-5.9304748,calm
198.25569,63.118427,203.94737,0.001944638,0.0021284022,3.875405706534903,-637.3669,59.729256,0.42406774,23.457516,-1.8037724,-1.6728661,-20.676743,-4.131198,-3.7083845,-4.548346,-2.6537848,3.035181,-9.635389,calm
147.73402,60.426723,229.56735,0.0024289372,0.0026390618,3.277968830028536,-628.3991,66.02284,5.8059855,22.147825,3.3786545,-4.3845916,-15.624056,-3.013629,-5.7505765,-2.6349869,-4.442406,2.2706532,-8.376505,calm
125.93712,56.214214,195.53317,0.0019748036,0.0018021421,3.411202144184205,-651.6446,83.725006,0.46408316,22.570477,1.103163,-5.6084743,-18.081558,0.9853137,-0.57603025,0.2732745,-1.4132342,7.1980643,-4.223545,calm
133.14276,61.911465,211.66809,0.0020726551,0.0024299608,3.1397174254317113,-634.8542,65.53651,-4.214984,26.637033,3.9778779,1.1281031,-10.42943,0.16984357,3.5949066,-0.2647926,2.1888347,5.9292955,-7.6711564,happy
128.61305,46.263866,240.7889,0.0035920856,0.004330155,3.458088685566082,-621.67316,70.085205,-8.034496,20.453869,-2.1328194,-6.934368,-13.024267,-0.147406,-0.9434544,-5.0289392,1.2817014,2.7861488,-5.151622,happy
154.45363,57.57222,241.9852,0.0041708844,0.005316959,3.8196676154623086,-596.6623,63.488613,-9.162371,18.1676,0.2863099,-6.3494635,-16.36079,-2.3330579,0.18898919,-6.404356,0.3646209,4.5822654,-8.396737,happy
154.45363,57.57222,241.9852,0.0041708844,0.005316959,3.8196676154623086,-596.6623,63.488613,-9.162371,18.1676,0.2863099,-6.3494635,-16.36079,-2.3330579,0.18898919,-6.404356,0.3646209,4.5822654,-8.396737,happy
198.30978,64.06932,243.01997,0.016393187,0.016721342,3.6548594401973626,-464.66904,57.7554,-16.046227,14.562335,-5.3234468,-17.723307,-12.189497,-10.834077,-2.4044507,-2.42725,-1.9245536,7.4591937,-5.7638216,happy
218.83165,62.49628,227.28497,0.018641103,0.02128104,4.706028050404037,-420.52386,40.443184,-12.443956,16.776459,-7.418899,-16.708519,-12.299351,-6.427815,-4.55094,-3.9557588,-3.890758,2.2323034,-6.968265,happy
191.41876,50.94068,224.75046,0.014559436,0.01372195,3.4675996160871856,-475.39175,55.72432,-22.847284,17.438528,-9.622102,-17.202839,-12.498578,-13.817027,-0.70700043,-7.109189,-4.3589745,2.9571562,-8.19065,happy
217.30637,68.936966,238.53821,0.022915749,0.02605954,3.387898037299454,-438.91153,43.481647,-15.064791,11.888184,0.2058881,-19.578678,-10.940109,-5.569531,-4.2788363,-1.5362307,-5.5165887,5.083074,-7.2451878,happy
146.86742,60.99999,224.44351,0.0016063127,0.0020393361,5.089238381339459,-707.5556,67.56898,-1.7576301,15.502799,-0.055005882,-2.6823318,-12.042955,-9.038995,-3.4509382,-4.9621973,-7.1988215,0.3886948,-4.789569,sad
160.98364,66.11557,221.1062,0.0017543325,0.0023237036,3.8849769329494603,-678.4045,76.573784,3.5090854,23.886639,4.108488,0.5408968,-8.45016,-7.6958537,0.6737374,-3.4284396,-0.58339673,4.9059033,-3.9047155,sad
151.10422,65.50169,222.13576,0.0017543175,0.0022267762,3.958296518819579,-694.3157,74.67401,5.090344,13.285868,1.1137606,-1.2552757,-13.166487,-8.62795,-2.5386126,-5.438885,-5.780942,2.3370225,-8.26721,sad
170.55653,65.11426,237.85365,0.004049917,0.004402568,3.6170453260992423,-609.6703,70.23885,-6.3331513,19.957155,-5.2456484,-8.212144,-13.664349,-12.857794,-3.0543973,-6.597482,-1.4494944,1.2530077,-11.095141,sad
213.31976,45.213768,160.25427,0.0037076396,0.0047494043,6.603593878976443,-580.7861,67.043396,-12.014201,22.241762,0.7386524,-19.67933,-13.321095,-16.015661,-15.309645,-10.596397,-10.575359,-0.8581052,-11.795801,sad
199.79352,50.700348,187.69183,0.004417953,0.004952946,4.690935743953091,-590.9488,57.763634,-2.8096313,17.879904,-2.5967493,-14.582467,-8.186475,-10.263028,-6.453919,-5.293413,-9.91333,2.1018374,-8.412656,sad
188.12553,53.328403,243.13773,0.0066878526,0.00855294,5.224085784987627,-552.4739,51.027176,-0.0021770794,12.498883,3.0562787,-11.786684,-15.121396,-9.322489,-10.752363,-7.781179,-8.467562,2.8618143,-8.780404,sad
176.49127,59.00652,242.2899,0.0054006786,0.0067629917,5.472758367945272,-585.4526,53.56162,-1.9683039,16.45804,1.480449,-17.678137,-10.696629,-14.859794,-11.293652,-5.007235,-11.233334,0.8077823,-11.472813,sad
182.68507,53.39888,235.64474,0.013536119,0.01585647,4.245754245754246,-494.6943,43.48684,-10.078891,19.890697,-6.628312,-2.0242486,-8.178186,-8.679281,2.9025931,-0.019710934,-4.161345,9.63386,-7.944245,angry
196.71939,81.411354,236.66959,0.030415174,0.03686798,4.5332200028332625,-419.25558,35.84408,-12.707151,17.273382,-9.669762,-8.377978,-4.7323313,-6.835139,0.84974676,-1.6440291,-3.3834314,4.47437,-7.41376,angry
144.30981,63.500042,243.40523,0.004478674,0.0059196227,2.997002997002997,-578.37463,54.293137,4.150024,18.819757,-2.5345373,-2.7801971,-9.505877,-8.804922,-1.0713187,-3.9705644,-3.5179052,6.109618,-9.1423435,angry
152.63684,64.28579,243.74652,0.0109265,0.013936283,3.7462537462537466,-497.29218,45.011436,-2.82028,15.298285,-11.022909,-6.5804515,-11.865034,-6.6470394,-2.1189299,-4.213664,-1.5481752,1.7234527,-8.095751,angry
213.16743,38.690804,119.03052,0.024495915,0.0321168,4.439973637656526,-419.9126,39.737377,-6.074462,19.93848,-2.9530535,-11.019102,-2.7365966,-4.996414,1.2324746,1.7573763,0.091018125,8.410402,-2.2415044,angry
235.42674,37.386078,204.79327,0.046539497,0.06648831,3.7462537462537466,-352.50537,28.262608,-12.923875,17.907074,-8.685298,-13.417454,0.14052983,-5.706182,0.051418304,-0.3711194,-2.9303777,4.3580847,-4.6790466,angry
198.9906,75.66221,232.65265,0.06994581,0.09721778,2.6060754133072725,-342.1666,16.360413,-24.305595,8.771079,-12.874738,-13.484057,-8.013297,-16.218885,-0.7021786,-3.8667705,-6.304667,1.0876089,-4.871284,angry
239.02701,58.905254,226.07458,0.059308458,0.07511007,2.7664510179675226,-358.88345,23.258553,-20.038624,13.564317,-8.543457,-12.093727,-6.004758,-15.564888,-0.1928035,-0.4841868,-9.03421,3.6019397,-4.759407,angry
137.49382,68.64104,218.4069,0.0025049285,0.0031066015,5.423148280291137,-678.5055,60.500263,8.939451,24.119095,-1.6716951,9.296759,-8.172278,-0.8847439,-1.1570226,2.2270906,-4.6771708,2.6519113,1.0860754,neutral
142.60397,68.92387,205.1106,0.002669349,0.0031720486,3.2994226010448173,-666.133,63.15183,6.6892595,23.824923,-2.808092,7.9679556,-6.3932576,-1.597048,-1.4871514,1.4289151,-2.9078875,1.4866124,0.04995642,neutral
146.75778,59.365154,213.1536,0.0029799184,0.0036257734,3.3928255875596394,-667.85675,59.516033,9.989123,20.872099,-0.8710039,6.086957,-8.931975,-3.9714677,-3.1406305,0.14216731,-3.981803,2.0706503,-2.3681216,neutral
141.46808,64.511925,211.59454,0.0028280064,0.003546865,2.854288568574283,-659.907,59.86494,8.79039,20.592014,-0.27637646,7.5365205,-7.3917994,-3.4364214,-1.2491695,2.707202,-2.8168736,3.7307978,-1.9451512,neutral
151.43265,61.019817,208.4603,0.0017712724,0.0020857423,3.0524818758888617,-691.2955,67.61669,12.021705,23.697142,1.6595099,8.412162,-5.152733,-3.3107789,-1.5481584,1.1152534,-5.5186086,0.597589,-1.8396721,calm
153.02669,62.062206,229.20676,0.0016399372,0.0019916901,4.701129372876688,-709.2265,64.29608,15.317394,21.62683,3.3703327,8.684419,-5.9667435,-1.9670753,-1.6800029,1.2356423,-7.8197565,2.4958246,-1.0702941,calm
149.75125,60.503826,227.01329,0.0019986415,0.002475332,2.3053924570440545,-692.722,63.23283,20.234182,21.49081,4.786653,10.154291,-6.613304,-2.5391965,0.2416319,0.6350227,-5.077287,3.3352175,-1.9729531,calm
154.9651,63.72725,212.68834,0.0017674294,0.0020709452,2.5935665141745616,-709.9868,65.51079,13.022562,25.577923,4.003934,9.39478,-6.786807,-3.026529,-1.8543575,1.3567289,-6.3033614,3.410278,-1.0871454,calm
155.86336,64.99695,194.82715,0.0014638442,0.0016783971,4.6741820181468245,-699.562,63.9714,13.4281435,24.381016,1.5224304,10.030218,-2.0453212,-3.015,-2.1586845,1.5532537,-7.2507143,1.670197,-1.3948951,calm
153.87215,60.5377,184.14879,0.0015284319,0.0016642082,3.746257923168264,-701.51514,62.91643,13.263328,21.033203,1.5927724,11.129061,-2.8565862,-2.2849035,-1.6241019,-0.21906771,-7.794345,-0.4959712,-2.4547822,calm
157.20811,68.80523,219.2923,0.0015764283,0.001810029,2.452065524639853,-702.9734,62.5233,17.4036,19.834236,4.9779463,11.184372,-3.1154473,-3.3976026,-2.3551216,0.19537176,-7.4214325,0.39961824,-2.5950015,calm
162.41267,56.57201,194.56076,0.0017046584,0.0019319842,3.680517901447561,-698.57196,60.798767,14.210459,20.788717,2.072075,9.00752,-6.9510384,-0.65945673,-1.7832959,-0.7950067,-8.737223,-0.1547231,-1.5509598,calm
156.81398,72.79619,247.48535,0.003714632,0.004750635,4.281432852861425,-630.8843,53.284172,-6.6113243,22.070908,-1.6266499,4.5884457,-8.483584,0.009002842,-1.7412449,0.44251868,-3.8484025,0.8598264,-0.6398536,happy
145.43536,69.497086,245.66187,0.003857209,0.0048591625,5.237506365025096,-627.69543,47.126274,-5.48337,24.172112,-4.1287775,2.565195,-6.306428,-1.3373901,-0.4850252,0.2164837,-4.0991406,0.946868,0.08417682,happy
154.98607,66.0546,208.56755,0.0038416637,0.005230824,3.169914628435575,-642.8724,53.69805,-0.52042025,22.762287,-0.66736114,2.0587125,-7.8189273,-2.0528696,-1.5436608,-1.4528768,-3.7000315,-0.5738171,1.383175,happy
154.51363,71.45273,246.80725,0.0047603403,0.006795717,3.7825746967575333,-615.3901,45.777718,-9.181958,19.801634,-1.525953,-2.3784392,-10.971322,-3.5288153,-2.7489085,-2.1011043,-2.705845,-0.39864445,1.086673,happy
162.66104,85.311165,248.28998,0.011138155,0.013920741,3.7130969549289707,-525.90247,41.03248,-24.48265,15.462932,-10.418643,-2.6378949,-10.243271,-5.582149,-2.3291235,-7.1778245,-5.8427567,-0.27311245,0.61347854,happy
173.64323,74.83021,248.6908,0.010629989,0.0134463245,4.098426268350863,-533.6439,36.44289,-20.475365,19.837677,-9.776297,0.41117433,-4.676524,-2.7620199,-2.5966187,-4.798061,-3.9670348,-0.5327351,1.5631694,happy
198.80504,78.05361,246.12984,0.011578341,0.014891593,4.430328202622364,-511.0798,35.501663,-23.504341,17.456535,-10.156482,-5.755414,-12.265076,-7.733445,-4.4908624,-9.620965,-5.0977354,-3.3450553,-0.85010755,happy
199.26938,76.52046,237.38242,0.0091873035,0.011568709,5.333587313681604,-525.5096,39.380474,-25.026812,14.557417,-11.66602,-6.8413725,-12.88855,-8.655181,-3.1960607,-9.472478,-7.684162,-4.0761213,-0.54456186,happy
170.06435,78.61459,241.40814,0.0015872683,0.002088329,2.8542546232978534,-710.21265,59.082977,13.984996,21.414562,8.986025,6.737386,-3.7479067,-2.1854439,-1.1001457,0.4418224,-7.233514,3.317141,-0.13306928,sad
146.7065,60.81091,246.92906,0.0014505706,0.0018538311,4.650486847841884,-717.8779,66.50135,12.371567,24.128445,1.1779344,8.468752,-4.166348,0.033327196,-2.6291966,0.35191983,-2.9251108,2.3711398,-0.19601664,sad
152.67865,69.92191,215.08177,0.0014796156,0.0018879127,3.9212940270289196,-715.0094,58.27457,13.99072,20.753002,6.8394666,8.207243,-7.0803895,-5.250118,0.7125152,0.7118629,-2.7900205,0.990627,1.412935,sad
163.46648,65.53032,224.22781,0.0014699665,0.0018079524,3.8849769329494603,-713.4666,68.6019,13.294303,20.87998,7.608233,5.831704,-9.638704,-5.3717012,0.5614078,3.8801777,-8.488563,3.5960782,0.7703834,sad
185.79277,86.34294,241.65617,0.0033713162,0.0044467403,4.773981799194391,-620.4235,54.14574,-9.867143,22.550917,-0.75111973,-2.9616063,-18.010296,-9.443228,4.194974,-7.649913,-5.490427,0.9290364,-0.30941725,sad
197.36823,90.355255,249.79877,0.0033821345,0.004711334,4.063685572328841,-617.99286,52.560658,-6.019141,22.052603,-1.576884,0.13788457,-15.669795,-12.390828,2.3714008,-3.7974832,-4.409238,2.7023795,0.06358633,sad
185.1646,88.22527,245.9834,0.0032686142,0.0041209967,3.8143241494397713,-648.9565,53.708393,-3.237641,20.249714,0.60060215,2.154234,-10.4678135,-9.044191,4.9045115,-6.0795083,-3.4730098,2.039866,0.76984096,sad
214.26115,77.610176,244.29575,0.005048848,0.004865139,6.479919001012488,-619.6704,61.667675,-4.7260404,20.764809,1.0779542,2.078518,-21.049337,-15.2657385,7.3676634,-5.8270607,-7.327551,2.9411209,2.4656465,sad
169.23604,78.77646,246.41995,0.009414119,0.012512764,3.779952750590618,-554.1882,47.494743,-7.3831077,13.09299,-8.940091,6.648675,-5.2385,-4.6448298,-2.4888153,-2.5656044,-4.5915627,-0.50272703,2.2118757,angry
162.51439,67.6209,226.96643,0.009422316,0.013111594,3.8849769329494603,-529.8641,41.757656,0.2388358,10.274704,-13.79805,7.151173,-2.121543,-4.856164,-5.6690497,-0.97768146,-3.4779823,0.47812346,-0.46290785,angry
152.18936,71.705315,241.69057,0.0071548643,0.0097371,2.5446191906697293,-591.2981,45.870213,6.8337116,11.134275,-6.282018,8.533286,-2.8901296,-6.1521773,-3.9717646,-1.5080429,-2.5770261,0.53773016,-0.2079113,angry
162.30205,72.357666,236.706,0.00874075,0.011151981,3.0810167355227223,-573.94977,43.83366,6.2372293,11.023082,-8.403257,5.6955667,-3.0100076,-7.5788946,-4.926408,-3.4380574,-5.204387,-0.6967444,-1.2825315,angry
174.61604,82.29537,244.28316,0.022789802,0.029724613,4.281441838501495,-458.94968,39.8171,-15.923965,2.6470485,-21.079748,6.345911,-4.8675666,-9.733783,-4.171701,-1.4372032,-2.719605,-1.8791538,-2.8738315,angry
166.49374,94.99304,249.15457,0.051476568,0.080212444,3.4478757438626153,-367.54065,21.34484,-19.072489,4.839205,-20.73507,2.34186,-3.0236847,-7.0989785,-4.358887,-3.6291015,-4.8580503,-4.759907,-4.5498843,angry
155.50533,93.34487,247.19101,0.021969512,0.03072824,3.0524818758888617,-481.7893,28.089802,-7.8105016,2.5948,-16.357365,5.294725,-7.701701,-8.339228,-5.0367675,-3.5042768,-3.4524782,-1.6333902,-1.6872845,angry
175.4151,89.59539,237.08774,0.023961972,0.033869714,3.2994226010448173,-466.36334,31.54297,-9.433085,7.4147744,-18.142984,4.7147117,-6.67022,-10.100755,-5.641231,-5.183995,-3.3311574,-2.3308163,-2.6448395,angry
102.99791,47.138973,181.6767,0.0013778271,0.0012538465,2.7523461839866967,-720.9105,88.96969,21.239386,35.83619,14.343465,8.022886,3.4373848,8.352039,5.799871,1.4936595,7.4097676,7.5513086,2.4868445,neutral
100.064384,42.58598,227.21143,0.0009465221,0.0011766003,3.434012331226098,-762.89215,75.22927,11.421464,24.627008,6.0742803,5.0176945,-4.500915,5.063505,2.4181185,-5.3302426,5.0888925,2.6538072,-2.0523622,neutral
102.022026,50.03936,230.44272,0.0010025713,0.001309165,2.3975874276509264,-754.1944,64.929565,14.557727,22.764668,7.488899,5.30763,-7.3015914,-1.0187707,-0.41819364,-4.327042,-0.4491314,1.5273988,-2.7880378,neutral
104.497665,47.26966,222.24155,0.0010951697,0.0014447628,2.7806743135210286,-750.42584,68.52248,11.610987,23.507334,4.493905,4.341174,-5.2844405,-0.9403091,0.39129052,-4.253417,1.3538494,1.3280339,0.080304444,neutral
110.34132,63.40852,224.31264,0.00094754744,0.001280595,3.896079569932755,-749.6397,68.478836,12.474439,23.595201,11.620117,1.5281354,-6.672005,4.174361,1.0369291,-2.7287455,2.4177337,0.44424573,-1.9135667,calm
116.75488,64.095406,222.0479,0.0010999545,0.0015169862,2.996984284563658,-697.85767,56.60946,4.6298094,32.745953,5.5127273,-3.305513,-10.901889,4.786417,3.4829113,-5.8292003,3.235771,0.2555258,-2.743725,calm
133.65955,77.97129,227.43997,0.0017515011,0.00236945,3.1698575365163983,-662.08215,61.03472,9.089584,22.89696,-0.79778534,-2.6030414,-5.9830203,0.13936678,0.11938053,-3.2448206,3.4800544,-0.4798962,-1.5429344,calm
95.30289,42.96665,178.79616,0.0011106983,0.0013727514,3.641201596526854,-736.2499,67.17892,16.617643,25.031172,11.511599,6.866879,-6.82575,1.6351852,4.237733,-0.47908348,2.570394,3.2825851,-1.4188296,calm
90.02611,32.699467,198.30885,0.00053152774,0.00061813433,3.5963811414763893,-793.622,64.04301,20.303936,25.468773,11.79724,6.675693,-8.9620695,7.576013,4.823347,1.3551127,6.49036,3.5575163,-1.3052589,calm
83.76162,22.76768,215.45079,0.00071955594,0.0006952606,6.692247540417175,-764.03467,76.85013,25.894833,34.846996,15.7515335,7.736692,-8.665382,6.908929,0.6773805,-0.52650994,5.927411,0.38683698,-0.91251093,calm
100.07501,51.31881,222.15015,0.001424644,0.0017173728,3.417623765629878,-686.7075,76.51886,16.407951,32.192352,8.609823,1.423447,-8.760172,1.2744706,3.7238219,-1.8703922,4.513855,-1.199803,-1.5905168,calm
101.6704,45.615334,167.08331,0.0012888481,0.0015308926,2.7495188342040144,-739.8693,69.63987,14.779869,21.001667,9.071125,5.093291,-8.556856,0.36142862,0.058773622,-5.421985,1.5201693,2.4810042,-4.235227,calm
152.9512,54.14348,170.6579,0.0018018545,0.0020370074,4.795174855301853,-679.0299,93.45385,5.794652,24.704777,14.278563,-2.3139899,-7.6265917,-11.228204,-5.9721465,-0.6092781,-2.3406055,3.3591323,-4.364306,happy
141.26187,71.90343,244.82025,0.0029247769,0.003539035,3.1100901219296695,-653.18805,74.246025,-2.9102714,24.597574,10.043084,-3.48086,-6.517628,-2.7053416,1.3676491,0.37312734,-4.095187,1.9109895,1.173626,happy
127.746025,66.39102,209.07446,0.0020472552,0.0025619066,3.0272642990937126,-693.9092,64.897285,2.4572992,20.360777,11.435547,-0.9387515,-7.883067,-3.8947513,0.7640611,-4.5691214,-1.8865192,1.1396759,-2.6711924,happy
155.70824,69.071014,222.75371,0.0033905704,0.004287486,3.1698575365163983,-635.04333,59.445652,-6.785971,20.090153,5.758825,-1.7828257,-12.067196,-11.143819,0.74184674,-2.9164374,-7.4518466,3.7106886,-3.4902315,happy
196.20103,58.250137,227.94873,0.020196332,0.025709286,4.773981799194391,-464.16748,50.227596,-21.984121,10.098584,-2.5744848,-18.988585,-11.996725,-13.735741,-7.6505466,1.7442218,-8.376109,-1.3415955,-1.6090895,happy
213.41344,50.18594,229.4172,0.016124774,0.019797418,6.473461803578386,-458.4613,74.21323,-24.725195,13.8969555,-3.6516109,-24.85233,-11.369635,-17.292442,-11.506705,1.0051947,-10.8745165,-1.2860101,-3.0406435,happy
175.13013,76.440414,239.61948,0.022503844,0.028612416,3.641201596526854,-453.3777,33.012005,-16.687206,10.550851,1.0364726,-12.788371,-8.680342,-13.718387,-5.4717684,-3.2482135,-6.8286676,1.6544067,-0.7079157,happy
181.06676,57.65411,199.01794,0.015504397,0.02096663,4.481478888033051,-487.76492,54.528767,-13.300694,11.996206,2.7181876,-9.475149,-12.900046,-16.434519,-7.1884985,-1.3193948,-7.30899,3.5271685,-2.7184403,happy
104.77084,56.03587,229.77673,0.00036568101,0.0005337379,6.11632485330377,-792.0275,71.974815,11.194691,30.198053,14.209564,9.66389,-10.048271,-2.705969,2.2512097,2.9083276,-0.34816355,6.0420537,-3.2290332,sad
115.508385,62.484,243.66713,0.0003643117,0.0006934879,2.036808030843093,-809.65784,53.750507,10.550501,20.041456,10.361909,3.4641817,-10.97878,-1.0308664,-0.27239028,0.47436166,0.13164231,2.579843,-2.4885576,sad
123.02828,57.754677,245.10023,0.00059207185,0.0009666544,4.407308787071894,-783.6458,52.23073,13.69936,18.566084,10.773867,9.281432,-9.212427,-4.2326565,0.40645593,-0.55094844,-2.2879972,3.6483126,-5.5734305,sad
95.936844,34.547028,243.82791,0.00042026342,0.0005126375,5.582591130291066,-806.90375,65.69547,22.665642,26.959015,14.208203,13.23901,-7.3702703,-1.1413018,5.3549156,2.4124913,0.7161182,6.0628304,-5.7655196,sad
164.77646,66.29291,244.76596,0.0010661597,0.0011667772,5.333587313681604,-691.8315,78.75367,4.971436,29.04505,11.37652,-2.2897718,-13.305055,-8.072376,-6.704898,1.8936969,-11.574827,3.56941,-2.4499533,sad
180.90335,73.19065,211.89597,0.0010351192,0.0013191566,6.403791044298225,-671.7823,67.234856,1.5096446,30.69197,13.41123,-6.0551367,-12.873957,-4.281409,-5.3934283,-1.3051754,-11.89407,-1.3586503,-4.93868,sad
172.7203,55.470577,230.75676,0.0014134874,0.0015420743,5.224085784987627,-692.6788,66.07176,4.070085,26.048155,11.348979,-2.2455378,-14.463196,-7.5883327,-4.7656407,-1.1004637,-14.994604,0.030840531,-3.4372637,sad
162.50838,65.06352,239.9595,0.0014352252,0.0015962494,6.459009510891504,-682.0528,77.548386,10.15676,33.231907,12.658278,0.75985205,-12.560197,-9.599924,-2.5135515,-1.1896331,-15.063663,1.9291077,-5.2789364,sad
115.47166,53.476704,208.37183,0.0013851749,0.0017609436,2.2407394440165254,-699.90375,66.947525,-0.7367179,28.375881,11.791871,-1.3287325,-5.639778,-5.3925257,-0.7465022,2.7965207,-4.7740617,4.316855,-3.1616993,angry
144.92662,70.222595,230.812,0.0020938371,0.0027288843,3.0810167355227223,-657.9312,61.961582,-1.1304355,25.684988,13.442191,0.6356805,-6.0698457,-3.8057296,1.5683075,0.8586958,-2.428416,4.566348,-1.7857896,angry
174.71338,87.12956,247.85518,0.005960769,0.007125734,2.943488368203636,-572.56384,51.859077,-11.8819275,22.328533,7.799656,-2.295575,-4.939214,-12.98106,-3.2714715,2.4381957,-6.446859,4.3473115,1.0041094,angry
168.04588,83.67732,240.80571,0.0039920555,0.004736179,3.1100901219296695,-624.9099,59.353466,-4.985331,25.31898,10.587428,-1.7535648,-5.360516,-9.454806,-0.42188734,0.07025118,-7.0050006,4.650527,-0.9412183,angry
191.88849,88.1509,249.09161,0.060958713,0.074675255,3.154729629812195,-345.65805,41.81389,-20.441118,9.590034,-6.128742,-10.658325,-5.969207,-5.053814,-3.4780147,2.4349105,-1.7277813,1.591879,-2.9625428,angry
213.02155,82.38464,247.60559,0.047463853,0.05842242,3.7130969549289707,-361.2954,44.07978,-23.286882,9.585352,-7.48123,-9.004298,-8.285222,-6.995904,-4.226976,2.1814601,-1.5966473,-0.39978373,-1.5985342,angry
195.68478,84.68084,242.82397,0.06453201,0.0785175,2.7453279380013442,-336.6683,39.850834,-19.984444,5.374036,-9.430003,-12.260041,-10.541313,-2.8210306,-7.33908,1.9829032,-1.1913735,1.7251318,-3.2752213,angry
180.9696,90.93316,231.01682,0.05936569,0.0729139,3.2739922242684676,-336.39905,38.16235,-22.705004,3.2111862,-10.394507,-5.657711,-10.471803,-2.0594447,-5.136155,3.3169925,-1.7252357,1.1748179,-1.7269827,angry
156.95624,76.245674,241.81958,0.009863629,0.01211775,3.1100901219296695,-558.4354,46.69692,-3.2658293,6.854551,0.48724708,-6.987957,-9.670811,-6.1656804,-1.5819902,-6.872581,-2.98035,-1.0730819,-4.324749,neutral
151.38914,68.060394,232.50334,0.0079582175,0.0097413715,5.472758367945272,-535.1695,51.38243,0.6353379,8.729557,-7.670295,-10.080628,-15.306524,-8.633269,-0.57165504,-5.549459,-3.4636092,0.2867839,-5.8839746,neutral
178.62862,76.848434,232.11304,0.011863581,0.013906102,2.67589851654876,-533.0951,47.828125,-5.9685674,7.371204,-2.5210633,-11.050206,-18.646767,-11.325945,1.8447499,-7.658948,-4.260654,-1.5899775,-2.329365,neutral
154.33925,60.505527,205.73717,0.008065921,0.009891267,2.1796137996798692,-586.97186,48.030712,9.612645,12.852129,1.214371,-2.3755193,-10.400216,-5.9279523,-0.21909341,-4.7680044,-4.178,0.50479496,-1.7583119,neutral
170.9045,66.84222,243.61307,0.008254446,0.009309955,5.041663749037182,-517.67773,49.06598,-9.159444,18.165636,-14.888422,-4.5996056,-20.75375,-12.390704,-7.9387164,6.277942,-7.7772183,0.68785775,2.9768937,calm
152.91374,60.977337,219.56287,0.007649982,0.009463572,3.8849769329494603,-559.8217,51.16797,-5.204222,13.988954,-3.4964435,-2.8161871,-13.321396,-3.4586568,-0.77265793,-4.6116,-3.9482565,1.3723736,-2.275636,calm
173.95552,69.21233,217.2514,0.010389612,0.01229659,2.474566950783613,-524.6384,39.492336,-5.205176,13.210987,-12.665713,-2.5858757,-18.833553,-12.731812,-2.724183,-4.9860578,-7.117708,-0.32756314,-5.302131,calm
170.21225,67.34193,212.7457,0.011092047,0.013493629,2.969962875464057,-528.7958,46.87373,-3.779066,11.862243,-11.0838585,-9.096057,-15.589863,-10.853848,-0.5130775,-7.1706,-5.190089,-0.9634369,-4.900235,calm
174.95532,68.09506,206.82893,0.008325887,0.00985272,3.211078219858512,-544.7369,51.63803,-11.710852,12.565554,-2.4444156,-9.700631,-22.774126,-9.662286,-0.2075178,-1.821281,-4.624852,3.2973704,-0.1393417,calm
180.98715,72.640236,225.39842,0.010677544,0.0128612295,3.478668071513388,-545.75946,53.953552,-8.809186,5.0226536,-2.467542,-7.372319,-20.640955,-11.656492,-0.383778,1.1967643,-3.917522,-1.9938899,-0.6151624,calm
168.81378,65.683846,193.19435,0.009668255,0.01136265,2.366047222359146,-558.1099,52.296383,-4.274256,14.93406,-7.084452,-4.0420227,-16.052937,-9.596132,-1.3213245,-5.003666,-7.1904984,-0.14250484,-1.1779127,calm
158.93822,58.26832,219.61832,0.006233743,0.0070572286,2.8666829546379997,-598.1954,58.05935,3.3045452,12.597087,1.213884,0.07507585,-11.015192,-4.396777,-2.4331713,-3.1979475,-7.2610703,-1.604952,0.1537632,calm
167.40355,72.694916,245.36972,0.016093567,0.021028293,2.2834308548594264,-491.67636,40.504356,-16.959375,9.238352,-5.511112,-5.5502,-12.887402,-11.45906,-1.398155,-5.933995,-4.493664,-3.454866,-5.0776877,happy
168.91667,88.71781,248.65515,0.017778236,0.023462428,3.746262742696589,-484.4091,40.625385,-13.719956,8.295035,-6.2844267,-9.028662,-15.3695545,-13.379523,-0.4371533,-8.665169,-7.161065,-2.0920234,-7.3029556,happy
168.65488,87.75741,247.23387,0.016155295,0.021351025,3.329990729003084,-501.02707,33.401657,-22.03116,10.147237,-8.951138,-11.601471,-22.149395,-9.98545,0.45069838,-12.252911,-4.9139504,-1.1663848,-6.8865194,happy
188.20241,85.838554,249.08644,0.01771622,0.023309352,1.7981905707381947,-498.9187,46.716972,-13.5028305,8.294524,-13.91796,-10.49226,-19.52393,-15.043513,1.3322921,-10.9818125,-4.9770875,-1.4663243,-7.9117317,happy
148.82544,80.68378,234.74904,0.0625505,0.07372899,5.733365909275999,-358.41504,28.46792,-35.34119,6.2441,-19.030645,-17.182468,-18.323591,-23.710476,-0.7174227,-13.675881,-12.085855,-1.249806,-10.372587,happy
157.82957,86.586395,227.08316,0.056788385,0.07210354,5.708577137148566,-379.04733,25.60117,-29.925348,6.6657634,-11.543155,-16.445456,-18.109962,-20.012283,-1.2591313,-11.174609,-12.602408,1.5396503,-2.7185512,happy
182.30069,91.792336,243.59753,0.07364933,0.098344445,4.281437626478016,-341.59232,15.605868,-25.814747,2.2001445,-15.23158,-14.141647,-16.302597,-20.132858,-5.3775854,-11.148391,-14.017073,3.2295203,2.3175182,happy
152.72983,92.84084,245.73906,0.06296934,0.08277112,4.785065558546221,-351.8169,19.591978,-34.452015,6.9536443,-15.031643,-15.180979,-16.045141,-22.63725,-2.004352,-12.463243,-11.213802,1.0179368,-4.0960326,happy
158.57578,65.85311,245.2255,0.0052021155,0.0064127604,3.632717158912455,-619.2515,55.02172,0.6374849,19.672302,-2.2422965,0.6357337,-10.610641,-7.465337,0.5672099,-4.8442564,-4.885637,2.59802,-0.83162063,sad
142.34976,54.398045,183.76266,0.004344175,0.0053797476,2.017218399913548,-586.871,59.1072,-1.4535122,11.909033,-2.296628,-2.084609,-17.021128,-9.364579,3.976139,-2.2182755,-5.826337,2.017209,1.5206834,sad
162.38535,62.341167,190.60217,0.005602128,0.006981643,2.8273546562996996,-605.09796,64.31533,8.52225,17.331556,-1.6664448,-2.8869555,-16.030357,-9.688798,0.5396705,-8.277975,-2.0861468,3.00519,-1.9458483,sad
154.95058,55.180344,196.86292,0.004576238,0.0057206415,3.417623765629878,-606.54144,68.408226,8.899562,8.308387,-0.07213052,-1.5573288,-15.943786,-5.215191,1.6757908,-8.130329,-2.3866906,0.7944634,-2.2784555,sad
171.92169,71.38308,238.58679,0.013115364,0.016027357,4.566861709718853,-504.99908,51.432377,-11.666022,22.156096,-5.9294906,-7.2329535,-17.09544,-11.805787,-0.45489123,-8.855783,-3.3718605,1.9526339,-4.5085444,sad
168.12308,69.90021,220.60562,0.0073536774,0.00855957,4.7615713185351165,-530.7673,54.32648,-14.5658245,22.503061,-4.209221,-11.059884,-26.554155,-14.119288,4.5617185,-6.5520554,-2.1550128,2.279112,-0.96510416,sad
148.74013,57.961643,236.90872,0.005145253,0.0071058483,3.5418724244797875,-592.54865,56.716156,13.63273,17.060133,0.6466221,-3.7184875,-18.169094,-6.958288,0.6426117,-8.335939,-1.2103335,2.1771781,-0.43791664,sad
165.68312,69.10881,230.6549,0.0071110805,0.008798951,3.641201596526854,-572.76184,49.341763,5.2268004,17.841608,-2.333448,0.64569515,-18.311478,-8.38722,-3.338751,-10.050283,-2.626494,-2.2108693,-4.405814,sad
151.20992,57.19178,249.4696,0.009458753,0.011762163,4.098426268350863,-499.8039,59.183437,-11.651272,12.41824,-12.534229,-7.980533,-23.150753,-13.2421,-2.444789,-4.62224,-4.1630044,4.5582232,-3.0674944,angry
172.59993,74.181984,242.39479,0.01821349,0.021471377,4.745254745254746,-456.1242,49.508522,-20.580658,9.836415,-14.5364065,-4.6829553,-17.197931,-11.5617285,-2.715303,-3.5750966,-7.01754,-0.50824594,-4.5244,angry
162.97755,58.797123,221.372,0.014778154,0.016537502,3.411202144184205,-489.8305,54.55431,-12.001175,3.973982,-5.7686,-6.609021,-20.155588,-10.584652,-1.1377031,-6.875989,-0.27548033,0.0889313,-6.4060135,angry
161.99388,58.470333,222.5649,0.015444473,0.017262973,3.6253776435045317,-490.0282,55.45608,-13.939736,10.015544,-10.51823,-3.6459308,-23.709124,-6.4237413,-1.6848755,-6.5164757,-0.7114568,-2.7285278,-2.4327679,angry
180.49069,78.02455,248.72316,0.05226027,0.07070094,4.075883357808614,-337.60135,30.765345,-20.727907,5.3102627,-17.896582,-7.9970813,-15.1570635,-10.713776,-4.7521763,-8.382668,-6.359837,-4.0648556,-7.1123614,angry
172.27423,83.24245,247.38863,0.060247824,0.07121381,3.578517710866952,-357.40897,34.2804,-26.4773,-3.9170506,-18.124224,-8.775056,-12.249946,-15.92423,-8.0774765,-6.6317644,-10.159422,-8.18916,-6.1775684,angry
188.06403,78.14873,241.46115,0.057794016,0.07548828,3.3586849456635823,-379.75943,31.67679,-16.667282,-3.0108182,-16.820152,-9.119492,-13.247653,-15.61129,-8.212857,-6.4331822,-8.94556,-5.672213,-2.9111862,angry
182.40063,81.02111,238.22556,0.059342034,0.06999812,3.3836858006042294,-373.75674,25.110758,-20.046146,-3.2691507,-19.603344,-8.737036,-15.374363,-13.717347,-8.541928,-7.3245177,-7.9719405,-6.2094145,-5.5549483,angry
135.0035,71.458206,225.72098,0.0018271687,0.0023817376,2.8694404591104736,-717.67584,61.743233,21.915865,21.166388,6.9732513,8.439025,3.1780472,0.85621345,-0.28632686,5.2026644,2.1584914,0.92544025,2.4977005,neutral
134.0231,72.300644,230.83778,0.0025722047,0.0032980947,2.9003021148036257,-688.33685,63.238277,19.072153,18.218452,6.7764816,8.756211,3.2048607,-1.5897468,-1.0306308,4.8321495,0.23679237,-0.27977356,2.1791449,neutral
139.41516,68.665955,227.53864,0.0021968978,0.002839021,2.4974635136189804,-686.5837,56.036495,21.19786,20.427727,5.8066497,6.857334,1.1525462,-1.5924076,-0.74405223,4.018285,-1.7828149,0.69291663,-0.378638,neutral
129.21758,66.08998,228.87851,0.0022776679,0.0027102723,2.8392286762096295,-690.108,67.33182,27.456654,25.447813,9.843899,8.578855,2.0968733,-0.24818154,1.166856,7.8722076,-0.79920214,0.9825531,0.0087353615,neutral
116.79976,56.526676,208.27403,0.0011184375,0.0012879081,3.975611154647451,-727.0915,63.22877,23.019209,25.075554,13.037636,13.585065,5.2407374,2.0861487,2.84959,9.321501,0.036742255,0.08177731,2.206647,calm
111.30857,51.946938,197.63518,0.0013683436,0.001460427,3.5963811414763893,-707.71405,72.59266,23.41332,28.093414,15.072644,12.842884,2.0948133,1.4204128,0.6990022,7.743586,-0.9443412,0.43195197,0.71191883,calm
120.93628,63.281643,227.52928,0.001950845,0.002519005,3.896079569932755,-700.4567,62.580063,24.906261,20.920515,8.058102,10.086849,-2.8480268,0.106578045,0.7379178,7.503986,-0.7387756,0.044961985,-0.76056135,calm
132.84187,63.756664,238.20949,0.0013503963,0.0014164557,3.8143241494397713,-710.18097,61.419262,25.735147,21.846804,14.968394,10.399457,2.7772481,1.7906448,-0.7567054,11.546799,1.0118247,-0.5340174,-1.9215474,calm
110.66174,53.9243,180.71768,0.0010394405,0.0011586344,4.430328202622364,-714.6609,68.75441,19.667122,23.39129,14.105485,8.803297,4.184456,1.6332088,1.2746549,10.903212,1.280244,-0.48124865,1.795251,calm
126.90412,57.057877,212.20203,0.00096230657,0.0011356137,5.8868782821018835,-731.48206,53.02114,19.784859,24.881266,12.719873,11.120791,4.385028,4.328861,-1.3965324,9.33374,-1.3972044,0.67615277,0.7359856,calm
129.66237,59.912968,198.60529,0.0012762512,0.0012953766,2.6522121106635503,-713.602,61.296875,23.12917,24.036602,13.237122,9.819052,4.1866465,2.592217,0.83685094,10.298421,0.8692274,0.7924757,0.68395275,calm
143.28394,66.97728,203.20377,0.0014707792,0.0015657882,2.8666829546379997,-709.4687,62.759068,20.705624,22.910246,11.46353,9.816363,2.533787,1.5101473,0.2689862,12.26343,2.2110188,1.3880905,-0.5982565,calm
142.57216,59.305313,230.42247,0.0035242983,0.0049207816,3.5448136958710976,-655.0114,55.852604,9.783184,14.79726,5.842651,4.410305,-4.505299,-1.9739563,-4.5908127,4.5423074,0.30579358,-0.9129644,2.2386255,happy
131.82487,72.15814,230.94427,0.0036137493,0.0047147837,2.809646452821353,-651.465,58.453644,12.694603,12.294457,8.803354,3.8024633,-0.5625665,-1.4478879,-2.0531008,5.4679675,-0.63252765,0.18464017,0.329899,happy
127.73731,66.66226,214.55536,0.0036524504,0.0050193,2.8392286762096295,-652.4688,51.995773,14.465606,11.810214,9.283952,2.9341223,-2.6438525,-2.6097517,-3.2243605,5.29122,-0.2995573,2.7018538,-0.12886715,happy
141.55666,68.658134,209.29364,0.0042170277,0.0058162245,2.7806743135210286,-642.1653,52.8286,14.870348,14.516708,4.767929,3.6406171,-1.7606285,-1.231615,-5.0063553,3.7099771,-0.98735845,-1.5694808,-0.42985108,happy
183.60753,64.95069,227.49568,0.0162548,0.020676875,2.724542555497074,-479.18137,47.42976,2.9634333,5.248016,-1.3241972,1.2670559,-2.186783,-5.7336936,-9.441174,3.781481,-2.2548692,0.6091,-3.5515757,happy
158.2959,67.96925,220.33955,0.01737711,0.023417808,3.84932636788562,-473.84012,40.65468,0.3901385,8.211368,-1.743003,-0.053192932,-0.884378,-3.2593966,-5.50011,3.6062868,-1.2771525,0.7244205,-1.6038643,happy
163.56194,63.80845,215.2317,0.017286602,0.020905135,2.583603804356602,-492.20007,42.32768,-4.775623,2.3577769,-5.8150554,-1.2849313,-5.6364446,-8.900262,-11.724961,-1.0702969,-5.058316,-1.2180115,-7.3557973,happy
139.16714,58.615868,212.16968,0.014120757,0.02069065,2.854288568574283,-511.58002,42.116734,3.2633815,3.2842615,-2.3219497,-1.2946081,-5.981749,-3.8531919,-10.349968,0.19659682,-3.1643653,-1.742524,-5.0500755,happy
135.71974,69.03549,214.85818,0.0018810926,0.0024331715,3.896079569932755,-689.55695,54.213608,17.317915,21.992868,10.876545,7.216346,4.930768,0.3118508,-0.14646593,7.7729316,-0.8388571,1.0593387,-1.5977179,sad
116.54557,51.103302,182.31213,0.00169606,0.0019606734,3.6074785805959277,-692.35345,61.671883,24.6057,25.578749,10.200849,8.910895,4.3756256,-0.009604252,-3.008694,7.837858,2.2083437,1.2165012,0.28435805,sad
156.4397,73.70028,219.81085,0.0020797364,0.0026666108,3.3928255875596394,-686.6603,56.010204,24.03641,18.341227,5.1420636,7.7401366,0.77524054,0.77024275,-4.826221,5.301879,-2.5255141,-1.8152423,-3.382764,sad
145.67096,69.06679,222.25256,0.0024242913,0.0031788088,2.327738274927713,-692.8301,57.892326,23.48534,18.704666,8.137654,8.931098,3.298147,-0.81437445,-1.446493,5.424106,-1.3379501,-0.47828695,-1.6543113,sad
137.84746,62.935524,230.67188,0.006052812,0.008186176,2.996984284563658,-593.24316,46.802658,6.270989,7.0386534,0.80152154,2.1566703,-4.4651937,-3.0832462,-8.251519,1.0870457,-2.614808,0.03303212,-1.8398459,sad
169.88771,50.233955,208.9957,0.009501506,0.011665249,4.439973637656526,-530.3864,56.60191,4.4887524,11.714865,0.99643713,-1.4624827,-6.2214127,-6.060384,-9.386578,0.845619,-4.3094625,-0.27393457,-4.8005304,sad
146.80974,55.95828,226.53271,0.009068714,0.011569492,3.2640344207266185,-566.1399,44.56035,5.2124743,8.2332,-5.282695,1.5721596,-7.1817183,-8.974915,-10.154529,-2.0660262,-2.1158893,-3.199905,-2.8034596,sad
178.45638,70.08123,248.34811,0.008697285,0.012766538,2.996984284563658,-527.8197,41.2179,8.409617,9.202403,-2.876026,2.7253811,-8.244888,-7.113782,-12.049478,-0.4408727,-4.046974,-3.596226,-3.2768726,sad
151.2193,55.485233,211.53354,0.008947057,0.010977638,3.0524818758888617,-529.7608,44.756737,4.9362755,8.622213,-2.0561662,2.2230527,-0.7891928,-3.5452614,-4.987952,3.4575996,-2.9423625,-0.3624552,-0.9990666,angry
137.39632,62.19969,219.24677,0.005740419,0.007241515,2.8816886695603623,-573.3686,47.896645,14.338893,9.652486,2.0103195,3.9361956,-0.42012653,-3.3773913,-4.883439,4.5772686,-2.794129,1.7463864,-2.1895971,angry
149.49945,59.61504,245.11974,0.011928589,0.016258717,2.3053924570440545,-524.1344,41.534035,3.6461682,4.436801,-2.9978712,2.8241227,-3.9682229,-5.0364304,-8.207677,2.5481806,-4.29651,-0.5651947,-2.2020872,angry
143.03773,61.45128,247.27452,0.011016579,0.014037772,3.7461952704284713,-524.44745,45.4105,7.2523265,5.476993,-2.0452175,2.950864,-6.196778,-4.122175,-9.531116,3.3350766,-5.7656684,-0.19520815,-3.1589735,angry
152.32436,72.75854,243.7142,0.023551967,0.029998817,2.2618837250397594,-435.73383,32.253593,0.2736581,4.66996,-7.8801093,-1.3794082,-1.7042563,-2.3525567,-9.722323,1.7308693,-3.127894,-0.8313868,-3.1657066,angry
194.51218,88.44721,243.31764,0.052649178,0.061855644,3.2740437588540847,-362.96454,24.873354,-5.602763,-0.74149513,-13.126822,-2.8200936,-4.8372245,-4.4896765,-12.403132,1.4198538,-4.6391788,-1.0335116,-2.516986,angry
216.86107,59.95999,230.78922,0.04852224,0.060874835,3.5557248757877358,-358.19534,35.71101,-1.559872,5.7525697,-14.11223,-1.8741617,-1.0958781,-3.6449845,-10.904666,2.0295792,-4.931209,0.3000385,-3.0022511,angry
241.81963,52.793198,228.3123,0.061382473,0.08266371,3.1826545327962603,-342.47156,19.830414,-8.573756,-2.7547405,-15.591322,-0.4464701,-5.3013015,-4.1812067,-13.585457,1.7881312,-6.1976833,-2.798385,-3.819642,angry
177.185,53.786755,216.48509,0.002701738,0.0032207647,3.5743744844652188,-671.61743,53.924885,-2.6705272,11.843281,-6.2433605,-2.1648936,-8.2053385,-13.0683155,-6.4489093,-6.097054,-5.2981825,-7.9476104,-2.125913,neutral
168.6893,58.984367,227.38377,0.0025551124,0.0030577085,4.241031984449549,-679.1837,51.406338,-3.4462028,12.844463,-4.680482,-1.7194911,-7.796886,-11.107498,-2.5168328,-5.179422,-6.6072984,-5.6969104,-1.9808617,neutral
175.17587,60.966312,231.7212,0.003413002,0.0041616075,3.8849769329494603,-654.4151,53.368435,-4.57128,11.4714775,-1.1726109,-6.2954187,-13.610129,-13.728305,-2.2621229,-6.210736,-5.2030473,-7.8985558,-2.3357496,neutral
161.43437,55.18243,220.66293,0.0030368718,0.003532684,2.1996150673632116,-668.37463,50.137928,0.017342232,8.107463,-2.0933082,-1.6944865,-11.090559,-8.203695,-0.9479382,-7.4677095,-4.393981,-6.8265595,-2.1590261,neutral
199.51076,59.292225,245.82114,0.0030257136,0.003457963,3.1003245652279223,-648.5977,53.11885,-3.4520266,9.738921,-4.655386,-1.2768232,-6.9486957,-9.258738,-5.4624844,-6.3016467,-2.9603732,-8.332234,-1.7346958,calm
186.68971,63.61553,233.83119,0.0024580853,0.0028986633,4.243539377061681,-651.7505,62.39102,-3.8691201,12.755565,-2.8348582,1.5185564,-10.833031,-8.15979,-6.9466453,-4.0427814,-2.6631305,-10.607104,-1.164212,calm
173.11273,57.105324,222.49182,0.0032821905,0.003769613,3.4478757438626153,-658.1588,45.571697,-6.232176,8.822709,-3.82131,-5.7737064,-12.462382,-12.202355,-7.538239,-7.419651,-6.1286125,-10.233873,-2.303484,calm
198.09583,50.218426,218.87741,0.0029348817,0.0034346553,2.1796137996798692,-663.22845,45.921703,-3.7027078,10.732632,-3.587811,-4.6248217,-13.412123,-11.625922,-6.501258,-7.480327,-5.90756,-10.944328,-1.8564559,calm
175.45486,63.851936,229.31079,0.002589811,0.0030902943,2.7703447190303794,-662.35425,47.322716,-4.7663374,10.225512,-4.8247204,-2.8894243,-8.086138,-9.656745,-9.399715,-6.6278625,-4.827835,-9.933779,-2.2037947,calm
203.49821,56.28479,218.81538,0.0026970957,0.003260446,3.9783181659953257,-660.0201,57.71532,1.8453963,16.034035,-1.6156323,-0.23119095,-5.2838182,-9.485084,-4.7401876,-4.4262457,-3.9757364,-7.9113135,-1.6924231,calm
205.49774,57.135292,229.30975,0.003052563,0.0037244104,1.8730976352142357,-664.18066,48.792717,-1.5887032,6.6115365,-4.5526433,-3.5499167,-13.224206,-8.777666,-9.485053,-6.022526,-3.4323945,-11.9445715,-1.4290943,calm
202.73358,54.381363,230.59052,0.0029401933,0.003398692,2.366047222359146,-663.4891,48.03593,-1.0756527,5.6950054,-5.9883432,-3.6086621,-12.71298,-9.737559,-9.017936,-8.954862,-4.1723385,-11.324359,-2.978513,calm
190.44167,63.187485,239.79114,0.006394248,0.007646476,4.049949375632805,-588.1089,46.2573,-21.611341,12.268475,-11.383695,-3.9612648,-12.477968,-11.145016,-1.4911919,-5.292301,-2.7819605,-9.842973,-2.3708568,happy
178.73434,67.73219,227.48819,0.0066529782,0.008126469,3.211078219858512,-583.1513,51.407078,-17.036606,12.419307,-8.30522,-4.057611,-8.843415,-11.583142,-0.7743003,-3.4108944,-0.2393178,-7.2775555,-2.2808504,happy
203.08809,66.30256,231.72806,0.005779698,0.00752092,3.1397174254317113,-582.12445,38.80771,-15.66464,9.639017,-12.205538,-7.6039586,-18.81474,-14.506105,-7.3736362,-8.287669,-4.528652,-13.36384,-4.1375318,happy
190.674,65.10304,223.77681,0.0071809725,0.008787262,2.9434391410509417,-574.64624,43.118317,-18.818369,11.432166,-11.404841,-9.955988,-17.016172,-15.325583,-3.500774,-8.997366,-2.7760746,-11.566152,-3.5135303,happy
163.98434,86.002396,245.38364,0.022483936,0.033613622,4.28138193494678,-461.82635,29.888948,-23.934141,7.5881863,-11.537473,-6.637336,-3.931774,-8.010103,1.4384079,-1.7910259,0.39325806,-3.7027912,1.6691686,happy
163.89388,83.99937,236.52509,0.021703118,0.029518854,4.350453172205438,-470.04614,30.375875,-21.059511,9.587893,-8.888365,-6.5092435,-2.666124,-8.140864,1.9484677,-2.1429598,1.6035073,-3.8958752,-1.8136193,happy
206.63263,68.56624,248.76265,0.012040109,0.01579086,3.329971343035077,-532.5121,34.02249,-22.207811,7.5631685,-11.403782,-8.292998,-12.988604,-13.724583,-1.4710577,-8.216422,-5.243804,-7.6189938,-5.1933165,happy
189.25304,74.76181,247.79544,0.026903372,0.032764107,3.77774279867779,-461.4482,23.216736,-36.05577,-0.18574421,-16.843899,-14.932692,-11.233953,-16.175718,-1.9415709,-8.689753,-3.8411222,-4.5832806,0.77375704,happy
203.59541,63.83433,239.71992,0.0051747346,0.0066472106,3.5418724244797875,-607.35516,49.292084,-13.250259,8.027101,-6.712912,-6.332768,-11.95242,-13.933603,-4.474446,-5.648713,-3.1302054,-7.5680537,-3.9550247,sad
210.06801,68.99361,249.71962,0.005019462,0.0056697223,4.439973637656526,-602.9377,57.13116,-11.129558,12.200434,-5.957297,-6.0491567,-16.37285,-16.597637,-0.12127252,-7.218903,-2.540462,-8.525034,-1.9755921,sad
172.55406,68.944214,228.79437,0.0032537656,0.004159391,3.5418724244797875,-643.5884,37.3397,-2.1946783,7.237174,-1.8242172,1.677879,-12.133219,-9.763294,-3.1995292,-4.6213055,0.68713427,-8.721854,-0.66722465,sad
210.5615,56.04787,229.82153,0.004377868,0.005399993,3.0810167355227223,-619.9806,44.383465,-9.319397,7.77201,-5.983796,-3.889997,-16.67667,-15.394002,-4.714943,-9.532076,-1.6389762,-10.823259,-4.052727,sad
218.5466,84.82396,248.87144,0.014093325,0.01796279,2.583603804356602,-517.7404,40.14826,-19.445515,4.8776536,-14.520422,-10.693181,-11.24604,-15.892291,-0.6645946,-4.064484,-2.8820367,-0.37618092,-2.3444157,sad
217.9128,75.86049,241.98436,0.019813662,0.025116572,3.7130969549289707,-481.36774,32.74456,-32.772266,-1.7123169,-18.528334,-14.051673,-16.869589,-17.937817,1.7653782,-7.9151893,-4.8075037,-4.7484117,0.009747317,sad
240.47878,61.00884,246.66615,0.015054251,0.018393073,3.154729629812195,-517.8257,26.332302,-25.761307,-3.6503623,-14.215188,-14.353972,-14.6007595,-18.730078,-2.0607154,-7.3227496,-6.4409466,-4.1822495,-7.3181505,sad
188.30118,80.211876,227.27133,0.023914134,0.029959004,3.1003245652279223,-459.86935,24.867075,-26.617569,-3.7878826,-15.529104,-15.7646475,-11.49253,-17.144299,-1.1007019,-5.5245247,-4.89391,-2.455573,-5.296129,sad
153.76906,57.699696,220.6411,0.0060599297,0.0077618137,3.51210946074486,-573.7029,46.2274,-3.0487041,9.26467,-8.199549,2.1778753,-4.939845,-8.484935,-2.8921773,-3.3830805,-2.7406209,-3.6849382,-1.3130078,angry
179.81517,57.278915,223.25626,0.0069390396,0.008903384,2.5184951991185267,-562.4443,47.82816,-6.3568068,13.948827,-7.4776487,-0.68472946,-5.6565757,-9.907001,-3.352649,-2.017377,-2.474146,-4.734036,-1.3576014,angry
177.47163,55.031593,228.79233,0.0044227494,0.0055054543,2.9434391410509417,-618.84204,47.09337,-0.75339746,7.69236,-3.5849814,-4.195743,-12.802499,-10.982707,-3.8722248,-9.115276,-3.7993007,-9.374801,-3.453387,angry
176.96857,57.447384,229.9308,0.0047785565,0.0063426723,2.175226586102719,-602.7196,39.26406,-7.5242505,6.502476,-8.233526,-5.2433577,-14.241027,-12.54163,-3.0338562,-9.057534,-3.5257409,-9.168857,-3.5688179,angry
200.12978,73.57017,234.59161,0.023944236,0.037611116,3.5743744844652188,-434.90372,39.348347,-12.447448,3.2421706,-9.069116,-1.8290867,-1.8243138,-8.481354,-1.0430279,-3.5430732,-1.4808664,-3.2851021,-4.718019,angry
255.58307,26.838345,150.64331,0.052042697,0.0720947,4.086775874399755,-366.4473,29.190691,-24.625286,-4.337716,-11.885275,-4.5076475,-3.3480802,-9.762997,-2.7007625,-6.0031943,-3.7365775,-5.5104127,-4.960829,angry
217.96019,56.983837,242.5595,0.021817839,0.031142676,2.6289413581768293,-463.1262,40.98177,-12.609187,3.712183,-8.390005,-2.5605521,-5.9170737,-12.70006,-2.2939203,-7.0275493,-1.2604046,-4.885942,-4.4476275,angry
231.76465,65.56373,232.3367,0.040305734,0.054291207,4.951543285283818,-405.2791,37.37478,-21.138288,-6.114494,-8.990743,-5.3009367,-4.927432,-11.887437,0.35913113,-1.9843942,-5.0786133,-4.752616,-8.115665,angry
127.14932,68.617424,228.03397,0.001954717,0.0028871468,3.1546985291218106,-727.8245,62.115913,0.054145336,15.53574,5.4364376,0.32508826,-2.9627488,-3.7934332,-1.336473,3.8823788,-1.9945301,6.6225777,-2.3939397,neutral
120.515785,68.94998,231.28235,0.002013218,0.0029427833,3.434079335037365,-708.4268,60.55888,1.2293229,12.4146595,5.003311,0.6530107,-5.1920295,-4.196484,-0.58549434,3.2669053,-2.319758,7.118277,-1.7109878,neutral
128.12546,63.523438,228.77582,0.0020559076,0.0030312834,3.5833536932974996,-712.13837,57.39383,-0.60688525,12.745105,7.024855,1.2855867,-7.137325,-5.6839976,-1.028302,4.804419,-3.252776,8.027534,-2.3860092,neutral
146.7916,75.66561,231.52771,0.0024899142,0.0036387383,2.2317870237525907,-694.5659,50.742218,-2.2981482,13.333029,3.8975775,0.57016325,-6.446795,-7.990958,-1.628063,4.484458,-5.282519,7.8341956,-4.7055955,neutral
142.47003,67.00113,227.5929,0.0016586395,0.0021165758,3.632717158912455,-711.30695,76.34759,5.3585105,21.052565,8.712029,3.0168865,-5.373824,-4.514052,-0.5112285,0.6562173,-3.1518805,10.569691,-3.20984,calm
141.29655,74.36119,227.53177,0.001826439,0.002483612,2.8392286762096295,-722.6774,71.07176,1.8291855,17.16859,6.8826857,2.665207,-3.5565052,-2.8743155,-2.291484,0.311429,-4.331246,10.80566,-3.1599038,calm
143.31023,76.32348,230.43845,0.0016495842,0.0021461667,3.5070938944683565,-723.74994,69.51018,10.7073555,17.402416,8.740743,5.644355,-4.073614,-4.7401457,0.81569356,2.7553017,-4.6025834,9.886097,-2.4031284,calm
146.27826,74.89387,226.84814,0.0016416357,0.0024326222,2.3839424448181177,-721.1196,64.31542,5.5729384,16.548683,4.398678,4.378467,-6.8791957,-5.692659,0.03900871,2.8708558,-3.2130213,10.071333,-3.1099246,calm
121.75461,59.13945,227.57388,0.0016169166,0.0022091407,2.550613741431532,-729.1753,67.64685,3.7001731,17.828672,9.449435,3.0821536,-5.260759,-5.682016,0.9609319,5.7278395,-2.2340875,6.827388,-2.6851966,calm
149.42389,68.7114,230.69806,0.0021578954,0.0029651572,2.185280574416608,-700.5118,64.564804,-3.645659,13.777,7.9618607,2.173726,-4.4109774,-6.9346023,-2.4730659,5.0100775,-2.9763515,6.250004,-4.118529,calm
139.55884,75.986496,225.52199,0.0020397515,0.0031208887,2.331002331002331,-700.412,56.31798,-0.3839392,16.601871,5.370268,3.1619792,-5.591091,-8.469783,0.7277204,5.164726,-2.0316942,7.99496,-4.021843,calm
129.44608,72.02934,212.40524,0.002118514,0.0030560815,2.9640607632456466,-708.53125,59.96003,-2.7052739,15.081983,2.8180308,2.2010608,-4.121284,-9.01815,-0.65358484,2.65316,-1.158688,7.3857565,-3.3559284,calm
142.81151,66.867294,233.39194,0.0036179458,0.005070078,2.471758231148016,-658.9008,54.06463,-8.249562,14.40019,3.0410528,-1.6735811,-5.8675985,-7.8011656,-1.833772,4.4492817,-5.226819,8.384755,-6.3535867,happy
158.49918,70.05975,246.55753,0.003444258,0.0045731682,3.746195270428471,-665.2159,55.38753,-7.3215604,13.719396,5.2646875,-1.8266238,-5.371586,-7.7706556,-3.2418077,5.513667,-6.1924944,8.604018,-6.375518,happy
148.09064,74.45671,227.2982,0.0033733025,0.004801903,1.912960306073649,-654.4929,49.24912,-1.6363288,9.90654,4.0173764,-1.1869471,-8.480831,-8.257088,-3.9669065,3.373439,-4.999766,7.5646095,-6.90375,happy
152.12595,77.60982,227.1498,0.0045370376,0.005988833,4.058378209630844,-636.255,48.839024,-1.6998234,9.399966,3.1192348,-1.4558688,-13.382699,-6.0864167,-7.099094,4.9027,-8.175387,7.116388,-8.158259,happy
161.73158,74.946724,234.71222,0.0055138734,0.0068429485,4.073541981123498,-577.90344,49.742096,-10.452777,14.501434,5.7650423,-6.483935,-9.051545,-5.7854943,-4.198082,3.9482625,-10.455848,7.3799877,-6.529584,happy
176.02806,69.18747,245.77367,0.01218423,0.014714422,3.8849769329494603,-519.17194,47.846462,-6.3867393,4.414956,0.4006578,-10.044722,-14.421232,-5.9757347,-11.2575655,1.7624471,-11.9414,1.1828511,-9.510018,happy
199.0887,78.84255,245.62274,0.012549337,0.016844066,3.5607648226108566,-517.5515,29.3267,-6.778689,-4.8458095,-3.969125,-8.034145,-16.945057,-6.369865,-10.804251,0.72618127,-10.546097,0.3837355,-9.906271,happy
169.07784,79.74082,230.86928,0.01256409,0.016640976,2.3975874276509264,-535.3,34.568695,-7.5750947,-3.2647915,-4.2544947,-6.3951416,-15.233761,-5.538858,-9.70769,1.9023393,-9.574393,0.97416127,-7.437518,happy
135.06403,71.36998,246.19353,0.002077772,0.0025453635,3.641201596526854,-703.17926,71.54616,12.867942,17.282421,6.48201,3.666998,-4.6784835,-1.0194457,-0.18558371,5.090634,-2.2705312,5.4740796,-1.1652855,sad
155.59248,73.60316,231.36945,0.0018190779,0.0021279454,3.3928255875596394,-711.6397,69.40672,8.623326,16.597706,7.9755144,-0.40032697,-10.039372,-1.5091442,-1.530362,3.2588894,-5.7517815,6.592904,-0.10118366,sad
143.59572,73.16634,201.11061,0.0018993802,0.002434563,2.9096728436596413,-710.0423,65.11189,6.497134,14.327935,6.996817,0.3384773,-7.0580106,-1.269232,-1.5819213,2.1703517,-2.5761092,4.5338874,-1.8448143,sad
152.59769,75.94794,236.68604,0.0020089443,0.0028284236,2.3738432150739044,-704.4846,63.690205,6.52002,11.533953,4.1612144,-1.9545603,-8.915209,-4.1008034,-1.4067528,1.5230533,-4.551123,7.3196526,-1.264291,sad
153.61836,82.69488,229.59973,0.0034523592,0.004518782,3.5963811414763893,-660.15173,64.20225,0.31640032,17.086153,3.0959995,-2.5840821,-9.7464075,-3.3614686,-4.1438837,1.8986287,-4.956057,7.488165,-3.600151,sad
144.78374,71.73408,244.30069,0.0024948185,0.0032085027,3.632717158912455,-673.2056,57.890556,8.200388,17.848665,4.4245486,-1.5889285,-8.976111,0.25623387,-2.5567539,2.02825,-3.25436,4.351145,-2.2848089,sad
129.66318,70.820435,229.13853,0.002648443,0.0034196689,4.655476549855426,-688.2738,68.21663,9.115482,11.4678755,5.6335783,1.1387242,-5.0341578,-3.1584992,-3.7719758,4.057664,-3.2588174,7.5858316,-1.521813,sad
131.26396,66.531944,202.0841,0.00197596,0.0025360838,2.497512243663538,-708.735,60.772022,15.666278,18.072306,8.494926,3.1760066,-3.1102986,-0.017445706,-2.8970966,3.0554233,-2.2721322,4.8764143,-1.4079723,sad
147.26071,75.788826,230.96463,0.0055043716,0.007107876,2.618705559293677,-600.42944,49.07952,-4.534225,13.190784,-1.896946,-2.0469706,-4.2234383,-9.140183,-5.1712766,-0.96573234,-4.8414097,7.0568075,-5.5212054,angry
152.09862,68.77751,233.519,0.007464987,0.009521355,2.5446191906697293,-562.01636,43.76876,-6.2570343,9.056821,-3.8922014,-2.385748,-5.9568844,-8.551051,-5.2776966,0.017779583,-6.364393,6.118279,-5.675499,angry
174.16293,80.93434,248.87802,0.0071614846,0.0093499385,3.8849769329494603,-555.1802,43.126465,-5.09204,11.500177,-0.5850063,-4.0754604,-5.4086246,-13.686268,-7.378526,0.096907794,-8.505014,7.154259,-5.726262,angry
143.96889,63.86356,234.4255,0.009177273,0.011892815,3.5607648226108566,-552.81934,40.862366,-7.30226,8.813789,-3.6546285,-4.739155,-8.619911,-13.417959,-7.7720747,-1.178625,-9.315292,4.7284,-7.1800556,angry
177.13011,90.66478,249.11977,0.053247493,0.08300318,4.631679324319722,-346.33276,13.397866,-12.956175,-4.190951,-10.43268,-7.585283,-10.400049,-6.4630847,-8.764157,1.7452908,-8.400546,0.21169043,-5.0409284,angry
200.38483,63.20549,247.09155,0.028565656,0.040350597,3.9803907221775083,-411.353,33.105694,-5.944068,7.2825437,-6.6075797,-8.635564,-3.5173676,-5.442981,-5.069015,2.4826858,-8.43111,3.6402774,-4.3830276,angry
178.26744,92.12067,245.37466,0.04260258,0.052570898,3.641201596526854,-395.47275,19.499796,-14.161879,-6.138322,-9.070949,-7.454795,-11.869758,-8.18138,-10.039876,3.3085463,-6.6235604,2.328293,-6.9374857,angry
181.8405,79.10216,245.69125,0.090091534,0.121811904,5.034914736116523,-312.6154,4.078807,-17.515005,-14.145942,-15.056305,-7.1189117,-13.996258,-6.1979346,-10.9319105,2.1057847,-8.223564,-3.992289,-9.410962,angry
165.33257,79.548645,244.81601,0.001160733,0.001620386,3.169914628435575,-751.84094,38.964073,6.292921,7.3467383,-11.619474,-2.9993389,-10.514668,-5.6273084,-5.410752,-1.4767053,-6.8036437,-1.7058667,-4.326369,neutral
141.60207,80.92436,244.47302,0.0010758371,0.0014973396,4.195777998389121,-748.71967,38.65934,6.532787,7.2259665,-9.463096,-2.9285917,-11.370197,-2.6274803,-4.048872,-2.5178425,-7.4761176,-1.3110133,-3.5557013,neutral
144.65779,86.27792,243.58882,0.00153387,0.0020552247,2.0171820686922537,-724.28986,36.00295,3.5444486,4.618306,-8.397799,-3.878656,-14.213422,-4.5512056,-4.733241,-3.1382637,-7.727298,-1.7431946,-5.6629987,neutral
154.2835,82.385506,217.60236,0.0016509121,0.002140696,1.9606470135144598,-719.42224,39.700886,3.988538,1.9107829,-10.985794,-2.3315449,-14.988971,-3.3959231,-6.16127,-2.9090152,-7.0709186,-1.7762648,-5.8740106,neutral
183.20073,41.108868,205.07559,0.0016692062,0.0024108617,4.01384777482314,-702.02704,33.82004,-0.12366142,3.8525658,-12.71683,-8.873894,-12.32028,-5.8750134,-7.783208,-4.4375668,-8.466718,-5.0304804,-4.2437415,calm
200.431,56.046368,235.58475,0.0009788694,0.0012262287,2.800924305020657,-771.4652,35.98457,5.775716,8.107239,-8.406911,-3.3801677,-11.022578,-4.5872335,-8.793169,-2.333791,-8.899062,-2.6853032,-5.3509727,calm
219.85802,51.98439,226.28304,0.0017465309,0.002372998,2.350564686438344,-709.80255,22.292505,6.8388634,2.217444,-8.715814,-5.4496207,-12.962148,-5.365045,-8.288456,-6.0221987,-8.98764,-4.6612864,-5.6412144,calm
211.59244,66.01482,248.04163,0.0019143531,0.0025880886,1.998001998001998,-717.4489,28.704924,4.0771494,5.155015,-10.687563,-4.537264,-14.097633,-6.0073323,-8.151707,-5.771968,-10.291721,-4.86877,-6.547737,calm
188.21924,41.671875,225.52885,0.00056333205,0.0010065365,2.325243423920942,-771.9559,39.33837,6.093522,4.3871036,-9.161193,-3.3832653,-10.556338,-4.4746675,-4.0118756,-1.6305524,-8.455488,-1.76191,-6.044215,calm
217.3073,41.9715,225.27026,0.0008049718,0.0010513539,2.305364775947361,-763.65875,29.610485,3.9996672,6.993894,-8.928644,-5.1510024,-10.218676,-5.1839366,-8.073641,-3.3086326,-10.374905,-2.9833915,-5.2599583,calm
195.54689,56.217728,225.71956,0.0009321799,0.0013525697,2.943488368203636,-771.90704,39.80043,5.744032,0.5758148,-6.315733,-3.054692,-12.763923,-4.0931196,-4.5880966,-1.2855582,-6.2236905,-2.0848343,-3.742344,calm
202.76512,52.84377,241.74132,0.001458494,0.0016585815,2.3869908995971953,-736.67505,34.811707,6.3876586,3.4933228,-10.142244,-4.334953,-15.537207,-2.359202,-8.390368,-3.453748,-7.235337,-3.530103,-5.5747523,calm
159.37108,91.80218,246.75977,0.010551081,0.013262386,4.859939250759366,-527.58636,22.456684,-15.895561,12.292683,-22.412298,-6.427868,-15.42944,-4.5899186,-6.5922327,-6.8950257,-0.3556043,-5.73091,-3.1073399,happy
181.58194,88.03577,244.01123,0.01017249,0.012753675,4.086775874399755,-548.0972,26.394112,-15.075268,2.774965,-16.17084,-7.293372,-12.372964,-3.107543,-6.110083,-5.8968844,-6.160305,-8.185624,-3.2268527,happy
223.74004,54.91839,242.43494,0.0062253284,0.009056513,1.7629235148287576,-590.66547,22.936487,-10.250006,3.9602706,-15.503655,-12.970217,-19.405735,-3.4390562,-9.768799,-6.8240075,-4.8328915,-4.6719356,-8.075818,happy
201.88643,69.619156,239.5178,0.0069379583,0.0090356385,3.169914628435575,-588.6107,23.074993,-10.914702,2.5207214,-14.939221,-9.675681,-15.888687,-7.2891264,-9.303475,-8.358203,-6.1457367,-7.023601,-7.6120853,happy
132.47722,81.43269,245.12361,0.025193995,0.031710938,4.508760588128036,-442.4983,11.729103,-34.023464,2.2556384,-27.886938,-9.542468,-12.8850565,-10.105034,-3.0134516,-10.120222,5.464761,2.3025844,11.170509,happy
164.33023,87.393005,244.02376,0.020578949,0.026107464,5.084207181442644,-451.44196,11.019691,-31.73993,3.9664583,-26.601692,-6.3613014,-18.079237,-5.937723,-7.334697,-8.158587,-1.0367863,-6.95448,2.9585505,happy
131.89902,81.318665,227.47577,0.029026521,0.03785893,3.648505578630181,-438.60165,3.9991643,-41.713367,5.3924103,-29.350866,-11.986772,-19.817778,-8.450635,-4.250375,-9.150434,3.6998978,2.206896,10.524854,happy
130.2805,70.84988,228.02095,0.025779251,0.032638703,4.281437626478016,-460.9372,7.1232176,-33.183426,6.1678395,-25.621262,-10.930388,-17.544119,-11.654614,-6.9379177,-8.6273575,5.5055747,10.283451,11.497441,happy
168.37141,79.26223,227.52951,0.0016618823,0.001965943,4.01384777482314,-696.8244,43.773735,11.321824,11.754995,-10.5797,-4.9879866,-13.103261,-3.6315942,-8.146716,-1.4120821,-4.86332,-1.0530419,-2.9046123,sad
191.89676,62.862297,216.83017,0.002339643,0.0028396018,2.497485171181796,-696.9926,43.150524,4.6349673,4.653166,-10.581664,-4.8162913,-13.08467,-3.087377,-9.088864,-4.6570687,-7.6187224,-4.327054,-3.3854017,sad
152.70412,95.6562,245.91447,0.0017237522,0.0023674604,2.774983523535329,-672.91113,31.095251,4.6473947,7.264015,-12.861792,-4.625311,-17.252748,-2.4240634,-7.071337,-3.18572,-6.591911,-1.6685144,-5.403198,sad
144.80864,92.00185,243.2432,0.0024093057,0.0032827556,2.2618837250397594,-664.92786,38.85033,9.409217,6.4328156,-8.024796,-4.976483,-16.26865,-2.9917574,-7.6709194,-3.1693285,-5.0550528,-1.4718097,-4.6394444,sad
187.26726,80.34302,241.85089,0.0033388066,0.004416635,3.1003245652279223,-607.9915,26.638401,-4.4012246,1.7420458,-14.174477,-5.6739974,-18.757212,-4.640474,-6.121335,-2.290456,-4.530754,-4.8100605,-3.783953,sad
200.15263,77.653305,240.53598,0.0021087558,0.0027423378,3.5418724244797875,-666.989,36.399612,-3.7657478,8.114279,-12.306926,-6.020915,-16.452038,-5.8234615,-3.362474,-3.3549917,-3.2327852,-3.2984924,-0.9188992,sad
202.69272,77.210495,247.22432,0.004362584,0.00615627,2.1796137996798692,-599.5286,30.686134,-6.8191514,0.82964104,-17.001955,-8.26143,-20.332277,-6.9973526,-7.7150393,-6.1769414,-3.8664603,-5.7211823,-5.2025895,sad
219.34148,63.93771,228.2588,0.0064568464,0.008437964,4.098426268350863,-568.5521,26.582811,-15.920629,7.0882792,-24.977482,-9.019448,-24.053438,-9.615019,-5.686322,-11.735724,-0.0047525186,-9.335546,-5.1431193,sad
192.93266,82.83705,246.28938,0.005573211,0.008911782,4.439973637656526,-587.583,24.625978,-5.802764,0.86428905,-15.855924,-3.0540295,-12.814226,-3.9366899,-8.396983,-6.7139516,-7.6973596,-2.610732,-2.2277198,angry
180.81212,89.21684,244.13725,0.0070195557,0.009405349,2.1599730003374957,-568.6293,27.43964,-7.6388555,1.7438464,-17.283781,-2.9855814,-10.838357,-6.126183,-5.171593,-2.0320666,-4.850303,-1.7042873,-2.7672255,angry
194.1904,71.12356,229.88937,0.008500812,0.011562559,3.211078219858512,-544.74615,21.281736,-9.515581,2.9722185,-22.413431,-4.823785,-16.91538,-8.841173,-8.315749,-3.995222,-6.716604,-5.550124,-6.7155857,angry
194.86008,77.73698,244.1216,0.008896443,0.011305443,4.354577910122793,-540.756,23.836903,-14.262131,-2.7651947,-21.58807,-6.6891403,-17.456478,-10.602268,-7.793855,-6.101061,-9.415471,-3.3864946,-3.1843786,angry
159.9716,78.85504,233.77612,0.04974164,0.07190915,4.6828126143264805,-364.0782,21.841112,-31.72035,-3.89322,-31.058826,-4.5546823,-15.225499,-9.249016,-6.545786,-4.805869,0.05663362,-0.21802571,6.149348,angry
147.89679,79.60654,232.49014,0.03592772,0.049107015,4.804323891502352,-389.4008,17.477533,-32.29183,-4.925413,-32.516758,-4.5970263,-17.44899,-7.8283176,-4.4713516,-2.644364,2.6911323,0.92407715,4.6945095,angry
150.3382,82.71626,245.24649,0.049480524,0.06910263,3.8361255132316363,-364.9665,13.695961,-35.99246,-10.219307,-30.906446,-3.822411,-18.820541,-8.717218,-3.4313521,0.056468703,3.3042657,0.7581748,2.4609766,angry
198.55794,88.08777,249.31474,0.034820363,0.04947664,4.086787472861177,-414.60342,19.61913,-24.1048,-5.4551225,-29.888361,-1.7537602,-20.849804,-9.779185,-8.122089,-6.4937253,-3.9327796,-3.6591246,1.828979,angry
128.9846,65.71343,229.52536,0.0045100413,0.0061396286,3.5607648226108566,-624.08215,64.272514,-5.8168254,18.509806,2.0653725,-0.25868186,-0.9970175,-4.3866854,-2.961034,-0.9172117,-0.3863477,0.03565272,0.98299295,neutral
126.5468,71.94116,238.29501,0.0037120476,0.0052142614,4.3645092654894615,-641.7221,66.806046,-0.89302146,22.304731,2.4117672,2.7874496,3.467763,-1.1882188,-1.3573903,1.633553,1.9575974,1.7070823,2.8440225,neutral
125.69504,60.669724,189.301,0.0044745295,0.0058243047,2.618753182512548,-627.0995,72.87061,-0.31102428,19.73258,6.406797,3.2384288,1.4286857,-1.3161827,-2.796884,1.2581619,2.9280288,2.331799,2.559192,neutral
135.6424,71.34061,228.57257,0.004433621,0.0061229146,2.350564686438344,-624.7872,68.151886,0.4002198,19.833124,2.9154878,2.4687328,0.5114217,-4.607929,-0.46142358,-0.33746487,1.9915291,1.6530952,1.6014576,neutral
126.949974,58.557213,206.97081,0.0026716676,0.0036709604,3.0810167355227223,-643.95703,76.734375,2.5150998,19.316387,3.5493448,1.4769762,1.5737144,1.4511918,-2.644357,2.6209378,3.1911373,-0.5933433,2.0388849,calm
121.58751,59.79889,198.29659,0.0030054264,0.003939212,3.361109166024788,-638.5825,65.4157,1.6278155,20.431932,1.9592922,3.9882073,-2.8016908,0.4397305,-2.1395633,0.24012157,4.9125814,-2.1912122,2.5769706,calm
135.09435,60.687904,226.39748,0.0036341527,0.0034478076,2.943488368203636,-599.5298,70.237335,-3.6610599,22.257317,1.5248451,3.890271,-4.35987,-3.0855625,-4.71881,-0.40318763,8.265984,-3.4625494,0.77041703,calm
126.02077,65.48151,213.82974,0.0032874544,0.00421811,3.361109166024788,-637.04694,68.89329,3.9895341,18.46863,5.2075872,1.9109952,0.41306397,-1.3584815,-4.382224,-0.2184405,3.9790974,-1.1115046,1.6672848,calm
126.698875,66.46108,225.57022,0.0032696354,0.0041387943,2.9969689745598203,-639.1653,70.29521,3.1792114,18.212345,2.279064,1.5710347,-0.6155874,1.4884648,-4.1894283,2.6851237,2.8490486,-1.669827,2.176726,calm
143.983,70.81328,223.54514,0.0032981148,0.00430818,4.206306173082927,-629.1382,74.72188,5.599565,20.739637,3.231024,3.236567,1.4048187,0.59831345,-2.4738333,2.178304,3.3757179,-0.97636044,2.7512796,calm
138.9805,62.768276,222.07996,0.004084285,0.0047420287,2.793783830976078,-605.72437,80.23925,7.731042,22.088474,2.4248872,3.7776055,0.42831612,-1.8186344,-3.775533,-2.0764463,3.5932226,-2.0265217,2.217239,calm
138.26523,59.948032,214.07465,0.003320806,0.003145557,4.994970342363592,-619.0818,67.4903,7.0412436,21.429684,4.5177965,6.353398,-4.508485,1.0135503,-1.2588377,-0.055423424,3.7211337,-3.2903953,1.2670952,calm
128.3825,76.4291,229.50372,0.0054322686,0.007537361,4.113488201267101,-601.7146,63.425255,-11.791625,21.98338,1.9978571,-4.1508284,0.68604255,-6.4946966,-1.9626106,3.0178335,0.15142374,1.4646411,1.4502686,happy
126.83856,62.78559,229.41588,0.006459412,0.008883771,3.5963811414763893,-584.0968,62.775375,-7.6138015,20.629402,2.1448526,-0.599132,2.345645,-5.3537803,-0.36679572,1.7276677,2.8756855,0.5662451,0.52192485,happy
140.58513,76.29172,229.50438,0.0051722787,0.006724502,2.0978889991945606,-596.4881,64.972015,-9.719525,22.431955,7.6285367,-1.2239598,-1.6338435,-3.1363208,-2.129948,1.9091412,2.3199983,-0.0023586683,1.6622757,happy
129.09166,74.82199,249.54872,0.0063933195,0.0084811505,4.073541981123498,-583.7806,61.698658,-9.182048,20.939121,5.98605,-4.3886504,-0.22251165,-4.926916,-4.436367,0.2864872,3.1397586,0.07318374,1.942175,happy
128.1841,67.1978,183.92139,0.014335294,0.016980933,3.361109166024788,-519.9002,45.153557,-2.0286098,22.904413,4.62313,2.850758,5.9103036,0.033533793,3.638983,4.2621684,3.798887,5.4989367,2.9766421,happy
128.33237,65.5207,220.75563,0.010569239,0.014305851,3.746262742696589,-523.0056,55.717,-14.194332,23.639679,3.746144,-4.306532,3.6796849,-6.4253893,-0.85406935,4.3933454,0.57584697,0.770385,2.3168254,happy
142.45691,67.54598,221.46938,0.0130759915,0.016521798,3.943412037265244,-486.76917,50.965286,-12.817156,20.651424,2.6317496,-5.8619676,0.42252004,-8.258047,-0.7250549,1.2487541,0.20337416,-0.2093451,0.2965241,happy
124.635445,74.979095,226.28693,0.0098669,0.01300065,3.2640344207266185,-552.02484,48.735626,-13.500687,22.835608,1.7281913,-4.2446046,-0.16216649,-6.6920366,-0.6135122,3.9961262,2.10301,-0.7621845,2.0814161,happy
145.8897,78.29467,224.86032,0.005142997,0.0070391167,4.566861709718853,-605.2439,62.30034,-3.9592402,21.781096,1.6996456,-0.4882597,0.9281539,-4.049045,0.0998548,-1.1126595,-0.27999148,-0.48576564,-1.0198711,sad
147.81252,77.89049,218.68164,0.003671857,0.0047160797,3.632717158912455,-651.52374,65.616264,1.2470055,26.024044,7.8628507,5.9418607,4.719612,-2.772671,5.944488,2.9282584,7.8676095,2.811382,3.185828,sad
112.362045,68.05855,229.76732,0.0046961852,0.0064201914,2.42181143927497,-609.04364,59.129433,-2.332459,21.930552,7.366471,1.6658396,1.4202523,-1.1599885,0.9748976,2.1033971,4.285204,3.3913293,2.0117335,sad
177.84956,81.10722,227.20448,0.0041456786,0.0050811637,4.450956028263571,-609.2884,72.558205,-3.0476308,23.054113,6.294555,2.373969,-0.31194875,-4.3788238,1.4044139,0.41395313,-1.3659968,-0.35920587,-0.014300688,sad
128.59714,79.79495,226.99721,0.008438964,0.013315295,5.198876125308205,-557.36554,53.327435,-1.9144188,19.423056,4.9678082,0.666094,1.2472532,-3.1247158,0.7034472,0.86918163,4.697941,2.3203275,1.2297028,sad
123.55993,74.66913,226.49701,0.008518,0.011792351,4.113488201267101,-551.7592,51.480427,-3.1702287,15.944494,6.793189,0.9704398,1.0384215,-2.9757807,1.6358258,1.5027943,2.3975966,1.862443,0.7278783,sad
145.57541,82.2531,248.75156,0.005998733,0.008477233,3.3928255875596394,-580.857,50.467308,-11.986972,19.88578,2.8218737,-2.782307,-0.87958044,-6.924257,1.4166096,-2.4282734,-2.6594071,0.7011385,-1.0314448,sad
144.3725,77.61161,220.97899,0.006962979,0.006590342,4.655476549855426,-586.8981,61.04092,-5.0627346,23.612745,9.388591,2.1936712,0.19252989,-1.0477961,3.5681949,1.7214965,0.6541949,2.5878134,3.3299303,sad
132.38062,74.08186,237.94165,0.009627868,0.013832515,4.6741820181468245,-517.7758,49.21489,-8.072363,17.514929,-1.6138256,-1.397552,3.1411335,-5.1718574,-1.1300962,0.9880549,-0.55256337,-0.05549541,-0.4564585,angry
136.69301,73.74969,221.53368,0.014551656,0.019610247,4.7174719900100595,-502.96848,46.416206,-11.35951,11.610105,-5.4826674,-2.5780196,2.0467532,-5.7900367,-0.23423825,-1.9135377,-0.59016925,1.2840465,-1.6403798,angry
141.4408,76.79679,230.70992,0.010885586,0.013537536,3.5099561255484306,-535.42865,56.488045,-10.764822,19.442287,1.6569914,-1.7743288,3.774719,-4.2809763,-1.2114403,-1.2194098,1.371447,1.3400913,0.44290096,angry
129.82944,68.33994,218.87074,0.017619697,0.023853645,3.6755610531896092,-493.33102,39.210373,-10.562029,10.856494,-4.229992,-4.1469603,1.4863008,-8.583955,0.57035923,-2.5665505,-1.5313236,1.7850053,-2.5655205,angry
151.80388,89.63296,239.483,0.021103868,0.030331632,3.6755610531896092,-468.3148,31.475489,-14.363631,7.7222977,-7.874579,-3.1975603,-1.4950694,-7.6624303,-3.8669288,-3.4469032,-5.046146,-0.5924601,-5.6639624,angry
151.20212,86.17289,231.37808,0.025494779,0.036290776,5.35170752918353,-440.8373,40.342873,-13.936627,8.831729,-9.100046,-4.1833878,0.6373374,-9.139869,-2.914009,-3.1804345,-2.1145008,-1.5968089,-4.6018634,angry
125.248146,61.99912,213.86766,0.01664239,0.022219522,3.746195270428471,-483.45132,42.383278,-7.8330336,16.930494,3.0945156,-4.0046835,-2.0929878,-4.0715294,-2.1550627,2.2070217,1.3815022,2.2043593,-0.25506094,angry
154.48886,83.148796,248.60144,0.030137151,0.044660613,3.6074785805959277,-423.00803,32.224586,-11.612844,10.626242,-6.337408,-4.836222,-2.2138603,-8.135763,-3.9892075,-3.9503639,-1.1454034,-1.9739504,-6.31348,angry
174.32971,39.594994,176.06125,0.0029916575,0.0036790534,4.01384777482314,-649.16864,53.736103,4.540788,8.276859,-7.213784,-10.180933,-9.044987,-6.800234,-4.481944,-8.113509,-4.13235,-3.4114513,-6.1793566,neutral
166.04385,45.347454,170.88528,0.0031919705,0.0040361043,4.5489513998060005,-658.153,53.948895,4.322564,10.646059,-7.873735,-10.400414,-8.791628,-5.386033,-3.4821312,-7.5530496,-4.398046,-2.9624493,-6.333465,neutral
183.76407,50.62786,218.3277,0.004689152,0.0058563417,2.774983523535329,-619.4272,47.075356,1.8978773,8.349541,-6.525732,-17.131636,-12.588621,-6.433116,-2.160681,-7.4132786,-4.117994,-3.1363156,-7.5341663,neutral
184.28557,45.310165,205.21432,0.004358073,0.0056317016,2.800924305020657,-631.36035,42.052277,3.912092,9.1818695,-7.2022595,-12.692686,-12.249071,-4.832537,-5.94272,-5.7973375,-2.917965,-5.512623,-5.466865,neutral
177.27644,36.98604,231.69391,0.0023382835,0.002863677,3.510015356317184,-695.90234,51.854538,2.017558,7.6530085,-5.788444,-10.686775,-11.019376,-1.5324382,-4.873076,-8.005234,-5.5394154,-2.0302205,-6.860749,calm
184.34929,43.945835,201.37035,0.0033360685,0.0040480415,4.133766086970563,-635.7251,51.209557,4.623275,11.779127,-7.2585444,-13.250731,-7.4120183,-4.11511,-5.970748,-8.416357,-4.055814,-2.8167424,-4.115075,calm
184.43669,47.35327,235.4299,0.0030708737,0.0040160283,1.8402589507237805,-660.0938,41.791054,7.2081122,9.703836,-6.7398033,-15.043558,-11.010296,-6.702592,-5.242943,-9.311989,-3.7457674,-1.7452103,-9.161808,calm
174.355,40.200523,210.37201,0.003954103,0.0050670546,3.8143241494397713,-630.47644,39.895954,5.7588215,10.340245,-5.980328,-12.739796,-12.7454405,-4.286011,-4.0298877,-8.331786,-4.5067286,-2.7272594,-7.9400244,calm
178.75525,53.310406,219.19452,0.0031877717,0.0041727144,3.6170453260992423,-641.68353,45.848515,0.0914895,6.254166,-7.925834,-10.629248,-11.963066,-1.8913971,-5.307098,-7.8838124,-4.9747267,-2.7553453,-5.1567936,calm
168.04124,54.936466,220.79077,0.005304364,0.006411065,3.8097052240582885,-602.62915,50.393974,-2.1295478,12.692573,-3.9500945,-10.847057,-9.795372,-4.0868487,-1.7924093,-10.184187,-6.848685,-0.93873334,-7.5381737,calm
175.44952,39.25976,185.15826,0.0028950751,0.0036990808,3.417623765629878,-661.78217,43.832912,3.688852,6.2120624,-7.2865934,-15.649989,-11.145663,-6.117383,-3.4020388,-9.623438,-6.703029,-0.58721584,-9.4947815,calm
165.3714,39.870186,231.69739,0.0030542552,0.003538809,3.417623765629878,-660.6485,47.16571,2.5103788,5.602011,-5.2357826,-17.646173,-11.250433,-6.3509645,-4.803084,-7.654842,-4.6447587,-1.0462359,-8.138311,calm
187.55019,51.931606,194.42163,0.007151124,0.009285037,3.5099561255484306,-583.63153,32.976368,-10.283764,7.878996,-9.260738,-10.256576,-13.011667,-8.086224,-1.421347,-10.040132,-5.1534305,-0.512956,-6.934823,happy
176.75142,66.84117,233.6698,0.008261559,0.010833272,3.8143241494397713,-557.0798,32.975597,-5.4685516,10.166275,-7.0858665,-8.698732,-11.222106,-3.1823008,-1.5240598,-8.0574,-3.6890357,0.04511351,-6.028703,happy
174.4592,43.0058,154.86133,0.0069645774,0.009181463,3.478668071513388,-568.97925,36.46984,-5.4819393,8.4025135,-6.699379,-13.18617,-12.942837,-7.439682,-3.299222,-8.535045,-6.344936,-1.0629251,-6.9723077,happy
193.82849,52.55786,245.4003,0.007353522,0.009518332,3.269420699519804,-573.24243,31.990625,-8.68243,7.3596573,-7.5567083,-12.688341,-13.86921,-10.021934,-0.7916675,-7.2247977,-7.579396,-1.3852735,-7.4174976,happy
205.6691,61.99351,242.74963,0.012005806,0.015214292,3.4478757438626153,-524.96857,30.037655,-13.828691,5.287598,-9.492754,-10.274491,-14.722439,-9.289043,-0.7626862,-8.628878,-7.0003295,-1.0628437,-7.80673,happy
155.56996,81.32697,248.94066,0.020638717,0.029324299,3.9212940270289196,-444.85986,23.735477,-14.960687,8.322349,-12.353448,-11.892561,-9.367589,-8.039176,-0.021688428,-8.065314,-5.43966,0.81743985,-6.291046,happy
214.97809,52.49962,235.77948,0.013812589,0.017098911,2.6522121106635503,-510.32428,23.847656,-8.920977,4.9968395,-13.554469,-17.191753,-15.505567,-10.268179,-3.2908335,-11.864779,-7.438216,-3.7783535,-8.02789,happy
190.12416,54.75403,214.27722,0.011104382,0.0145196,3.680517901447561,-526.3311,30.501787,-10.215351,5.8615117,-10.512331,-13.511838,-12.692576,-8.857039,0.8008056,-7.1800804,-6.9175277,0.30564305,-10.939534,happy
183.24811,51.25068,204.73438,0.003293648,0.00438697,4.201386457530985,-656.62585,38.28498,1.5461184,9.0748,-8.620419,-7.389123,-15.3352785,-2.219667,-5.2908144,-7.444243,-4.770593,-0.0036471912,-8.127076,sad
195.00958,49.91621,216.63058,0.0029545086,0.0037445007,4.949133901567226,-654.60815,54.619663,3.0600455,8.949588,-9.970477,-12.687472,-15.354859,-5.710082,-3.9526267,-9.351509,-5.0917645,0.80347836,-7.800929,sad
184.49059,48.787395,209.047,0.0033730515,0.004224836,3.2320264438527224,-669.6757,42.3965,2.203758,9.226609,-2.5442572,-11.023959,-14.407341,-5.729155,-1.979174,-8.944309,-6.4586024,-0.43412793,-7.441078,sad
189.00087,37.830894,179.20529,0.0030425375,0.0036334842,2.854288568574283,-679.7957,43.088097,5.884,10.074546,-3.8711832,-13.079404,-14.511475,-5.4902544,-4.7505956,-9.014863,-6.560615,-1.8202312,-6.708098,sad
199.8081,47.50716,240.30302,0.0043747327,0.00549255,4.01384777482314,-593.86017,45.10752,-13.097842,13.272417,-9.479207,-17.238691,-24.453165,-9.536557,-1.6094321,-12.783019,-4.8209925,3.8676724,-12.61532,sad
209.28699,59.09556,217.0652,0.0035871775,0.004436604,5.257882716353659,-622.4979,42.942657,-6.0106287,8.79875,-6.473143,-13.193681,-18.451576,-7.9262505,0.38092977,-10.765011,-8.281144,5.3984666,-9.9622,sad
224.42584,42.5306,242.50723,0.0053219735,0.006777498,6.200649130455845,-607.52576,45.48171,-1.3925536,8.19391,-10.233915,-19.473074,-18.900085,-12.466662,-4.37734,-11.371509,-8.430668,0.07387693,-12.097695,sad
210.64717,57.606247,248.5679,0.005912428,0.0068511576,5.35179703309752,-580.3336,44.84092,-8.781911,9.45112,-8.653005,-22.744831,-21.446495,-4.6761923,-2.6509216,-13.254269,-6.837342,3.0095809,-8.622945,sad
176.97679,66.52504,241.27962,0.012762761,0.016077269,4.5332200028332625,-501.5216,33.156708,-3.0735624,6.212813,-11.687865,-5.448013,-10.851123,-9.83812,0.61980283,-5.9175563,-3.684104,-0.2017519,-6.1103544,angry
181.58302,71.632515,248.3995,0.015622624,0.021981452,4.495504495504496,-476.3754,32.096592,-4.913113,3.2521706,-11.452247,-6.020774,-7.3802123,-14.197226,0.15286265,-6.585488,-6.081258,0.86751646,-6.0551944,angry
185.20369,55.41582,245.56364,0.011961943,0.015588665,2.56151641771929,-531.35126,28.876137,-3.909083,-1.2318199,-12.261795,-6.2293077,-13.821041,-13.465743,-4.144752,-5.8244905,-8.274013,-2.097565,-7.560026,angry
180.72643,65.647934,247.34998,0.01797994,0.022968661,3.8422746265789347,-479.89304,29.851961,-3.1805778,6.6105123,-11.622428,-7.6342425,-13.475418,-13.492513,-1.6546072,-6.89435,-7.802589,0.94650084,-7.6078234,angry
180.64943,75.19125,245.30725,0.025969328,0.037063215,3.5258377799814267,-419.0517,26.59362,-7.8739266,2.277513,-17.331602,-6.614464,-9.631223,-12.984586,0.29043096,-8.322159,-4.384778,-0.7940792,-7.4396563,angry
176.96263,72.23272,246.7456,0.038819406,0.063807495,3.211078219858512,-406.9072,19.893427,-17.531746,1.6764101,-18.276373,-7.3043895,-11.305352,-16.930761,2.2555144,-7.935564,-5.707692,-1.8297129,-8.229218,angry
172.25345,76.53319,249.86366,0.03995913,0.055592448,2.6289413581768293,-426.7707,17.514496,-16.250145,3.5370352,-17.88578,-4.9063,-10.740416,-18.151072,3.3556993,-9.175204,-6.3597035,-3.9746356,-8.474584,angry
183.58908,81.19327,245.83405,0.029631015,0.041419104,3.1935147085917825,-434.76813,20.933636,-12.486872,2.0135958,-16.398481,-6.0747514,-9.217837,-16.240541,3.9080791,-8.384557,-4.0420094,-1.3969251,-8.716843,angry
111.94344,63.29254,237.54932,0.0040589967,0.00530448,3.127290495968727,-627.7512,70.229454,6.396615,24.430525,9.892731,10.704897,-0.120880604,-8.426884,5.730924,-0.07099222,0.17734362,6.0619264,1.9063941,neutral
122.037,62.27668,235.5152,0.003978423,0.0055624023,2.5688597117168546,-637.2855,65.37573,4.346306,23.225426,7.164968,9.915258,4.273854,-5.7095714,3.3448658,2.507864,-0.0008424195,6.846492,1.2759823,neutral
119.77859,61.23477,218.64334,0.0048266337,0.0063862517,2.2834308548594264,-625.9272,67.73696,5.726541,21.640936,6.5139866,10.856211,1.6528891,-10.535369,3.1549804,-0.6001157,-1.1259873,6.430248,-1.410036,neutral
116.13066,63.595287,183.42117,0.0046645915,0.0064541646,2.5935665141745616,-614.69995,64.87357,3.3176072,21.031202,5.9060373,12.729552,1.1216191,-11.318972,5.050585,1.1535498,0.48276755,6.528674,-1.5482831,neutral
118.32538,65.104935,245.04526,0.0036727842,0.005307697,3.1397174254317113,-641.3141,61.050743,4.3458886,18.856123,10.105087,9.847936,-0.43699902,-4.2395716,3.3384132,1.6396034,-0.14316253,6.6557946,0.22411178,calm
96.27807,49.669144,223.7449,0.004487309,0.006104732,3.3928255875596394,-636.7169,63.299,12.29455,22.33117,10.727156,9.537971,2.1299117,-4.628158,3.8974183,1.2710011,-0.40580183,7.2780266,-0.7178913,calm
95.95648,45.66413,207.57802,0.0046147685,0.0060378574,2.675853764591765,-631.7317,66.31501,15.615926,22.551105,9.129902,13.049572,1.3740454,-4.5495887,4.842964,-2.0625489,1.2383173,3.528281,-1.4995921,calm
105.61859,53.465385,221.54175,0.0050478815,0.0061311526,2.6522121106635503,-621.3742,68.03865,10.552358,19.53516,7.8267007,11.169081,-1.9238739,-9.342345,6.2251368,-1.2196097,-1.8014538,5.223279,-2.3423944,calm
100.40061,51.46173,222.81216,0.0039141765,0.0048024864,2.325243423920942,-628.7036,65.78228,9.164002,29.611446,13.210885,14.510886,-1.6018549,-5.5583997,7.331332,0.42110267,-1.7235177,3.2873743,-0.42758065,calm
101.40447,54.70977,214.7957,0.0028783267,0.003770515,2.497485171181796,-667.9814,71.570984,14.524632,27.561705,8.268283,13.204013,4.8135266,-0.66868085,3.4883058,0.4472349,1.1533561,5.4983587,0.49995837,calm
106.37773,52.977158,221.83215,0.0044104415,0.005728188,2.8666829546379997,-625.4086,61.858067,15.934369,26.946651,11.388836,9.84828,-3.2203078,-4.7539186,5.931199,-2.3740356,-1.9007429,6.5529056,-4.5856614,calm
108.897766,63.506214,183.21432,0.0032556886,0.004229462,2.8273546562996996,-665.24304,73.299706,16.118647,22.14166,10.622058,16.977295,3.0803506,-6.0894456,5.9103165,0.98796535,1.4818394,7.116773,-1.9868275,calm
128.20076,62.939667,241.55157,0.0057312436,0.008141589,2.017218399913548,-595.34766,57.44768,4.222608,16.695513,7.7612877,8.016776,-4.449898,-5.7314706,0.8541309,0.3447177,-1.9459136,4.759245,-2.0213733,happy
120.74643,58.18148,217.96414,0.007660368,0.010466423,3.958296518819579,-567.5454,51.523067,-2.1315153,18.535471,6.9815702,6.460765,-5.9658504,-8.091122,4.542404,2.201833,-6.035101,6.0385213,-2.4304624,happy
136.37138,69.556725,244.15051,0.009512495,0.013924156,2.3053509356482897,-567.4491,50.518127,-2.918383,17.775866,2.746012,5.235426,-3.3699207,-10.789109,1.0697129,-0.30654046,-3.2109282,6.2052913,-3.8634248,happy
157.74768,72.765205,229.32982,0.00840192,0.0114034405,3.1100901219296695,-539.46063,58.450523,-5.164917,16.033665,0.95941514,9.636192,-14.374349,-13.123285,1.0588518,0.35116783,-5.792477,6.5702777,-3.194889,happy
187.52826,79.73897,248.21921,0.019035028,0.028166076,3.211078219858512,-492.06296,39.41119,-0.5695997,5.0196424,-3.1742654,-0.34806934,-5.9309177,-4.970277,-2.9931462,2.666478,-4.6475816,0.7479302,-5.9763846,happy
182.59761,82.33933,243.1303,0.029224807,0.04648786,3.6548594401973626,-407.48587,30.264143,-5.8908324,3.7888606,-1.7651819,0.94446003,-7.230883,-6.9721756,-3.822887,-0.63557744,-5.9650474,-0.6677174,-6.9130263,happy
180.06691,83.13031,247.71222,0.01828136,0.022760741,2.67589851654876,-476.83914,34.321106,-6.564408,3.9512525,0.14502561,3.1674309,-12.391652,-7.802682,-3.2956784,1.2559743,-8.4631195,3.230583,-7.2110467,happy
166.00941,91.64902,244.5546,0.01817919,0.02383987,2.6289413581768293,-484.2918,33.70404,-4.465339,1.5829916,-0.6803274,1.8861834,-10.407584,-8.034544,-4.3719163,-2.0674536,-7.8548784,1.1211549,-5.5313783,happy
125.81901,63.408737,228.20413,0.0055122958,0.007946276,3.8143241494397713,-595.0813,63.049706,-6.0997972,17.66105,5.2335596,9.78537,-0.56949395,-11.749015,3.2586412,5.6903696,0.75174785,6.430422,0.110473976,sad
131.33504,68.83942,220.29591,0.0064963666,0.00946995,2.5688597117168546,-584.93585,64.08595,-3.1555836,16.611542,5.9205694,9.406179,0.61759,-8.39694,3.229253,3.6274211,0.65474266,7.7860365,-0.38889128,sad
110.37762,50.04324,183.96776,0.004452163,0.006306579,3.361109166024788,-619.59045,66.60087,2.217526,23.196873,3.6610873,12.9811735,1.7749507,-10.356322,3.1717298,-2.18743,-1.8288549,7.899389,-1.9051857,sad
133.91486,68.43063,247.90727,0.006430312,0.009444277,2.219986818828263,-579.2075,59.373756,-3.5082648,17.097742,2.0807276,9.37176,0.29555455,-10.199895,2.2661092,2.0397427,-1.8192976,7.0010996,-2.2877429,sad
136.79698,79.05377,245.12492,0.011748368,0.015387435,3.5418724244797875,-531.8433,53.261745,-12.486308,14.033261,7.589981,5.9579782,-7.759774,-11.874821,7.220279,6.467281,-1.6182026,8.3450365,0.13506332,sad
147.75519,77.203384,242.92172,0.0092688585,0.014410423,2.6999662504218698,-545.2794,49.17436,-10.121421,17.375729,2.6887617,3.2773843,-3.5569785,-11.371806,3.6810992,2.831287,-2.142,6.594202,-1.0906851,sad
167.31354,85.457245,235.5839,0.010189035,0.012620223,2.497485171181796,-519.5053,49.390408,-15.407785,17.488815,1.7386657,6.0414186,-11.199778,-15.311627,2.8955677,5.0645866,-4.204528,9.131625,-0.8601575,sad
161.74976,77.22355,248.14055,0.009112219,0.013838659,3.9212940270289196,-527.5356,46.57034,-14.7041235,15.161906,2.4808605,3.037521,-11.955266,-15.476877,4.1298804,3.30887,-6.3182054,8.91575,-3.3768954,sad
113.939125,57.759647,226.3658,0.0027560391,0.00480628,3.1698575365163983,-636.48724,53.280933,5.460449,21.589674,10.84566,8.578913,3.4164288,1.2602795,4.551249,2.288814,3.0982528,7.0163946,1.0258842,angry
124.8543,69.51869,227.96927,0.0046838196,0.0075526997,3.779952750590618,-581.9693,62.423275,1.9264369,19.816597,4.883384,9.22219,0.9198544,-2.2331464,7.2968435,-0.20991151,0.79646695,5.909483,-2.0039375,angry
126.05009,73.80348,246.8715,0.008776244,0.012749332,2.774983523535329,-556.326,51.860874,-4.3912387,21.450418,0.4098626,6.733481,0.92995906,-10.131711,4.287478,-2.290544,0.20461442,7.049908,-3.5067284,angry
121.623695,65.63861,248.52115,0.004927444,0.0072661866,1.9791482594097896,-607.4714,55.37862,4.0738177,23.30408,6.511492,10.629408,-2.3976996,-7.0712905,6.163679,-2.9910662,-0.089042835,7.605883,-1.8549485,angry
160.91982,88.93484,248.02498,0.025874624,0.040973462,3.1397174254317113,-442.7651,37.65917,-12.633748,16.123446,-0.38083047,0.61001897,1.556176,-8.506589,0.58308786,-2.9708757,-4.2331204,5.0640335,-5.4247675,angry
176.1106,78.17092,236.4751,0.047014773,0.067141026,3.478668071513388,-375.27805,34.22047,-16.227627,13.912338,-6.207131,-2.7877228,-1.4441541,-12.538892,1.1746615,-1.6095911,-5.733361,6.0290318,-7.9211087,angry
135.10768,65.40698,223.33893,0.030930504,0.045125328,3.024470717624416,-453.91956,41.902702,-11.031073,12.363074,-1.1259965,-1.2169303,2.3894863,-11.584402,-2.2069595,-1.1003555,-6.0664997,6.1457562,-5.972119,angry
182.95538,68.84707,229.23619,0.03146698,0.044126913,3.943412037265244,-422.71817,34.01046,-17.321121,16.55411,-2.4302235,-0.11647161,-3.5620978,-14.644992,-0.66470593,-1.9736497,-7.5457416,6.678886,-8.50787,angry
156.74184,47.5437,243.21024,0.0018180248,0.0021518676,3.1698575365163983,-747.83453,51.776493,3.0619678,11.617839,-7.5862074,-0.7968519,-13.146117,-11.096957,-2.9566271,0.035355926,-7.5257444,-3.481828,1.5457066,neutral
162.58192,54.479763,241.82562,0.002107258,0.0024817188,3.1100901219296695,-736.4455,53.861214,2.0469346,9.219634,-7.2459035,0.031182967,-13.545662,-9.630185,-3.3307543,-1.2698538,-7.167251,-5.4695854,1.8748084,neutral
158.40063,52.967316,238.99596,0.0018626584,0.0022150984,2.3053924570440545,-752.89716,47.209343,9.133347,5.0981255,-8.664103,2.7635803,-10.7150755,-11.396432,-2.9266777,-2.501707,-4.426069,-5.676137,0.14591405,neutral
146.43707,44.653027,216.56364,0.0019693815,0.002364903,2.3053509356482897,-753.19,54.140865,2.2937803,5.3341265,-6.846937,0.2317388,-13.752411,-11.679712,-1.9192824,-0.76077986,-6.3183336,-1.4087502,-1.0162002,neutral
173.71849,47.39281,202.04092,0.0027052946,0.0033041036,5.187133028349123,-681.2096,43.473766,0.89295846,10.277709,-8.029414,-0.14106807,-11.495129,-9.680306,-4.59071,-3.4672287,-6.6245227,-3.096579,-1.8715556,calm
161.6794,44.673527,210.65326,0.0024460913,0.0028875836,4.113488201267101,-694.26154,48.700386,-2.8088322,14.329648,-8.723153,2.2178729,-11.987531,-8.653447,-3.6842563,-1.6045852,-7.443683,-4.071391,0.57387006,calm
164.95581,50.30377,231.02765,0.0032911282,0.0038331628,3.024470717624416,-677.97925,49.010475,3.7774353,6.576299,-2.8550441,0.72903097,-12.198945,-8.146392,-6.3982344,-4.308461,-6.3496146,-4.941611,-2.2581744,calm
155.83894,52.627247,238.26958,0.0032839524,0.0039066295,2.5688597117168546,-678.48096,48.71442,4.806869,7.0478325,-2.7612476,0.05821228,-11.294195,-9.941019,-5.0990667,-4.976172,-5.705743,-4.761661,-1.1302044,calm
172.34853,46.79128,227.42801,0.0024078907,0.0028212979,3.8849769329494603,-699.16595,40.441727,0.6262904,11.6350355,-9.376895,1.4754517,-11.646141,-10.271628,-5.251892,-4.585706,-6.836012,-5.327082,-1.815366,calm
161.98663,44.28648,232.92065,0.0021798324,0.002462411,4.439973637656526,-700.0947,47.143494,4.7860746,13.525073,-7.110842,-0.3450915,-9.587213,-9.992557,-4.172422,-3.5394025,-5.999014,-4.2155523,-0.5006911,calm
165.49977,44.3485,245.03741,0.002664039,0.0030620152,3.0524818758888617,-692.4856,44.70401,3.6183002,8.15942,-3.6732988,0.31251162,-11.834285,-8.737962,-4.2904863,-3.3291707,-6.108417,-6.366664,-0.9374585,calm
155.75117,48.01336,201.12683,0.002950422,0.003458054,3.6074785805959277,-687.9942,44.24375,0.39653176,5.7288013,-4.920984,0.15973577,-11.819433,-8.869541,-5.343684,-5.4098754,-6.467959,-5.456144,-0.7065975,calm
184.46501,65.2085,246.71436,0.005891868,0.0076586725,3.5258470296575153,-619.2704,40.72058,-14.952073,5.823202,-8.210447,-2.5241573,-14.148342,-11.520971,-6.647269,-6.015485,-6.663071,-5.884105,-2.445958,happy
202.17737,78.2648,248.94907,0.0049656252,0.00644511,3.5607648226108566,-619.9409,36.79448,-16.665018,9.437748,-9.89666,-6.5503454,-18.23547,-10.850418,-1.8105572,-4.426151,-9.662288,-4.466218,-0.32833394,happy
166.41641,58.57546,234.6068,0.0038051063,0.004566427,3.2006983341820034,-660.16626,44.95826,-10.601009,8.063188,-6.8347597,-2.5503113,-16.237116,-11.439025,-6.002899,-5.487641,-7.2171855,-5.862008,-0.5284474,happy
194.0242,59.93657,244.69243,0.0044622254,0.0053170766,3.710575139146568,-640.99817,39.824486,-7.825086,6.930152,-10.707031,-7.5944834,-14.592924,-11.679509,-5.5087037,-6.660657,-9.117183,-6.7044744,-2.4998662,happy
115.01131,61.552532,243.23264,0.036411,0.061013192,3.9783181659953257,-411.11945,5.053239,-25.664337,-5.40997,-10.995572,-8.087792,-7.2947793,-12.904942,-5.07381,-5.6639366,-6.5892816,5.2430363,11.096403,happy
169.62987,78.21836,244.26643,0.02709578,0.04341806,4.317734459330751,-414.99432,13.776543,-22.723164,-1.9319391,-9.228969,-6.8752522,-8.562417,-11.49796,-4.562493,-6.0442214,-8.421772,5.8172665,8.338945,happy
163.2654,78.66466,245.20428,0.026260305,0.034142546,4.243539377061681,-455.73175,7.32412,-34.608116,0.32778427,-13.179313,-14.393192,-13.486172,-14.754446,-2.1929536,-4.2459555,-11.405508,6.312258,5.398682,happy
139.84985,73.30835,244.50735,0.038014274,0.06132301,4.1697206612916355,-395.67545,2.1979744,-26.944885,-5.601129,-11.708838,-9.899504,-10.65047,-11.444456,-2.355371,-6.5612774,-6.7285066,3.3100545,8.657704,happy
205.08641,68.51987,244.59967,0.0050258827,0.006253177,5.041663749037182,-635.8942,48.214336,-14.153697,6.618571,-10.752241,-4.3490195,-7.435321,-16.363716,-5.0834627,-2.8367517,-7.6385274,-3.5214121,-6.340197,sad
197.21281,75.113075,247.81287,0.004410894,0.005396335,1.92466318394281,-652.4686,45.7445,-9.878437,0.35708123,-11.140484,-2.0533812,-7.60608,-15.988457,-4.2965627,-3.1916914,-9.296708,-3.1944895,-6.0347815,sad
170.72655,48.72109,233.57707,0.0030268715,0.0037669817,3.1100901219296695,-688.79584,45.774704,2.6083605,2.0518122,-8.59731,1.2310561,-10.978381,-12.3290615,-4.489053,-5.66019,-6.700381,-5.730178,-1.1629448,sad
177.2458,51.42524,204.25859,0.00392717,0.0046742307,3.024470717624416,-670.77466,47.173256,-1.0736384,0.49976993,-7.142241,-0.6886945,-10.542644,-15.662972,-3.612786,-5.9747906,-5.057973,-5.829926,-2.9483798,sad
140.15756,68.29442,246.73685,0.017333688,0.022120195,5.520776852171341,-496.80695,18.977375,-32.232807,-6.2459,-18.449108,-11.966335,-15.944407,-20.097218,-10.692595,0.87617147,-12.442774,8.606537,4.8404117,sad
196.99112,71.9969,246.19095,0.017404433,0.022698058,4.951543285283818,-465.48636,19.422447,-27.369007,-1.616861,-17.746277,-14.8646555,-17.815855,-21.178547,-9.323973,-0.71310264,-14.251646,3.9933026,-0.62491935,sad
183.9792,71.97351,240.48901,0.015409848,0.022496736,5.075528700906344,-484.72455,29.714342,-31.898508,-1.8496002,-15.097217,-17.327543,-17.16424,-24.253632,-6.089236,0.20335037,-16.734337,1.3512604,-4.9617004,sad
213.75404,72.29032,232.79039,0.0145502845,0.018474687,5.212150826614545,-489.21808,22.15255,-30.008373,-3.4966767,-15.231462,-18.64441,-13.413471,-24.594944,-6.0878477,-0.8541091,-16.338375,3.6142693,-6.3043637,sad
172.05893,68.294044,249.39104,0.009170832,0.011917466,4.098426268350863,-536.50195,37.948753,-24.373516,1.2553256,-16.629448,-5.973925,-12.220429,-19.021605,-3.14622,-3.4475002,-7.32103,-3.9173107,-6.668937,angry
203.11253,56.175488,245.05072,0.007111078,0.0088682445,3.8361255132316363,-547.5624,42.958668,-17.671824,1.6172734,-15.767107,3.530882,-11.91132,-18.307085,-5.0752754,-2.2990952,-6.6802015,-4.3287454,-6.3066487,angry
180.07513,66.46683,226.63277,0.011945269,0.015264533,2.520831874518591,-539.5376,34.290962,-13.750901,-1.3289096,-13.278249,-5.3088593,-11.410222,-18.27879,-7.059284,-4.528421,-6.841462,-5.7988043,-5.92886,angry
178.17503,72.45239,245.66068,0.009142136,0.011109946,2.7495188342040144,-563.6217,39.03764,-18.33628,-2.5121887,-14.690672,-5.1045,-10.80027,-17.382076,-7.998613,-3.6945689,-7.9001207,-6.0794096,-5.0864043,angry
148.58902,65.43074,229.44275,0.056484144,0.08359419,4.3199460006749915,-386.3283,-6.885009,-29.09777,-6.6292844,-18.015532,-7.4699054,-6.6075926,-10.481294,-9.090716,-5.0501537,-8.531538,3.2328813,6.509817,angry
166.16888,70.69817,246.19463,0.070481725,0.10374162,4.243539377061681,-367.3867,-15.848057,-29.420639,-10.714353,-15.124242,-3.8509576,-8.15032,-7.51433,-9.882993,-4.897213,-1.5975125,12.607325,14.096965,angry
165.51437,78.45425,246.14532,0.061424416,0.08733104,3.648505578630181,-376.09543,-13.200612,-30.465471,-12.4317875,-16.057184,-7.097512,-9.21145,-9.24007,-6.664584,-7.5229316,-10.045214,6.6694684,9.868148,angry
152.33084,78.66449,245.92195,0.066056035,0.10087577,3.7757555198300907,-360.85297,-10.593246,-32.005882,-14.675105,-16.173971,-3.4157372,-9.099044,-7.9849296,-7.4118223,-6.7518325,-7.6552715,5.9945345,10.258362,angry
154.13245,84.20948,232.9848,0.0022862747,0.0028836334,5.044416832032047,-711.64954,74.36797,11.232588,19.222855,4.7327404,9.729587,-2.6354866,-5.041165,-2.7754765,4.662659,-3.8962147,10.606221,-2.0813422,neutral
156.59395,74.95419,233.46085,0.0022371581,0.0026808232,5.561456020083036,-698.3761,72.88575,12.168694,20.977715,5.8561707,8.063203,-7.5719814,-9.260245,-3.3438866,4.477887,-3.7102747,8.428206,-1.1224071,neutral
149.77928,71.60136,228.23746,0.0021451868,0.002562573,2.697285856107292,-711.34515,64.64486,14.340301,23.993141,9.040178,10.096785,-3.5858462,-7.620313,-0.24200396,6.808962,-5.2062902,8.676828,-2.190219,neutral
138.78667,74.215294,235.3772,0.002528566,0.0032603866,1.8163585794562276,-691.0993,56.956795,13.486938,20.010414,6.278391,7.2843175,-7.9947896,-8.258094,-2.4564989,3.1663556,-5.844439,7.6848216,-2.656179,neutral
129.35942,63.75993,240.84521,0.0011978303,0.0012905584,3.8143241494397713,-745.5107,65.242966,27.68136,22.271654,14.660947,10.800489,-3.7725155,2.6180403,-1.0240477,6.450534,-2.6401434,2.4667509,-1.619263,calm
141.704,73.612915,246.34644,0.0013579563,0.0014888218,4.3592275993597385,-732.00806,70.48584,24.12335,26.104902,13.654735,9.0387335,-3.4162605,-1.1264602,-1.0362359,7.945838,-2.731842,4.8586674,-1.6865512,calm
145.74495,68.09373,247.17877,0.0015184049,0.0018304847,6.293666997583681,-727.2014,58.846363,26.02817,26.106808,11.323002,10.822494,-0.8478791,-6.4877315,0.8642257,4.721625,-3.9211922,5.812547,-1.0709021,calm
122.29378,61.35636,220.02406,0.0013117056,0.0015205095,2.8817405713050683,-740.88995,60.99066,29.91826,27.350586,13.508097,11.963044,-3.7470002,1.2787237,2.366308,9.870797,-1.3450212,3.887364,-0.8335909,calm
141.72554,62.60815,228.05194,0.0027298173,0.0027368616,3.131159227833769,-660.8637,62.53881,14.710857,17.37543,10.023048,4.7770796,-7.793035,-6.3691,-7.4624815,2.3097847,-9.969062,4.1708264,-2.597421,calm
162.31084,86.142075,236.90218,0.0022200088,0.0024170615,2.9722282423604445,-675.3801,62.00421,19.06089,24.147858,13.7883005,9.409643,-0.7633459,-0.39065054,-0.5034168,2.5201132,-4.1544905,5.5047693,-1.5461098,calm
124.60487,64.89486,224.81396,0.0019242977,0.0021197721,2.823248364416212,-688.6719,57.33238,17.888266,22.985487,12.293089,8.267385,-7.6149597,-3.057829,3.2138941,5.786662,-4.5140395,4.1601753,-4.6666775,calm
149.7211,76.616714,237.3306,0.0023872606,0.0025611774,2.323251390320754,-690.02716,60.4115,21.667505,23.998901,13.724186,6.185403,-5.1211286,-6.4008055,-3.1630054,1.9622419,-4.319184,6.1346602,-0.9603964,calm
146.17532,66.463165,249.31007,0.0031321472,0.003290213,3.5743744844652188,-635.1762,68.18034,7.2345686,9.003453,4.8901105,2.0627625,-9.990954,-6.225211,-5.902066,7.866868,-7.811283,0.66293883,-1.5163891,happy
171.53618,57.812534,227.63293,0.004335988,0.0046524866,5.3999325008437395,-603.08777,59.78585,8.40261,14.245308,4.646795,8.323869,-8.420748,-2.6526606,-7.421564,5.710269,-10.394327,2.229712,-2.0173757,happy
166.19633,71.18223,236.77637,0.0023557285,0.0027384527,4.2814273973126395,-672.3231,73.22871,17.81722,14.69583,11.028107,11.341068,-8.9323225,-4.3008957,-4.8133354,6.0263095,-5.598695,5.496143,-4.491428,happy
151.31306,54.849434,243.76273,0.003744279,0.004019876,2.7245378691843416,-635.9417,60.011074,6.377846,13.102985,3.802228,11.591328,-7.1342063,-4.4769015,-2.7609804,7.274978,-6.9484005,6.473065,-1.6898956,happy
184.57808,81.53835,247.68344,0.006028074,0.007319192,2.6522121106635503,-575.4882,51.12897,9.04272,8.077085,0.514659,3.3525062,-9.569352,-6.251143,-4.206952,8.502566,-6.320292,1.4318377,1.9524413,happy
196.22502,87.37522,245.39357,0.009553321,0.010900702,3.417623765629878,-498.44272,37.793255,-16.23635,2.6654618,-2.4433186,-1.4187664,-22.229086,-9.642521,-7.5444455,4.5415,-11.272681,-0.57865614,-2.1464903,happy
211.85527,58.08544,244.89484,0.013627907,0.014682291,4.086787472861177,-485.3227,38.39446,-3.8015985,8.195077,-0.7395684,-0.6723901,-17.68966,-10.065855,-5.8610983,3.67281,-12.053421,1.9728404,-3.562307,happy
155.51352,70.1677,246.88257,0.006607862,0.007464349,3.4965034965034967,-582.9716,49.252796,15.517872,12.700365,0.6284254,3.8236098,-5.393714,-5.36737,-6.5498204,3.0765545,-9.114084,0.41505075,-2.1814835,happy
144.97267,80.217354,248.6715,0.0016527206,0.0019550812,3.200640128025605,-711.9566,64.80712,16.632002,17.677912,9.428907,14.532001,-1.7317047,-0.93704987,-0.6915344,4.6756787,-1.7528,6.085495,0.2296481,sad
141.7942,74.94761,235.4975,0.0011729018,0.0013373136,4.3592275993597385,-732.2802,67.79647,16.695162,19.695496,10.564675,14.965022,-6.92437,0.4705175,-0.880564,4.8301806,-3.5035214,2.9849691,-0.5601953,sad
128.98958,66.43886,220.75041,0.0017847423,0.0023382327,3.4701683820339917,-699.92596,68.86002,8.601241,13.948816,10.6164465,12.438508,-9.81456,-5.750126,4.3328614,7.756538,-4.276789,7.4859524,-1.439319,sad
131.5362,64.69838,200.8278,0.0018047665,0.002118709,2.9969689745598203,-718.78906,72.61018,16.570963,20.815619,8.503483,13.442159,-4.9138618,-3.230103,-0.99542433,7.9637513,-1.7430184,8.191906,-1.0675647,sad
194.27934,82.17208,249.32262,0.010760491,0.01445119,4.745254745254746,-511.52698,42.52926,3.5368593,15.900101,5.566317,-3.7513394,-11.392859,-1.8990859,-8.951198,-1.364878,-6.936319,-1.5671993,-2.5553293,sad
174.50237,71.90791,242.83566,0.0035245577,0.0039201966,3.239959500506244,-633.3187,61.672543,2.601871,18.649513,6.560683,1.9514542,-10.666529,-1.9614078,-8.737369,2.0187309,-3.594787,-0.73069555,0.011194878,sad
172.43346,68.01404,246.74057,0.003862219,0.004776984,4.701129372876688,-614.64844,61.272266,2.3264878,10.91509,5.799724,-1.6799794,-14.492455,-1.219262,-14.586224,-5.2939115,-4.6579947,0.21042323,-1.9877456,sad
194.10771,49.48814,216.5132,0.006092197,0.00722647,3.4786098939692947,-583.4629,60.013016,-1.7156925,15.493254,9.149013,-2.2107153,-12.300951,-0.22745165,-14.536931,-1.2199533,-5.959022,0.60836875,2.1894803,sad
175.02415,74.20285,245.66624,0.010187592,0.013661058,5.304424221327101,-512.11816,41.692326,-4.257392,12.214949,-4.814762,-0.62176865,-6.0054684,-8.200988,-8.388946,6.2013507,-6.9985223,1.4701196,-3.5737796,angry
152.77411,80.262825,246.62987,0.008065288,0.011862936,4.3199460006749915,-539.1991,48.87375,-2.0448148,17.014297,1.3708438,0.5300897,-6.209664,-6.578544,-5.253726,8.63007,-8.963499,4.816015,-0.5681218,angry
143.83469,75.057846,242.30347,0.0049240324,0.009624128,3.632717158912455,-577.3819,41.806767,8.754065,11.111321,-0.5308282,-0.3878967,-9.100592,-7.153791,-1.8883954,2.4341433,-7.561588,4.135748,-2.7689092,angry
168.27267,60.588467,247.46815,0.009813076,0.012667906,3.0810167355227223,-529.01526,50.826733,10.012662,15.61049,-2.7836883,0.03751966,-3.1531353,-9.521365,-6.5494494,3.8905356,-9.146651,2.055491,-2.647089,angry
185.04681,90.566864,244.92227,0.03928209,0.05330216,2.7703011128425494,-396.682,21.53329,-17.111153,6.2556367,-13.960091,-8.958546,-4.4257092,-9.693936,-8.911099,3.5616076,-11.48782,3.5452902,-5.478402,angry
172.62854,92.011986,246.12286,0.06980757,0.07667794,3.538119333480755,-335.08945,18.91263,-32.04495,-2.3370037,-22.118635,-9.419824,-6.2256227,-10.757205,-9.794023,7.458224,-12.271816,1.0323975,-6.1354713,angry
200.46736,73.79569,249.35783,0.085373424,0.11059098,2.535913433136896,-293.2127,15.072373,-30.803373,-5.340179,-17.980267,-11.469138,-7.548103,-9.019356,-9.08606,4.417324,-12.207284,0.6404761,-8.739052,angry
177.68806,88.75294,244.09601,0.039245717,0.051403306,3.1675448481710475,-392.29495,18.47534,-18.690687,7.9098253,-15.323871,-11.79002,-6.648067,-10.966337,-10.057012,4.927271,-11.647578,1.4746672,-7.176735,angry
199.88303,62.152824,242.05698,0.0015619365,0.0020836138,2.8817405713050683,-702.715,29.941023,-5.678059,6.746625,-12.598062,-4.6424932,-14.794843,-6.63867,-6.1553597,-1.6905307,-8.401346,-2.8131564,-4.7332664,neutral
201.45633,60.795254,220.92377,0.0021828993,0.0027225777,3.361109166024788,-693.3547,28.766829,-7.076298,8.910421,-15.421417,-5.248662,-14.957364,-7.582246,-5.744103,-4.100153,-7.4025183,-3.6213646,-3.1389356,neutral
199.69313,64.217705,205.22694,0.0019168197,0.0025666931,1.7458037061957847,-717.1689,36.294292,-2.5956552,6.48273,-10.906385,-4.648307,-14.245793,-5.896273,-5.2963886,-3.1972148,-7.952581,-2.185957,-2.9260957,neutral
196.69902,63.360687,210.31046,0.002111645,0.0027834529,2.2618837250397594,-703.97046,28.690815,-5.6533914,6.2295494,-12.483785,-5.801046,-15.953741,-5.6257334,-6.22438,-3.1128447,-7.945164,-2.1114812,-4.2211094,neutral
195.04823,38.657726,223.19986,0.0008187416,0.0010104446,3.024470717624416,-781.6947,29.194801,-4.92608,11.143023,-11.20495,-6.5606003,-15.439655,-5.728699,-6.9357405,-2.356611,-9.404976,-1.5407318,-6.308576,calm
218.98274,39.1176,202.66428,0.0007578354,0.0009829806,3.0810167355227223,-795.98016,28.195059,-6.4352756,6.4600935,-9.789566,-5.635516,-14.805954,-7.2227783,-6.7966156,-4.0405393,-11.98029,-1.7560427,-4.920051,calm
196.12407,51.012497,200.35355,0.00058632425,0.0007213216,4.195777998389121,-805.6817,33.669334,2.1472545,7.458934,-3.9456685,-3.2287254,-14.013408,-8.045438,-7.540105,-3.7371657,-8.568172,-0.9897054,-4.286637,calm
198.88927,42.33093,173.57025,0.0007989939,0.0009824547,1.998001998001998,-781.43567,33.062332,0.8598097,7.0280185,-6.786625,-3.8241847,-13.745992,-4.9875593,-6.2323737,-1.7167869,-9.3318615,-0.5694341,-3.671641,calm
188.20049,48.665253,232.5175,0.0005707644,0.00069126097,3.3586849456635823,-810.75507,37.99574,-2.8107617,11.273817,-8.7205925,-5.3549223,-14.35653,-4.625974,-7.914365,-3.2246952,-6.6927595,-0.23886934,-4.702189,calm
188.08188,34.758755,181.43584,0.0004956068,0.00059631024,3.9304796413437324,-806.39874,34.87547,-2.4657705,15.831322,-8.653492,-2.397994,-13.678154,-6.445822,-5.9661074,-3.7060795,-9.444498,-0.5183188,-4.3290825,calm
196.25261,38.926105,207.88751,0.0005759902,0.00070152443,1.6497113005224087,-797.6823,37.84428,1.8135269,10.375236,-6.6088963,-4.20644,-15.187737,-5.1241045,-2.7805414,-3.1425495,-7.7546473,-1.1991537,-5.0481043,calm
203.39261,39.124702,228.28922,0.00043947255,0.00052093004,5.77398955182843,-841.57446,29.446058,1.7086899,8.217453,-9.334728,-2.363633,-13.623071,-7.3803563,-5.737241,-4.0801973,-11.558174,-1.2767892,-5.403014,calm
201.36938,58.055294,223.5726,0.008537236,0.01211105,3.958296518819579,-568.4019,28.942463,-15.445418,5.0890856,-17.1857,-7.4004097,-16.090534,-13.670746,-6.408654,-9.429651,-3.9184375,-8.549882,-2.683799,happy
196.61624,67.5579,230.49533,0.0048977667,0.006505101,2.970012993806848,-621.9596,29.831854,-16.88576,3.6874487,-18.006035,-4.6001186,-17.297691,-8.186104,-10.393813,-3.6192317,-6.090922,-6.0693398,-0.974888,happy
188.45879,58.963837,206.60887,0.004616746,0.0063435812,4.898958971218616,-615.9072,31.983511,-1.9797901,9.174193,-9.160395,-5.159224,-17.644094,-9.500413,-10.072645,-7.583803,-5.4803786,-5.6422896,-2.9670203,happy
181.60338,56.65076,232.94063,0.003432519,0.0043996717,2.350564686438344,-665.5677,23.409626,-17.845493,0.8226831,-13.59162,-7.5302677,-18.891058,-11.46323,-8.681322,-4.9526916,-3.269637,-5.3984585,1.4433755,happy
198.83702,83.882065,248.17284,0.013927525,0.01828653,3.269420699519804,-528.81714,16.991062,-34.740406,-3.9778059,-27.129139,-12.346067,-18.542892,-14.745821,-4.384621,-11.210709,-4.4650593,-9.045138,-2.5463302,happy
233.01253,57.130306,244.04909,0.013679845,0.016256211,5.575803336769809,-467.38797,21.65864,-38.258595,0.20640485,-28.788315,-11.408664,-22.330305,-15.56552,-8.595817,-13.506541,-2.3549416,-0.11785414,5.92644,happy
174.9876,71.31239,210.91101,0.02189924,0.032054663,4.201386457530985,-465.79807,14.502571,-27.622366,-3.249436,-23.056889,-14.326607,-21.882214,-10.42509,-5.495914,-1.9898063,-3.2867713,-0.025908878,0.7241425,happy
170.30771,73.5569,244.43451,0.03375702,0.045903154,5.129935875801553,-407.04395,4.1435256,-35.984097,-12.625684,-24.105848,-14.213548,-18.641432,-11.605677,-0.8215282,5.6677003,12.815391,8.766368,4.468963,happy
205.90126,53.328922,246.53185,0.0008228554,0.00095740263,3.8849769329494603,-735.72327,33.62973,-7.526834,10.187555,-11.469558,-1.2298236,-21.943573,-8.214186,-6.29299,-5.4077754,-7.9071913,-1.0014063,-7.348124,sad
195.34258,41.162617,206.084,0.0004039702,0.0005567721,3.996003996003996,-824.9094,35.821247,0.48567984,9.96403,-3.0234675,-0.14556736,-14.432121,-5.771633,-6.884293,-1.8690145,-8.02149,3.043882,-6.1613283,sad
178.34608,37.836494,178.21175,0.00058116444,0.00077208417,3.746262742696589,-793.7205,35.94279,0.5505567,8.808076,-4.7243485,2.6699922,-16.793198,-5.853291,-3.6074312,-1.9025624,-6.151483,0.56576586,-2.3811502,sad
181.58607,53.381973,217.91646,0.00058166345,0.0007341946,3.2640344207266185,-782.0823,38.451885,-0.12608008,12.02137,-1.4339768,3.0989006,-18.405134,-10.149163,-3.8064904,-0.77904505,-8.880333,0.12906076,-3.4019327,sad
227.83536,57.27768,241.70676,0.0026354676,0.0041530924,3.9783181659953257,-651.4711,35.536697,-12.389824,11.399671,-13.889489,-13.678557,-18.083426,-16.508787,-5.113622,-8.820207,-1.7286035,-5.1998034,-5.34375,sad
199.9586,77.96103,247.72188,0.01485685,0.01931199,4.719694399787613,-472.408,18.003967,-35.15784,0.33061138,-24.223267,-19.483366,-16.863176,-28.527319,-4.561036,-12.56844,-2.5411022,1.3438957,0.47948623,sad
229.87071,57.279472,230.88004,0.0020325147,0.0031271386,2.6289413581768293,-695.8317,33.56821,-4.7217627,1.9381906,-10.340546,-12.75044,-18.332104,-16.509615,-4.4627876,-9.704264,-1.9085318,-4.254721,-4.209617,sad
227.95241,67.486115,245.4779,0.013503286,0.016660022,5.792538957972611,-513.9871,18.106823,-31.054676,-3.0228224,-24.424826,-21.37764,-17.696266,-27.122744,-6.9080772,-5.226874,-5.3000627,1.5211856,-2.3886123,sad
202.64554,43.10667,204.47284,0.0018158708,0.0026737533,2.1627466882941335,-714.3879,32.26651,-4.052959,4.046167,-9.019572,-1.646925,-13.683691,-7.21649,-9.864902,-2.155077,-6.137407,-5.284166,-4.265751,angry
208.9917,59.557434,206.3776,0.0071259285,0.010043086,3.746257923168264,-575.52563,24.423815,-14.063393,-3.9180448,-13.294465,-3.2013474,-13.486676,-10.113568,-9.297566,-3.7689302,-7.0081477,-6.466039,-6.581649,angry
194.28313,53.45702,213.66275,0.0040885685,0.0056160255,4.3592275993597385,-622.86224,21.229101,-13.994007,3.1694508,-15.2785635,-7.5314484,-20.245071,-9.276925,-6.702173,-2.377214,-4.8876967,-4.932767,-5.5410447,angry
213.31027,52.549404,221.50151,0.008985782,0.013294479,4.206306173082927,-508.5874,25.576857,-25.83873,-3.5815542,-20.715586,-12.425717,-20.827503,-12.863684,-9.288211,-3.675061,-10.163349,-7.9442673,-6.847126,angry
183.22934,76.399315,231.04195,0.02010807,0.026817773,3.3836858006042294,-414.49597,24.709229,-8.5205965,8.482113,-22.473383,-2.4013271,-18.416767,-8.03743,-9.924342,-4.454796,-5.32018,-2.987178,-1.9993347,angry
162.87894,78.91821,248.20935,0.058912415,0.08361863,3.9304796413437324,-350.72186,13.667383,-29.13463,-9.038482,-29.30473,-10.816712,-15.951068,-9.507399,-5.194421,-1.6136999,-2.0936956,-5.3686705,-1.3033495,angry
168.4781,77.6502,238.8576,0.06370412,0.100062475,4.994962466830327,-326.45374,16.325823,-30.181479,-10.929107,-23.092836,-9.489003,-12.43053,-8.42083,-7.855183,-2.0897214,-7.629317,-0.40327683,-0.15638778,angry
189.09012,70.47275,226.61655,0.016432617,0.02612476,3.6755610531896092,-466.2785,15.800148,-7.9902234,3.2711833,-14.786201,-3.5891078,-18.700716,-9.146783,-11.101832,-4.4172163,-8.37884,-5.9783034,-3.6621933,angry
138.22658,59.917496,217.32448,0.0058526304,0.00818711,3.127290495968727,-585.659,63.45884,-0.26602095,18.81407,-1.9834476,-1.1223482,-0.5711384,-11.146301,-3.049057,0.0082883835,-5.7485657,0.68058914,0.15242085,neutral
131.85295,67.86552,234.76234,0.00558992,0.0080105765,3.022194238942232,-588.1998,67.745674,5.990382,20.553396,-1.2362235,1.309449,-1.7747829,-10.32763,-1.7876456,1.7345607,-3.8342004,1.6698445,1.59165,neutral
138.87036,65.64838,235.92679,0.006621213,0.008596244,3.3299802282423947,-596.84906,65.79983,0.004566699,17.593657,-0.3237351,0.8782002,-4.257974,-12.544005,-3.9815304,1.7924641,-5.1728225,-1.8107928,0.7106129,neutral
148.61133,62.635944,244.15729,0.0052876207,0.00725727,2.9969689745598203,-598.91907,64.78955,-0.7908313,17.462255,2.4948654,0.06413619,-6.306035,-11.763237,-2.5589578,0.92759126,-4.3888965,0.8340045,-0.09733347,neutral
126.04242,61.822,239.83076,0.003701946,0.0050973985,3.4675996160871856,-617.5002,72.763435,6.047992,20.515488,2.0861316,0.74514645,-4.1737804,-7.7849607,-1.7015996,3.5696404,-2.9625418,2.361298,2.2777746,calm
126.3883,62.535492,237.15393,0.0045800502,0.00587679,3.9960039960039966,-595.0057,73.02284,-1.2458093,21.337818,-0.775116,-2.5565016,-4.2033386,-10.025823,-2.383037,1.5540982,-4.98676,3.1744523,1.1920475,calm
108.063805,51.80855,242.83392,0.004383148,0.005773647,3.154729629812195,-629.6615,76.52239,13.114558,25.34012,6.220744,6.477412,-2.6109881,-5.3919454,0.3487985,3.9910715,-0.29186553,5.2760005,3.737545,calm
114.95475,52.573204,204.8963,0.004230813,0.005440287,2.9478597310077994,-618.28204,76.67504,8.35738,26.608572,7.32181,1.9424379,-6.066296,-5.065338,0.7389741,3.7951794,-3.5441904,4.6019387,2.6267152,calm
124.67419,56.877453,223.74382,0.003755438,0.004867473,2.997002997002997,-602.88153,66.45373,2.1191676,25.700953,1.4118836,2.255727,-6.681605,-5.539555,-0.13520831,4.7350807,-3.7608378,4.128781,2.3471205,calm
133.96109,62.406567,246.42645,0.0038756214,0.0049550496,3.596367668654659,-581.09174,66.730255,-3.9502516,25.056305,-1.64366,0.105593614,-9.215675,-10.584434,-1.3328576,2.9360123,-6.6305923,2.0363064,-0.23184793,calm
138.43431,55.997696,208.90596,0.0048941164,0.0066626463,2.6586102719033233,-576.96906,64.99113,-2.4980097,25.098976,0.45821416,-0.76462364,-5.6935015,-11.52745,-0.55917066,1.5601393,-4.608368,3.5758286,2.0074785,calm
157.19218,69.68871,244.609,0.004252906,0.0050957063,4.281441838501495,-592.0106,69.99151,-5.139859,25.075857,1.761253,-0.20137912,-11.385277,-9.2419195,-2.4696498,0.42105922,-5.2179246,2.8983061,1.4127427,calm
149.2803,68.93992,237.53766,0.0075063724,0.0098282,2.8666829546379997,-562.216,56.544674,-5.931361,18.059635,-2.395747,-4.629404,-4.8006544,-11.675745,-2.1466153,-1.4261377,-6.754249,1.3845421,-3.155809,happy
144.88196,62.17045,231.71144,0.008295832,0.011265171,3.417623765629878,-555.36804,58.22457,-9.745936,22.438126,0.8058825,-5.214661,-1.8358411,-12.193707,-0.88312703,0.567849,-6.9489026,2.7126658,-1.2443713,happy
165.19948,59.180004,229.62282,0.010364623,0.013706007,2.1599730003374957,-535.3814,57.03472,-11.880944,23.114418,-3.4185095,-5.8187685,-9.234188,-13.973456,-2.55222,-2.5114846,-8.690501,2.7471144,-1.6542295,happy
154.72029,60.097202,229.57983,0.008791366,0.011430983,2.6060754133072725,-560.71515,58.010147,-8.941561,16.472548,-1.2760679,-4.76002,-10.706254,-11.748302,-3.4189937,-1.3472427,-7.538524,0.7746331,-2.0412037,happy
175.413,68.39811,246.05934,0.019548118,0.02360103,3.417623765629878,-464.75558,46.267376,-17.039692,16.92915,-8.097756,-10.159657,-3.699276,-16.311497,-5.3070126,-2.5703316,-11.510045,0.97489357,-7.048434,happy
170.18251,70.36453,240.44852,0.01786901,0.022422124,3.047764179246631,-473.58142,43.860012,-17.419802,16.090635,-4.872829,-10.241215,-2.2214115,-16.95436,-5.5661516,-2.442002,-11.417839,0.25086564,-6.5484195,happy
153.9444,71.76828,226.55054,0.017664101,0.02291045,2.1796137996798692,-490.52386,54.80837,-13.697137,14.831026,-4.318368,-10.764222,-7.235508,-15.706598,-3.2091868,-2.77387,-9.8494,1.0029159,-6.1114726,happy
151.22562,69.08393,233.10715,0.022576515,0.028016051,3.154729629812195,-443.54675,44.581215,-15.568855,13.599521,-7.9029436,-10.881495,-6.117314,-17.391207,-6.750191,-2.990284,-11.788608,0.8038228,-6.226772,happy
156.89021,61.659527,228.49088,0.0030487755,0.0037226141,2.7879016683849045,-634.5493,63.85278,3.4496212,23.547491,-2.1538532,3.1826746,-4.0382566,-11.195006,-5.1175737,-0.3916329,-7.3721347,-0.59874153,-3.2332408,sad
152.04169,70.94394,230.23373,0.002740282,0.0034498295,3.4747672177430298,-637.013,67.157295,4.751023,24.49247,-3.4086635,4.9733267,-4.073616,-7.875097,-4.0035996,-1.8650526,-5.669701,-0.23659211,-2.4719906,sad
161.50589,68.03232,236.50531,0.003614611,0.005169935,4.1761346189277155,-603.6328,60.008423,2.9642315,21.228775,-2.703546,4.427911,-6.8273835,-10.7545395,-1.515483,1.6358454,-5.5446525,0.14684044,-1.9440383,sad
162.72522,66.937454,248.71999,0.0036629227,0.0046230103,2.8542970550195492,-621.04095,60.611404,0.17614491,23.183878,-1.0196251,4.1623263,-4.134112,-10.7682295,-3.752114,-0.0050058076,-6.636994,1.0266209,-3.0269506,sad
181.977,71.8273,247.83102,0.014032469,0.01632137,3.8361255132316363,-500.68524,53.819588,-17.735348,18.571795,1.8536675,-19.03589,-7.633735,-17.933355,-16.804039,4.1077332,-18.310871,-1.2312759,-4.798159,sad
174.20354,59.901722,246.80746,0.013107589,0.01586271,3.7462500914611843,-500.11014,50.878586,-14.587148,17.188301,2.6428077,-18.686941,-9.502518,-20.12442,-13.688234,4.6673203,-17.829142,-0.94828665,-6.163518,sad
192.90929,70.58575,237.54466,0.009700118,0.012182748,3.277968830028536,-515.61395,53.167225,-11.498255,21.643211,0.05808873,-12.908554,-6.0528364,-21.527025,-6.874171,-0.9868679,-12.845477,-1.8134831,-5.5790763,sad
187.64766,74.79363,243.25189,0.00969848,0.011715253,2.900302114803625,-543.053,58.39824,-12.028719,22.668879,3.708919,-12.308225,-4.4810605,-17.865646,-7.9844427,2.0445633,-13.281343,0.15181823,-4.3727446,sad
170.71875,72.87586,248.50128,0.028792113,0.037782006,3.3836858006042294,-425.0155,40.469532,-17.08343,19.901577,-7.904545,-9.28857,-4.295134,-19.763853,-5.988612,0.68535924,-12.673134,0.47270977,-5.259638,angry
167.62675,74.175255,244.49997,0.026999103,0.034744915,2.4975024975024978,-436.08786,42.19376,-16.788963,19.881083,-6.397952,-7.8752213,-1.94079,-18.585688,-5.790746,0.9426959,-12.604165,0.29550058,-5.484261,angry
168.81691,70.66001,246.91537,0.035606496,0.047187965,1.9652398206718662,-396.7823,38.019524,-11.904204,14.690258,-8.089511,-8.897793,-3.0594745,-18.196272,-7.9528246,-1.616981,-13.060404,-1.5142167,-5.5327144,angry
165.1837,69.695564,245.34128,0.032937273,0.04229055,2.285823134434973,-424.7351,41.564365,-14.205419,18.495445,-7.418836,-9.002208,-3.8173606,-20.40005,-6.390222,-0.25775602,-14.8561535,-0.094690815,-5.858182,angry
171.1728,54.627884,241.78601,0.06334401,0.08233025,3.660437250668459,-336.3089,35.172966,-21.237494,15.372626,-7.7221913,-13.822337,-2.5086246,-15.331482,-5.473715,1.4268917,-11.698404,0.007876152,-5.2835183,angry
191.61646,66.88602,240.61815,0.0586182,0.06982454,3.131202997008583,-358.9355,33.96499,-26.029848,14.46271,-4.892272,-12.463433,-6.9621863,-16.660341,-4.6404414,1.2185466,-12.930329,0.5372875,-6.4666615,angry
164.40686,67.848045,247.37141,0.047116708,0.063413404,2.436572960131575,-366.26715,33.513676,-17.879358,12.421576,-8.142737,-9.983862,-5.7336946,-18.900671,-6.1602826,-1.6572814,-12.93088,-1.4706548,-4.811901,angry
175.62999,62.098278,241.84155,0.054526832,0.06904499,1.8878777599150454,-367.01608,30.375536,-21.996553,14.140655,-8.9592705,-13.07966,-6.3699713,-18.320005,-7.1676135,-1.078402,-12.0367,-0.124328874,-4.3862324,angry
165.03716,52.662918,232.84308,0.0022848835,0.002630313,3.2994226010448173,-690.50214,49.898205,-1.0991138,7.8875604,0.66468614,-4.2684746,-6.940849,-11.959029,-5.889449,-1.4832034,-5.9624624,0.91470206,-0.9523541,neutral
165.32845,54.902782,229.5601,0.0025746706,0.0033578903,4.3645092654894615,-660.0223,38.200474,-4.983402,6.110598,0.70642394,-9.993074,-9.393474,-11.399566,-3.7603474,-1.9181882,-7.547626,-2.1430867,-1.0000111,neutral
167.25089,58.289814,247.6445,0.0027357345,0.0033589592,3.0524818758888617,-673.6894,47.742825,-3.4129336,2.322404,1.5888915,-6.9655147,-12.755903,-12.286141,-2.806737,-1.2310331,-9.104209,-1.2827151,-0.15457323,neutral
159.42432,57.25517,246.46901,0.0025475926,0.0031957047,3.958296518819579,-666.173,42.75248,-1.4481921,7.268749,0.7964692,-2.3339796,-12.5180235,-14.515863,-2.4182343,-0.3461064,-8.680368,-0.16307744,-2.1657655,neutral
158.06145,57.24344,228.21378,0.0016221304,0.002037689,4.241031984449549,-694.17004,38.765766,4.4174466,7.408401,1.6357218,-4.7681775,-9.046938,-7.827354,-3.6870623,-2.466948,-7.845033,-0.1639375,-1.7483819,calm
162.84894,61.10956,236.42656,0.0017190687,0.0022710438,4.201386457530985,-669.85254,42.739143,-3.12611,9.650024,1.1610568,-4.9243746,-8.745353,-10.369756,-3.2911475,-0.5722294,-7.2235007,0.5375106,-0.823264,calm
158.74947,55.062305,215.36386,0.002288386,0.0029091216,2.520831874518591,-677.06683,43.585842,-2.2102711,4.0504127,0.3892878,-6.5594473,-13.151074,-8.158218,-2.4312809,-2.058685,-9.889433,0.5377711,-1.0918555,calm
160.09993,55.94455,226.81276,0.0019973768,0.0029188772,4.241031984449549,-666.8163,42.964012,-2.7200096,6.4027166,2.8589938,-2.073799,-14.0277405,-11.822149,0.0778257,-1.4529673,-9.88275,0.81300503,0.17064528,calm
160.08356,54.09027,206.02808,0.0016001262,0.0019558175,4.589942625717178,-674.2845,41.25106,-2.0414994,8.666131,0.8263647,-3.7808886,-6.731393,-6.3415375,-2.1897142,-1.1508763,-8.371886,-1.244433,0.23629926,calm
160.52884,55.89399,212.1324,0.0019973547,0.0024672553,4.951543285283818,-676.6125,41.92683,1.0629876,6.559773,-1.432222,-6.235399,-7.5641794,-5.515273,-1.1985419,-3.29947,-7.1656756,1.2787784,-3.5298247,calm
173.69687,59.559353,223.62729,0.001727359,0.002141148,4.124278251306022,-668.7138,51.227596,-10.179993,3.2116334,-0.6965866,-0.7499132,-12.747125,-12.50614,-2.306141,0.009655026,-10.635736,-0.9422595,-1.23982,calm
172.33946,57.53035,231.16383,0.0017371568,0.0020855526,3.9783181659953257,-660.61066,47.14738,-3.691421,6.8070436,-3.5633237,-3.2790825,-14.431017,-13.139979,-3.1149957,-1.834307,-9.644931,0.383771,-2.6064508,calm
187.28035,56.61951,246.58151,0.0039006132,0.0047180788,4.806502915709489,-616.02234,50.44261,-12.944897,4.7954593,-0.98419917,-9.414005,-13.3928385,-12.9024315,-3.933604,-5.641971,-9.734017,-2.2200637,-6.112988,happy
189.02596,66.95273,245.35773,0.003822119,0.004915712,4.3645092654894615,-631.8075,40.26138,-19.940786,3.8348937,-2.5936337,-12.419727,-13.928003,-13.80858,-3.0149379,-5.971623,-8.816761,-1.576932,-3.2742183,happy
176.74147,60.18268,224.75885,0.0041185115,0.0051781484,3.1397174254317113,-632.6839,40.302353,-7.6312447,1.109057,-3.3172262,-10.405381,-13.790465,-13.874573,-3.101471,-4.3131804,-9.114543,-1.9991816,-4.615947,happy
152.1148,56.704563,231.92076,0.0041854666,0.005363439,2.854288568574283,-634.8871,42.311073,-8.360535,-0.6934561,0.863074,-8.183629,-13.591534,-12.458862,-2.5964577,-4.3990455,-8.795838,0.26096204,-4.633538,happy
185.5642,76.097305,246.47244,0.015130161,0.02062466,4.816536776265178,-488.8635,26.108833,-25.271788,-5.629978,-10.619021,-17.238188,-14.435699,-17.66879,-6.4250207,-4.4481535,-11.66685,-6.650265,-8.734738,happy
194.66658,78.740166,245.56453,0.014072481,0.016839271,4.690935743953091,-486.4628,30.41607,-18.475525,-2.1427562,-6.25088,-16.476887,-16.22742,-15.679795,-6.833263,-4.492614,-13.986597,-3.9269593,-7.436097,happy
197.81216,74.82995,247.44997,0.014753517,0.017671362,3.5418724244797875,-491.34363,25.803679,-10.758269,-6.729933,-4.4609103,-13.946703,-15.710055,-18.38218,-5.749014,-8.186031,-14.681764,-3.9355352,-9.142538,happy
191.67268,75.49577,241.70377,0.012459993,0.01497651,2.539803482705526,-514.55756,30.131748,-21.742086,-3.6668942,-5.793097,-16.463024,-16.930473,-17.080664,-3.9764757,-6.663964,-14.21848,-3.670919,-7.4858108,happy
167.40628,56.742672,226.8677,0.0029545503,0.003568734,2.497485171181796,-646.46576,45.737156,-8.32163,8.487407,-0.64552593,-9.265505,-10.55017,-13.696409,-1.7560538,-3.9797196,-6.1077294,-0.022557845,-2.4923534,sad
167.21704,60.567787,234.7251,0.0035217563,0.0042974898,4.3199460006749915,-626.4167,40.067535,-12.188789,3.259519,-3.0159178,-11.618671,-13.353295,-14.367669,-2.9446335,-1.9083931,-7.854456,-0.40625325,-3.4981792,sad
178.76428,58.037365,236.42262,0.003534044,0.004308384,3.8143241494397713,-617.51526,37.47058,-11.262452,0.7328586,-2.0700371,-7.028521,-18.986147,-17.275581,-1.2574434,-1.3906231,-10.435694,-0.5353293,-4.3371096,sad
185.55511,54.390972,228.48979,0.0041380487,0.005189195,4.049949375632805,-610.16284,39.740124,-9.521793,-1.0868146,-2.7897358,-6.310919,-18.908272,-17.312046,-0.42397264,-3.4485967,-11.4496975,1.3211412,-3.6951926,sad
180.10675,60.675858,239.04922,0.0037711188,0.004559039,3.746257923168264,-618.3817,42.18591,-13.153544,4.288827,-2.7527027,-11.220782,-11.358028,-15.238571,-5.252112,-2.6748316,-10.263742,-0.52589756,-4.059406,sad
186.86536,64.914406,235.74084,0.0047860704,0.0062660733,4.949133901567226,-596.10565,33.55672,-12.493837,5.9089003,-5.315455,-14.032422,-14.255019,-14.842279,-5.928097,-4.7834764,-7.7841897,0.45556948,-5.146429,sad
192.61707,56.1432,238.43909,0.004452483,0.005449288,3.2110245175101184,-624.3346,35.881046,-6.7805395,0.6464363,0.00047114363,-7.8482366,-15.822225,-17.62361,-6.170792,-3.8968189,-11.878833,-1.1798843,-5.585876,sad
187.34128,53.594685,227.30406,0.004999231,0.0057800673,3.387898037299454,-606.31604,36.13274,-5.807076,7.518305,-2.3098037,-11.661839,-14.143087,-16.385305,-8.707367,-5.1215534,-10.885103,-0.62760174,-7.5626345,sad
168.1869,60.608925,248.78865,0.0053074546,0.0074739065,3.5099561255484306,-571.6844,37.76481,-5.82085,3.9319727,-6.3164535,-9.722172,-10.662988,-11.525834,-5.2523274,-1.026341,-10.620169,0.64767927,-6.088355,angry
159.60489,59.589573,224.074,0.0056507485,0.007649779,5.084207181442644,-607.32947,42.50618,-3.5658958,4.813658,-4.7856455,-9.735051,-7.0139594,-11.060597,-4.8369894,-0.9863993,-8.75366,0.33386967,-6.12544,angry
178.64465,65.39958,246.46677,0.007139028,0.009791747,4.133766086970563,-558.26794,34.33364,-11.11571,-0.34807593,-7.507302,-10.168636,-11.857261,-13.7573185,-5.247752,-2.15669,-10.469803,-0.06635707,-7.7159,angry
180.68358,64.81141,248.84592,0.008520926,0.012147915,4.458342363540667,-532.8106,35.48579,-10.424446,0.42897502,-9.250448,-10.089857,-11.935517,-17.032333,-7.8217726,-2.9732769,-13.677754,-1.1492424,-7.255898,angry
186.55032,71.338646,244.45544,0.019654987,0.025618358,4.650486847841884,-469.5634,25.470451,-17.619274,2.2493916,-13.134789,-13.847134,-11.875315,-15.484395,-4.046135,-6.046223,-9.421472,-3.2297797,-7.057475,angry
199.20357,74.68704,247.34796,0.018880896,0.026278846,4.354577910122793,-480.02,29.367939,-18.08932,0.14280057,-10.668399,-12.795018,-10.137143,-15.986412,-6.5917287,-3.7462368,-11.924495,-2.9919236,-8.239662,angry
206.80873,65.98202,230.92606,0.033184916,0.04366933,3.3037373528804457,-422.48666,18.186617,-17.744637,-0.89298326,-13.128706,-11.181192,-12.75718,-19.053814,-7.028032,-5.4320207,-11.416406,-2.61956,-9.63059,angry
210.04901,65.88988,247.52386,0.03185644,0.039855983,2.8542546232978534,-428.2555,17.340433,-22.53517,-1.5049293,-15.8907175,-12.727555,-14.892117,-19.538425,-6.748685,-4.065892,-13.115835,-2.1665184,-10.128529,angry
143.2195,65.2601,230.39456,0.0048857015,0.006393263,3.417623765629878,-634.9159,58.830063,-9.451161,16.867588,1.5896006,-6.5475736,-5.256483,-8.648918,-9.667604,1.8252425,-6.781282,0.5136937,-4.5732355,neutral
124.07211,52.12576,227.46878,0.0056375614,0.0073412135,2.943488368203636,-604.5341,55.953304,-11.61215,19.241142,3.8962235,-5.003966,0.39941877,-8.028319,-6.984134,3.9652677,-3.754157,1.323845,-2.6003077,neutral
134.18158,60.39708,229.17987,0.006047766,0.007952516,2.1796137996798692,-619.8538,51.11124,-14.483678,15.15336,0.15970379,-6.8240504,-2.8723989,-10.724366,-9.007174,1.7358649,-5.854181,-0.44353193,-3.935398,neutral
142.82037,54.86215,222.39238,0.0060465285,0.00788241,2.3454678719765454,-613.5794,60.292458,-11.229956,15.753427,1.7870954,-7.445361,-4.297419,-11.765463,-8.493497,1.0856879,-6.8050475,-0.111195825,-4.596038,neutral
123.2741,49.59048,237.37662,0.0026989733,0.0038503546,3.2740437588540847,-669.1821,58.15131,0.6317403,15.647347,3.7773178,-1.2059648,-1.7832191,-4.975126,-5.5245204,1.555361,-5.044346,-2.4384348,-2.0434794,calm
120.92338,42.49612,199.29816,0.0025299524,0.0035300828,3.1935147085917825,-692.1074,55.91382,0.1379534,15.04067,3.2476587,-0.9018098,-5.920836,-5.1897554,-7.611775,2.1643817,-5.479968,-1.9914576,-3.1621227,calm
126.82101,48.42539,244.93463,0.003747218,0.005669337,1.9180627566158182,-651.0124,53.248882,-5.003587,12.670809,0.04639953,-2.9303539,-5.1368184,-6.818717,-7.217826,2.1985283,-6.857452,-2.3045752,-4.441719,calm
115.90018,38.7719,181.38821,0.003536742,0.004654818,2.997002997002997,-651.21027,53.396847,-3.3939986,13.957561,0.98765075,-3.8801534,-4.9072433,-7.2462854,-7.246982,1.3136433,-6.3982525,-1.977417,-3.72556,calm
132.31648,43.070568,244.9874,0.0032431101,0.004122438,1.9545565599804542,-644.93805,59.677628,-2.7019746,12.813,3.316403,-3.0975277,-6.767424,-5.1870656,-7.9722877,3.0887141,-7.193861,-2.1981213,-5.2204328,calm
137.7287,55.297485,227.12346,0.0027983128,0.0037856759,3.691940168851969,-667.78406,61.69957,-0.8757062,13.597912,5.287968,-1.0079496,-7.221294,-4.9608364,-7.2074847,3.6395276,-6.1302223,-1.3854444,-4.185903,calm
130.17067,49.04541,245.53325,0.0029575806,0.004166754,2.92388755215789,-665.0556,55.995464,-3.3991013,15.7699795,5.1870365,-2.1703212,-7.3339815,-8.104187,-5.937362,2.99654,-5.6443167,-2.07536,-1.7106744,calm
142.7149,50.246967,210.43518,0.0038744179,0.005634385,2.8438610883237625,-641.3839,57.337753,-3.8205378,14.32891,3.5322254,-1.5731246,-6.4928856,-7.8537693,-7.2533174,4.1376786,-8.905201,-2.8328257,-4.1296854,calm
177.80898,71.26225,239.87584,0.0057690707,0.0076882318,3.5963811414763893,-628.53534,43.044987,-11.973902,9.131984,-2.5364783,-6.521043,-8.714036,-11.733494,-9.382618,-1.8151565,-6.3858943,-2.7511907,-7.702618,happy
172.58038,75.3828,246.13658,0.008936808,0.012546964,4.8930598826430165,-571.02203,39.22376,-11.195938,6.660609,-2.1716106,-6.172249,-7.5992727,-9.965566,-7.8207936,-1.8259523,-7.1814723,-1.4210355,-8.085221,happy
162.90434,51.735985,231.88203,0.006906233,0.009296822,2.162788452254514,-597.3169,38.931843,-10.9475,8.010233,-1.7153715,-7.1543336,-9.484344,-12.857392,-7.8277025,-1.2814535,-7.514573,-1.5271819,-8.031805,happy
161.54071,54.53812,247.4687,0.0066344547,0.008872635,2.1407136986563198,-598.8362,39.812073,-6.6561494,8.879858,-0.65328836,-6.957298,-7.2361016,-12.625212,-7.8264766,-1.2215221,-6.748277,-1.8490437,-7.7616096,happy
176.51393,86.6677,248.07857,0.017926667,0.02686769,3.398601938747924,-498.5769,25.938797,-15.380968,0.076034956,-6.052997,-8.8979225,-8.927691,-9.701568,-10.153631,-1.7452338,-8.376803,-3.9020739,-8.603054,happy
214.6959,72.19706,244.35945,0.019055948,0.028166201,4.0584573959532495,-500.55423,26.06647,-16.415974,-0.7839404,-7.3208456,-9.542841,-10.245661,-9.421071,-11.4055,-2.5066683,-7.134171,-5.5008845,-10.408898,happy
190.43312,71.51728,234.24785,0.01723121,0.025226777,2.162788452254514,-513.15906,28.721893,-13.820332,-2.7494087,-7.6220775,-11.850862,-7.8448834,-12.740187,-10.132619,-1.0865216,-8.757516,-3.4156096,-11.0839205,happy
184.6635,75.82379,245.01097,0.014951703,0.021034475,2.471758231148016,-539.5307,32.852497,-12.655408,1.7214268,-7.5287685,-9.933638,-7.1994042,-13.435705,-10.352299,-0.885125,-9.257987,-3.1108558,-9.847815,happy
136.08823,55.092213,244.26053,0.0028200254,0.003628093,2.219986818828263,-685.1829,56.77426,-9.279393,14.332439,4.4330883,-1.9721189,-6.669956,-8.188231,-9.741962,-0.26063657,-6.9536777,-2.9033687,-3.353001,sad
135.5369,48.912064,230.99129,0.0031325347,0.0040821563,1.8085226630496212,-667.0357,56.434765,-7.3753633,16.152308,2.059237,0.42697743,-6.4256406,-6.4950733,-8.494784,0.50265354,-7.6183996,-3.6554294,-2.3382668,sad
130.8911,49.261265,225.23907,0.0040592,0.0053344243,2.520831874518591,-625.40735,40.644173,-2.311541,12.078315,1.4861194,1.7701395,-7.4219503,-5.7643056,-8.3702755,0.7467508,-6.356929,-1.2204769,-2.1051166,sad
145.1238,49.765717,223.94302,0.0043424997,0.0054300968,2.7245172495998364,-632.04694,45.300716,-2.2456598,15.037587,2.0742764,2.6724975,-7.198554,-5.0130186,-8.241101,0.4229524,-5.8600707,-1.3576437,-1.7761112,sad
184.63145,62.918964,241.8812,0.0056855287,0.008204511,4.448671983610156,-561.9902,48.007534,-7.1938195,14.493483,1.9892403,-2.6474817,-13.66499,-10.182586,-10.158324,-1.0302079,-7.3183923,1.1739428,-1.8165303,sad
166.31883,63.562286,248.67163,0.004205512,0.006576422,4.117991907002017,-600.6645,46.508453,-13.38493,11.750451,2.3509889,-0.9895513,-11.630147,-7.877426,-6.237478,-1.7597888,-7.5983853,0.67269355,-1.515773,sad
144.66751,48.050766,246.42964,0.0038365358,0.0050969967,3.5557248757877358,-644.30444,41.315315,-0.031403232,6.1122546,1.8326997,-0.7837587,-9.765494,-9.470313,-8.68015,-0.518745,-9.923147,-0.36531347,-3.375387,sad
143.52225,59.09966,246.8699,0.0045352303,0.00606493,2.5326808162619217,-593.9766,58.962765,-8.610586,17.575031,6.2194505,2.8982756,-13.9113035,-7.501176,-1.4332045,0.23424873,-6.6753774,3.6565695,1.2910726,sad
157.2738,69.37398,238.08817,0.013515391,0.019915098,2.42181143927497,-535.64233,35.02701,-13.12893,4.2034183,-6.1450987,-5.4085903,-6.368932,-10.659023,-10.414888,-0.60861933,-9.115401,-1.225802,-4.93584,angry
162.90948,66.280396,231.57483,0.014206286,0.020469459,1.8163585794562276,-522.03424,34.71428,-11.944424,5.3010416,-5.9249597,-6.8540826,-7.0804224,-9.757687,-11.186512,-0.24858062,-9.576096,-1.568249,-6.1194806,angry
152.92986,62.89788,222.89163,0.01345558,0.01906305,3.058162426651885,-541.0501,36.531254,-11.963239,5.257356,-4.6728616,-5.915493,-6.44163,-9.339051,-9.365705,-2.645866,-8.393863,-2.5105631,-6.637731,angry
179.96251,72.324066,248.50363,0.013144564,0.018117588,1.7981905707381947,-542.0504,32.139454,-10.928917,2.8826175,-6.976838,-8.977454,-7.1504245,-9.9906645,-12.644738,-1.2760596,-11.006002,-4.143057,-6.966831,angry
155.10109,83.66246,233.0837,0.038275037,0.057795208,2.9382058580479296,-410.71396,22.941875,-16.990278,-0.33953723,-10.303412,-7.0093026,-7.538615,-6.657561,-12.333834,-1.6027471,-5.9649863,-3.0672956,-5.5632677,angry
160.43181,84.4356,244.8294,0.038339697,0.05708585,2.3975874276509264,-433.9316,23.935366,-19.855581,-0.033613924,-10.60352,-6.670963,-7.7322702,-7.7934804,-10.180235,-3.0851543,-6.959725,-2.280251,-7.483617,angry
138.41353,84.66115,246.68005,0.045843527,0.08163239,2.162788452254514,-393.44562,17.233635,-19.483671,-2.0502286,-8.180153,-5.2279677,-9.664467,-7.4564834,-9.323901,-3.1989512,-6.179779,-1.650268,-6.8047066,angry
148.52106,80.70134,229.35944,0.03917575,0.07087292,2.42181143927497,-401.94135,19.294104,-17.343254,-1.4098945,-9.424719,-7.6310215,-7.8191023,-9.140563,-11.030894,-3.032478,-8.619987,-3.3306804,-8.333563,angry
211.71033,36.594807,217.07782,0.002628567,0.0033470818,2.6999662504218698,-678.5724,37.03442,-8.621847,-0.60413706,-11.685982,-9.0674925,-16.631886,-10.340189,-8.787601,-8.638319,-5.0381513,-5.97613,-5.315438,neutral
212.12703,43.44333,213.98602,0.0024169828,0.0031296888,3.84932636788562,-674.1036,33.93589,-13.615335,1.2218255,-14.1093855,-9.204208,-16.17704,-10.548537,-7.2016163,-9.8110895,-4.800002,-5.6498775,-7.1968384,neutral
217.72137,53.359974,231.07286,0.0029631236,0.0038045456,3.5743744844652188,-669.3549,36.68095,-6.75931,0.3864803,-10.793032,-7.763473,-17.392103,-7.320591,-7.0578313,-6.4746103,-2.009134,-7.14262,-3.7247102,neutral
223.88918,40.469776,209.54657,0.0035570741,0.0048430106,3.8849769329494603,-657.7114,31.640663,-4.546483,-0.4594094,-9.700078,-10.726337,-18.99888,-8.944488,-8.0556755,-8.206596,-2.7225435,-4.466248,-5.1235523,neutral
203.84279,53.455387,234.57495,0.0013846784,0.0017590548,3.361109166024788,-737.494,36.29954,-4.7462487,2.9253833,-7.4082847,-8.30639,-17.553785,-11.158881,-9.180402,-7.624138,-6.273549,-8.495468,-5.276078,calm
221.53261,44.630775,235.91153,0.0014923253,0.0018257061,4.566861709718853,-734.06586,38.955914,-2.5268524,1.3424859,-9.65882,-6.260407,-13.764549,-10.832585,-7.1835394,-6.742521,-5.8940506,-6.8900523,-3.9410636,calm
190.66231,53.136684,234.19856,0.0016403146,0.0017914781,3.1003245652279223,-720.2902,32.798286,3.631871,5.2480516,-8.695307,-5.761563,-15.748084,-6.323586,-9.555262,-3.076384,-5.668606,-5.2981277,-3.1149418,calm
205.09763,51.501728,229.98312,0.0024157406,0.0030123347,3.240014175062016,-685.3849,38.319084,-0.42353886,-0.14513746,-2.7424676,-10.342487,-14.305802,-9.380312,-8.362646,-7.5630555,-4.2712774,-5.1227365,-4.6506023,calm
215.64967,43.97381,220.89746,0.0027085787,0.0035541477,3.411202144184205,-661.0733,34.44173,-12.306262,-1.3814243,-11.037556,-9.913603,-14.676886,-9.01462,-8.979636,-7.436839,-4.4768085,-6.9662356,-6.307945,calm
213.10191,47.741707,217.3356,0.0018830423,0.0021901461,3.1935147085917825,-688.14795,39.731567,-4.236205,4.52935,-7.868507,-6.533428,-12.615175,-9.157621,-10.960863,-3.8836665,-6.201315,-8.132658,-3.9842663,calm
221.69945,48.392567,234.82535,0.002087201,0.0024199975,2.9722282423604445,-696.184,43.292347,-1.338744,-2.8632953,-9.726071,-10.746274,-12.6231985,-10.7515745,-11.628092,-4.9096727,-5.909744,-7.194377,-4.3167205,calm
213.32422,43.998714,220.26541,0.0023956825,0.002639786,2.6802302561447324,-676.0426,36.991802,-5.0138197,0.082524024,-7.3014383,-11.217641,-11.102207,-10.098041,-11.162698,-4.3059688,-7.1337485,-7.0120983,-5.109621,calm
217.77539,42.65238,235.79951,0.0034691733,0.0046973373,3.6074785805959277,-640.97876,33.42422,-12.551734,0.3886745,-11.189885,-9.019798,-11.488917,-9.947658,-9.267205,-9.244497,-3.0747852,-7.8496833,-4.337741,happy
209.16647,41.425644,224.29651,0.003554937,0.0042759283,3.5861229848070058,-636.1864,35.093945,-15.7744055,5.2202563,-10.976141,-8.533617,-11.962797,-9.089864,-6.0803666,-9.606174,-2.1991353,-6.7766848,-5.8811464,happy
205.93791,54.04602,224.50937,0.0034277458,0.004418343,1.7125731411445697,-668.3054,41.816498,-16.079533,-0.73487884,-9.821929,-9.342048,-14.271702,-8.601694,-8.124055,-6.5898466,-2.371489,-6.9995723,-3.8701682,happy
221.91069,41.07548,189.2815,0.00552525,0.00788814,2.408308664893884,-600.48145,24.434498,-16.068258,-0.3728433,-12.014859,-12.652569,-13.9835205,-8.642667,-10.415514,-6.4817147,-3.491068,-8.127217,-4.7570357,happy
223.23328,54.3547,241.83768,0.01068436,0.013776124,2.997002997002997,-515.98785,23.741026,-20.90579,6.117326,-20.578907,-9.07874,-12.011216,-8.207965,-3.591193,-8.536891,2.247492,-7.717604,-0.8794285,happy
197.78778,66.152985,246.23383,0.010967626,0.015382056,4.243539377061681,-515.3344,23.095596,-17.1126,9.630706,-16.602121,-6.708654,-9.856129,-7.235581,-2.074243,-7.765179,4.526886,-2.1882572,-1.6883637,happy
238.50609,54.159477,241.2337,0.01134916,0.013449103,4.133766086970563,-527.3996,19.257473,-19.323967,0.5382199,-18.14619,-14.3207245,-14.507957,-12.432185,-6.0655828,-7.664324,-1.6444933,-8.852769,-2.0378766,happy
214.93552,69.427345,237.84802,0.018495105,0.022869963,2.583603804356602,-495.75723,11.87912,-22.09477,-6.1196785,-20.334364,-14.4830675,-13.45019,-10.1778965,-7.1718187,-9.943533,-4.5067983,-8.044219,-2.8848393,happy
203.81783,50.690887,223.08018,0.0018339402,0.002780393,3.411202144184205,-671.54443,42.576103,-2.0936,3.8099773,-6.6275167,-11.576194,-13.153342,-9.508355,-8.805628,-8.411629,-6.204365,-4.6985717,-3.6872714,sad
201.568,43.412327,243.16043,0.0015072431,0.0019144162,4.029592318589643,-705.0078,45.58568,2.472756,5.667331,-6.4078074,-6.038284,-12.965172,-7.007668,-5.2584205,-7.685589,-4.2081475,-4.094652,-0.983822,sad
198.21397,44.890896,199.01056,0.0026966434,0.0043334775,2.5446191906697293,-685.64124,36.114017,-7.266068,-0.8868048,-10.7559805,-6.5981708,-17.91143,-10.54861,-9.497459,-8.720535,-3.750564,-7.991528,-3.1079223,sad
208.9731,50.37992,209.42131,0.0020552843,0.0030925444,3.387898037299454,-678.249,44.94528,2.6739137,2.3980675,-7.766511,-6.603544,-12.058414,-7.3254213,-9.514661,-4.8028955,-5.3737535,-4.2692313,-3.752944,sad
227.60036,56.567654,241.91956,0.00815987,0.011557518,3.6326999758766014,-556.6567,29.701183,-22.804651,0.34741908,-20.103884,-15.22065,-19.5466,-20.03114,0.19252136,-9.240677,-7.081753,4.22669,-10.075788,sad
202.58484,69.112335,248.63748,0.0056597292,0.007556205,3.937653814602133,-564.8882,43.399483,-13.282369,2.9298043,-18.95487,-8.515828,-11.820326,-15.350005,-1.309817,-8.896291,-2.1482248,-0.017625235,-5.3466554,sad
219.78014,71.82688,244.84845,0.006413289,0.007653227,5.2328001427127315,-557.0929,44.583458,-6.7210984,1.6531631,-10.679313,-16.142725,-22.875536,-19.740643,-5.167683,-15.81422,-6.3352456,0.06850237,-9.226799,sad
225.29758,55.836792,219.50795,0.0027221052,0.003461874,2.9969762650183296,-656.8761,38.328247,-2.483148,-4.405917,-10.199001,-7.7772818,-12.084178,-13.6303625,-6.9207664,-8.330552,-5.2420564,-3.3979225,-6.115059,sad
205.38577,63.300636,238.2891,0.014781212,0.020675696,4.142174032223678,-494.1848,24.564861,-18.55389,-2.1441102,-20.52885,-5.709611,-12.355325,-11.230833,-1.8506304,-8.965132,0.833185,-5.668356,-4.1827087,angry
221.69768,70.533775,241.86234,0.016698536,0.022895902,3.211078219858512,-492.42822,21.744793,-17.515087,-1.9745373,-16.484747,-8.094306,-10.101716,-10.009421,-3.5671704,-6.27338,-0.8462008,-2.9284837,-5.184598,angry
183.84555,65.90138,236.47992,0.0125410445,0.018898448,2.7245172495998364,-513.3215,24.677711,-14.886549,1.6734217,-15.765345,-6.8137684,-13.883917,-12.112386,-3.5680745,-5.9069414,1.28957,-4.210888,-4.5849338,angry
197.2081,73.67361,245.39377,0.017638195,0.022169793,3.3300132308561405,-481.84042,27.744371,-21.25053,-2.052127,-18.690374,-13.239826,-14.489389,-15.271253,-2.595581,-6.1513467,-0.80364126,-5.6819167,-3.249017,angry
211.97823,71.96039,243.52863,0.032064967,0.044042736,4.346769235168795,-408.45306,16.834946,-16.846643,-2.998918,-25.302,-5.5216103,-11.707304,-11.492783,-4.6503873,-10.605936,2.181368,-8.772402,-3.4276175,angry
218.48894,61.73563,234.29076,0.0243945,0.033061456,3.43165992250168,-449.37433,18.521448,-20.196836,-2.0739417,-22.038633,-7.4843445,-10.935052,-12.424864,-2.0356658,-10.774783,2.2313778,-5.71453,-6.0969067,angry
176.2404,82.52761,239.77371,0.017715706,0.02285378,4.075883357808614,-487.68237,27.743204,-13.423428,-4.606196,-16.133175,-7.778649,-14.518955,-11.584447,-4.902125,-5.864392,3.039779,-5.138292,-2.7287629,angry
211.49998,71.49661,247.41747,0.019730454,0.026552849,3.721750202002889,-478.7772,15.383598,-15.120848,-5.969349,-21.781544,-4.8651056,-14.5371,-10.396808,-5.4164133,-7.8005495,2.1604607,-7.1259775,-5.5554266,angry
